[2025-06-06T09:37:45.436+0200][0.058s][info][gc] Using Concurrent Mark Sweep
[2025-06-06T09:37:45.436+0200][0.058s][info][gc,heap,coops] Heap address: 0x00000005c0000000, size: 8192 MB, Compressed Oops mode: Zero based, Oop shift amount: 3
[2025-06-06T09:37:45.482+0200][0.103s][info][safepoint    ] Entering safepoint region: EnableBiasedLocking
[2025-06-06T09:37:45.482+0200][0.103s][info][safepoint    ] Leaving safepoint region
[2025-06-06T09:37:45.482+0200][0.103s][info][safepoint    ] Total time for which application threads were stopped: 0.0001190 seconds, Stopping threads took: 0.0000786 seconds
[2025-06-06T09:37:45.484+0200][0.106s][info][safepoint    ] Application time: 0.0022645 seconds
[2025-06-06T09:37:45.484+0200][0.106s][info][safepoint    ] Entering safepoint region: RevokeBias
[2025-06-06T09:37:45.484+0200][0.106s][info][safepoint    ] Leaving safepoint region
[2025-06-06T09:37:45.484+0200][0.106s][info][safepoint    ] Total time for which application threads were stopped: 0.0000296 seconds, Stopping threads took: 0.0000138 seconds
[2025-06-06T09:37:45.571+0200][0.192s][info][safepoint    ] Application time: 0.0863713 seconds
[2025-06-06T09:37:45.571+0200][0.192s][info][safepoint    ] Entering safepoint region: Deoptimize
[2025-06-06T09:37:45.571+0200][0.192s][info][safepoint    ] Leaving safepoint region
[2025-06-06T09:37:45.571+0200][0.192s][info][safepoint    ] Total time for which application threads were stopped: 0.0000594 seconds, Stopping threads took: 0.0000070 seconds
[2025-06-06T09:37:45.632+0200][0.254s][info][safepoint    ] Application time: 0.0612928 seconds
[2025-06-06T09:37:45.632+0200][0.254s][info][safepoint    ] Entering safepoint region: Deoptimize
[2025-06-06T09:37:45.632+0200][0.254s][info][safepoint    ] Leaving safepoint region
[2025-06-06T09:37:45.632+0200][0.254s][info][safepoint    ] Total time for which application threads were stopped: 0.0000586 seconds, Stopping threads took: 0.0000072 seconds
[2025-06-06T09:37:45.632+0200][0.254s][info][safepoint    ] Application time: 0.0000914 seconds
[2025-06-06T09:37:45.632+0200][0.254s][info][safepoint    ] Entering safepoint region: Deoptimize
[2025-06-06T09:37:45.632+0200][0.254s][info][safepoint    ] Leaving safepoint region
[2025-06-06T09:37:45.632+0200][0.254s][info][safepoint    ] Total time for which application threads were stopped: 0.0000213 seconds, Stopping threads took: 0.0000061 seconds
[2025-06-06T09:37:45.742+0200][0.364s][info][safepoint    ] Application time: 0.1098453 seconds
[2025-06-06T09:37:45.756+0200][0.378s][info][safepoint    ] Entering safepoint region: ICBufferFull
[2025-06-06T09:37:45.756+0200][0.378s][info][safepoint    ] Leaving safepoint region
[2025-06-06T09:37:45.756+0200][0.378s][info][safepoint    ] Total time for which application threads were stopped: 0.0000939 seconds, Stopping threads took: 0.0000140 seconds
[2025-06-06T09:37:45.772+0200][0.394s][info][safepoint    ] Application time: 0.0158637 seconds
[2025-06-06T09:37:45.772+0200][0.394s][info][safepoint    ] Entering safepoint region: Deoptimize
[2025-06-06T09:37:45.772+0200][0.394s][info][safepoint    ] Leaving safepoint region
[2025-06-06T09:37:45.772+0200][0.394s][info][safepoint    ] Total time for which application threads were stopped: 0.0002771 seconds, Stopping threads took: 0.0000187 seconds
[2025-06-06T09:37:45.823+0200][0.445s][info][safepoint    ] Application time: 0.0509942 seconds
[2025-06-06T09:37:45.824+0200][0.445s][info][safepoint    ] Entering safepoint region: Deoptimize
[2025-06-06T09:37:45.824+0200][0.445s][info][safepoint    ] Leaving safepoint region
[2025-06-06T09:37:45.824+0200][0.445s][info][safepoint    ] Total time for which application threads were stopped: 0.0001393 seconds, Stopping threads took: 0.0000080 seconds
[2025-06-06T09:37:45.884+0200][0.505s][info][safepoint    ] Application time: 0.0599721 seconds
[2025-06-06T09:37:45.884+0200][0.505s][info][safepoint    ] Entering safepoint region: ICBufferFull
[2025-06-06T09:37:45.884+0200][0.505s][info][safepoint    ] Leaving safepoint region
[2025-06-06T09:37:45.884+0200][0.505s][info][safepoint    ] Total time for which application threads were stopped: 0.0001235 seconds, Stopping threads took: 0.0000409 seconds
[2025-06-06T09:37:45.950+0200][0.571s][info][safepoint    ] Application time: 0.0657164 seconds
[2025-06-06T09:37:45.950+0200][0.571s][info][safepoint    ] Entering safepoint region: Deoptimize
[2025-06-06T09:37:45.950+0200][0.571s][info][safepoint    ] Leaving safepoint region
[2025-06-06T09:37:45.950+0200][0.571s][info][safepoint    ] Total time for which application threads were stopped: 0.0002369 seconds, Stopping threads took: 0.0000068 seconds
[2025-06-06T09:37:46.030+0200][0.651s][info][safepoint    ] Application time: 0.0800126 seconds
[2025-06-06T09:37:46.030+0200][0.651s][info][safepoint    ] Entering safepoint region: Deoptimize
[2025-06-06T09:37:46.030+0200][0.652s][info][safepoint    ] Leaving safepoint region
[2025-06-06T09:37:46.030+0200][0.652s][info][safepoint    ] Total time for which application threads were stopped: 0.0002313 seconds, Stopping threads took: 0.0000085 seconds
[2025-06-06T09:37:46.046+0200][0.668s][info][safepoint    ] Application time: 0.0161792 seconds
[2025-06-06T09:37:46.046+0200][0.668s][info][safepoint    ] Entering safepoint region: Deoptimize
[2025-06-06T09:37:46.046+0200][0.668s][info][safepoint    ] Leaving safepoint region
[2025-06-06T09:37:46.047+0200][0.668s][info][safepoint    ] Total time for which application threads were stopped: 0.0001932 seconds, Stopping threads took: 0.0000064 seconds
[2025-06-06T09:37:46.095+0200][0.717s][info][safepoint    ] Application time: 0.0488089 seconds
[2025-06-06T09:37:46.095+0200][0.717s][info][safepoint    ] Entering safepoint region: CollectForMetadataAllocation
[2025-06-06T09:37:46.095+0200][0.717s][info][safepoint    ] Leaving safepoint region
[2025-06-06T09:37:46.095+0200][0.717s][info][safepoint    ] Total time for which application threads were stopped: 0.0000811 seconds, Stopping threads took: 0.0000073 seconds
[2025-06-06T09:37:46.104+0200][0.726s][info][safepoint    ] Application time: 0.0090361 seconds
[2025-06-06T09:37:46.104+0200][0.726s][info][safepoint    ] Entering safepoint region: CollectForMetadataAllocation
[2025-06-06T09:37:46.105+0200][0.726s][info][safepoint    ] Leaving safepoint region
[2025-06-06T09:37:46.105+0200][0.726s][info][safepoint    ] Total time for which application threads were stopped: 0.0000405 seconds, Stopping threads took: 0.0000186 seconds
[2025-06-06T09:37:46.117+0200][0.738s][info][safepoint    ] Application time: 0.0123330 seconds
[2025-06-06T09:37:46.117+0200][0.738s][info][safepoint    ] Entering safepoint region: CollectForMetadataAllocation
[2025-06-06T09:37:46.117+0200][0.738s][info][safepoint    ] Leaving safepoint region
[2025-06-06T09:37:46.117+0200][0.738s][info][safepoint    ] Total time for which application threads were stopped: 0.0000822 seconds, Stopping threads took: 0.0000182 seconds
[2025-06-06T09:37:46.122+0200][0.744s][info][safepoint    ] Application time: 0.0054423 seconds
[2025-06-06T09:37:46.123+0200][0.744s][info][safepoint    ] Entering safepoint region: CollectForMetadataAllocation
[2025-06-06T09:37:46.123+0200][0.744s][info][safepoint    ] Leaving safepoint region
[2025-06-06T09:37:46.123+0200][0.744s][info][safepoint    ] Total time for which application threads were stopped: 0.0000262 seconds, Stopping threads took: 0.0000062 seconds
[2025-06-06T09:37:46.128+0200][0.750s][info][safepoint    ] Application time: 0.0058441 seconds
[2025-06-06T09:37:46.128+0200][0.750s][info][safepoint    ] Entering safepoint region: CollectForMetadataAllocation
[2025-06-06T09:37:46.128+0200][0.750s][info][safepoint    ] Leaving safepoint region
[2025-06-06T09:37:46.128+0200][0.750s][info][safepoint    ] Total time for which application threads were stopped: 0.0000282 seconds, Stopping threads took: 0.0000055 seconds
[2025-06-06T09:37:46.140+0200][0.762s][info][safepoint    ] Application time: 0.0120715 seconds
[2025-06-06T09:37:46.141+0200][0.762s][info][safepoint    ] Entering safepoint region: CollectForMetadataAllocation
[2025-06-06T09:37:46.141+0200][0.762s][info][safepoint    ] Leaving safepoint region
[2025-06-06T09:37:46.141+0200][0.762s][info][safepoint    ] Total time for which application threads were stopped: 0.0000467 seconds, Stopping threads took: 0.0000102 seconds
[2025-06-06T09:37:46.142+0200][0.764s][info][safepoint    ] Application time: 0.0017713 seconds
[2025-06-06T09:37:46.142+0200][0.764s][info][safepoint    ] Entering safepoint region: Deoptimize
[2025-06-06T09:37:46.143+0200][0.764s][info][safepoint    ] Leaving safepoint region
[2025-06-06T09:37:46.143+0200][0.764s][info][safepoint    ] Total time for which application threads were stopped: 0.0001865 seconds, Stopping threads took: 0.0000049 seconds
[2025-06-06T09:37:46.153+0200][0.774s][info][safepoint    ] Application time: 0.0102807 seconds
[2025-06-06T09:37:46.153+0200][0.774s][info][safepoint    ] Entering safepoint region: CollectForMetadataAllocation
[2025-06-06T09:37:46.153+0200][0.774s][info][safepoint    ] Leaving safepoint region
[2025-06-06T09:37:46.153+0200][0.774s][info][safepoint    ] Total time for which application threads were stopped: 0.0000300 seconds, Stopping threads took: 0.0000055 seconds
[2025-06-06T09:37:46.160+0200][0.781s][info][safepoint    ] Application time: 0.0068068 seconds
[2025-06-06T09:37:46.160+0200][0.781s][info][safepoint    ] Entering safepoint region: Deoptimize
[2025-06-06T09:37:46.160+0200][0.781s][info][safepoint    ] Leaving safepoint region
[2025-06-06T09:37:46.160+0200][0.781s][info][safepoint    ] Total time for which application threads were stopped: 0.0001857 seconds, Stopping threads took: 0.0000057 seconds
[2025-06-06T09:37:46.167+0200][0.789s][info][safepoint    ] Application time: 0.0073288 seconds
[2025-06-06T09:37:46.167+0200][0.789s][info][safepoint    ] Entering safepoint region: CollectForMetadataAllocation
[2025-06-06T09:37:46.167+0200][0.789s][info][safepoint    ] Leaving safepoint region
[2025-06-06T09:37:46.167+0200][0.789s][info][safepoint    ] Total time for which application threads were stopped: 0.0000325 seconds, Stopping threads took: 0.0000054 seconds
[2025-06-06T09:37:46.172+0200][0.793s][info][safepoint    ] Application time: 0.0044202 seconds
[2025-06-06T09:37:46.172+0200][0.793s][info][safepoint    ] Entering safepoint region: CollectForMetadataAllocation
[2025-06-06T09:37:46.172+0200][0.793s][info][safepoint    ] Leaving safepoint region
[2025-06-06T09:37:46.172+0200][0.793s][info][safepoint    ] Total time for which application threads were stopped: 0.0000250 seconds, Stopping threads took: 0.0000056 seconds
[2025-06-06T09:37:46.181+0200][0.803s][info][safepoint    ] Application time: 0.0095250 seconds
[2025-06-06T09:37:46.181+0200][0.803s][info][safepoint    ] Entering safepoint region: CollectForMetadataAllocation
[2025-06-06T09:37:46.181+0200][0.803s][info][safepoint    ] Leaving safepoint region
[2025-06-06T09:37:46.181+0200][0.803s][info][safepoint    ] Total time for which application threads were stopped: 0.0000280 seconds, Stopping threads took: 0.0000052 seconds
[2025-06-06T09:37:46.182+0200][0.804s][info][safepoint    ] Application time: 0.0011451 seconds
[2025-06-06T09:37:46.182+0200][0.804s][info][safepoint    ] Entering safepoint region: Deoptimize
[2025-06-06T09:37:46.183+0200][0.804s][info][safepoint    ] Leaving safepoint region
[2025-06-06T09:37:46.183+0200][0.804s][info][safepoint    ] Total time for which application threads were stopped: 0.0001635 seconds, Stopping threads took: 0.0000052 seconds
[2025-06-06T09:37:46.188+0200][0.809s][info][safepoint    ] Application time: 0.0051331 seconds
[2025-06-06T09:37:46.188+0200][0.809s][info][safepoint    ] Entering safepoint region: RevokeBias
[2025-06-06T09:37:46.188+0200][0.809s][info][safepoint    ] Leaving safepoint region
[2025-06-06T09:37:46.188+0200][0.809s][info][safepoint    ] Total time for which application threads were stopped: 0.0000422 seconds, Stopping threads took: 0.0000157 seconds
[2025-06-06T09:37:46.188+0200][0.810s][info][safepoint    ] Application time: 0.0002340 seconds
[2025-06-06T09:37:46.188+0200][0.810s][info][safepoint    ] Entering safepoint region: RevokeBias
[2025-06-06T09:37:46.188+0200][0.810s][info][safepoint    ] Leaving safepoint region
[2025-06-06T09:37:46.188+0200][0.810s][info][safepoint    ] Total time for which application threads were stopped: 0.0001100 seconds, Stopping threads took: 0.0000935 seconds
[2025-06-06T09:37:46.188+0200][0.810s][info][safepoint    ] Application time: 0.0001470 seconds
[2025-06-06T09:37:46.188+0200][0.810s][info][safepoint    ] Entering safepoint region: RevokeBias
[2025-06-06T09:37:46.188+0200][0.810s][info][safepoint    ] Leaving safepoint region
[2025-06-06T09:37:46.188+0200][0.810s][info][safepoint    ] Total time for which application threads were stopped: 0.0000601 seconds, Stopping threads took: 0.0000422 seconds
[2025-06-06T09:37:46.190+0200][0.811s][info][safepoint    ] Application time: 0.0015183 seconds
[2025-06-06T09:37:46.190+0200][0.811s][info][safepoint    ] Entering safepoint region: CollectForMetadataAllocation
[2025-06-06T09:37:46.190+0200][0.811s][info][safepoint    ] Leaving safepoint region
[2025-06-06T09:37:46.190+0200][0.811s][info][safepoint    ] Total time for which application threads were stopped: 0.0000272 seconds, Stopping threads took: 0.0000060 seconds
[2025-06-06T09:37:46.198+0200][0.820s][info][safepoint    ] Application time: 0.0081890 seconds
[2025-06-06T09:37:46.198+0200][0.820s][info][safepoint    ] Entering safepoint region: CollectForMetadataAllocation
[2025-06-06T09:37:46.198+0200][0.820s][info][safepoint    ] Leaving safepoint region
[2025-06-06T09:37:46.198+0200][0.820s][info][safepoint    ] Total time for which application threads were stopped: 0.0000237 seconds, Stopping threads took: 0.0000050 seconds
[2025-06-06T09:37:46.208+0200][0.829s][info][safepoint    ] Application time: 0.0096240 seconds
[2025-06-06T09:37:46.208+0200][0.829s][info][safepoint    ] Entering safepoint region: CollectForMetadataAllocation
[2025-06-06T09:37:46.208+0200][0.829s][info][safepoint    ] Leaving safepoint region
[2025-06-06T09:37:46.208+0200][0.829s][info][safepoint    ] Total time for which application threads were stopped: 0.0000313 seconds, Stopping threads took: 0.0000066 seconds
[2025-06-06T09:37:46.216+0200][0.837s][info][safepoint    ] Application time: 0.0076851 seconds
[2025-06-06T09:37:46.216+0200][0.837s][info][safepoint    ] Entering safepoint region: CollectForMetadataAllocation
[2025-06-06T09:37:46.216+0200][0.837s][info][safepoint    ] Leaving safepoint region
[2025-06-06T09:37:46.216+0200][0.837s][info][safepoint    ] Total time for which application threads were stopped: 0.0000355 seconds, Stopping threads took: 0.0000073 seconds
[2025-06-06T09:37:46.221+0200][0.842s][info][safepoint    ] Application time: 0.0048914 seconds
[2025-06-06T09:37:46.221+0200][0.842s][info][safepoint    ] Entering safepoint region: RevokeBias
[2025-06-06T09:37:46.221+0200][0.842s][info][safepoint    ] Leaving safepoint region
[2025-06-06T09:37:46.221+0200][0.842s][info][safepoint    ] Total time for which application threads were stopped: 0.0000516 seconds, Stopping threads took: 0.0000285 seconds
[2025-06-06T09:37:46.221+0200][0.842s][info][safepoint    ] Application time: 0.0000165 seconds
[2025-06-06T09:37:46.221+0200][0.842s][info][safepoint    ] Entering safepoint region: RevokeBias
[2025-06-06T09:37:46.221+0200][0.842s][info][safepoint    ] Leaving safepoint region
[2025-06-06T09:37:46.221+0200][0.842s][info][safepoint    ] Total time for which application threads were stopped: 0.0000330 seconds, Stopping threads took: 0.0000165 seconds
[2025-06-06T09:37:46.221+0200][0.842s][info][safepoint    ] Application time: 0.0000147 seconds
[2025-06-06T09:37:46.221+0200][0.842s][info][safepoint    ] Entering safepoint region: RevokeBias
[2025-06-06T09:37:46.221+0200][0.842s][info][safepoint    ] Leaving safepoint region
[2025-06-06T09:37:46.221+0200][0.842s][info][safepoint    ] Total time for which application threads were stopped: 0.0000405 seconds, Stopping threads took: 0.0000236 seconds
[2025-06-06T09:37:46.221+0200][0.842s][info][safepoint    ] Application time: 0.0000168 seconds
[2025-06-06T09:37:46.221+0200][0.842s][info][safepoint    ] Entering safepoint region: RevokeBias
[2025-06-06T09:37:46.221+0200][0.842s][info][safepoint    ] Leaving safepoint region
[2025-06-06T09:37:46.221+0200][0.842s][info][safepoint    ] Total time for which application threads were stopped: 0.0000212 seconds, Stopping threads took: 0.0000085 seconds
[2025-06-06T09:37:46.221+0200][0.842s][info][safepoint    ] Application time: 0.0000146 seconds
[2025-06-06T09:37:46.221+0200][0.842s][info][safepoint    ] Entering safepoint region: RevokeBias
[2025-06-06T09:37:46.221+0200][0.842s][info][safepoint    ] Leaving safepoint region
[2025-06-06T09:37:46.221+0200][0.842s][info][safepoint    ] Total time for which application threads were stopped: 0.0000222 seconds, Stopping threads took: 0.0000093 seconds
[2025-06-06T09:37:46.221+0200][0.842s][info][safepoint    ] Application time: 0.0000135 seconds
[2025-06-06T09:37:46.221+0200][0.842s][info][safepoint    ] Entering safepoint region: RevokeBias
[2025-06-06T09:37:46.221+0200][0.842s][info][safepoint    ] Leaving safepoint region
[2025-06-06T09:37:46.221+0200][0.842s][info][safepoint    ] Total time for which application threads were stopped: 0.0000485 seconds, Stopping threads took: 0.0000320 seconds
[2025-06-06T09:37:46.221+0200][0.842s][info][safepoint    ] Application time: 0.0000148 seconds
[2025-06-06T09:37:46.221+0200][0.842s][info][safepoint    ] Entering safepoint region: RevokeBias
[2025-06-06T09:37:46.221+0200][0.842s][info][safepoint    ] Leaving safepoint region
[2025-06-06T09:37:46.221+0200][0.842s][info][safepoint    ] Total time for which application threads were stopped: 0.0000226 seconds, Stopping threads took: 0.0000059 seconds
[2025-06-06T09:37:46.221+0200][0.842s][info][safepoint    ] Application time: 0.0000102 seconds
[2025-06-06T09:37:46.221+0200][0.842s][info][safepoint    ] Entering safepoint region: RevokeBias
[2025-06-06T09:37:46.221+0200][0.842s][info][safepoint    ] Leaving safepoint region
[2025-06-06T09:37:46.221+0200][0.842s][info][safepoint    ] Total time for which application threads were stopped: 0.0000194 seconds, Stopping threads took: 0.0000042 seconds
[2025-06-06T09:37:46.221+0200][0.842s][info][safepoint    ] Application time: 0.0000082 seconds
[2025-06-06T09:37:46.221+0200][0.842s][info][safepoint    ] Entering safepoint region: RevokeBias
[2025-06-06T09:37:46.221+0200][0.842s][info][safepoint    ] Leaving safepoint region
[2025-06-06T09:37:46.221+0200][0.842s][info][safepoint    ] Total time for which application threads were stopped: 0.0000187 seconds, Stopping threads took: 0.0000041 seconds
[2025-06-06T09:37:46.221+0200][0.842s][info][safepoint    ] Application time: 0.0000138 seconds
[2025-06-06T09:37:46.221+0200][0.842s][info][safepoint    ] Entering safepoint region: RevokeBias
[2025-06-06T09:37:46.221+0200][0.843s][info][safepoint    ] Leaving safepoint region
[2025-06-06T09:37:46.221+0200][0.843s][info][safepoint    ] Total time for which application threads were stopped: 0.0000285 seconds, Stopping threads took: 0.0000060 seconds
[2025-06-06T09:37:46.221+0200][0.843s][info][safepoint    ] Application time: 0.0000119 seconds
[2025-06-06T09:37:46.221+0200][0.843s][info][safepoint    ] Entering safepoint region: RevokeBias
[2025-06-06T09:37:46.221+0200][0.843s][info][safepoint    ] Leaving safepoint region
[2025-06-06T09:37:46.221+0200][0.843s][info][safepoint    ] Total time for which application threads were stopped: 0.0000201 seconds, Stopping threads took: 0.0000045 seconds
[2025-06-06T09:37:46.221+0200][0.843s][info][safepoint    ] Application time: 0.0000085 seconds
[2025-06-06T09:37:46.221+0200][0.843s][info][safepoint    ] Entering safepoint region: RevokeBias
[2025-06-06T09:37:46.221+0200][0.843s][info][safepoint    ] Leaving safepoint region
[2025-06-06T09:37:46.221+0200][0.843s][info][safepoint    ] Total time for which application threads were stopped: 0.0000187 seconds, Stopping threads took: 0.0000041 seconds
[2025-06-06T09:37:46.221+0200][0.843s][info][safepoint    ] Application time: 0.0000120 seconds
[2025-06-06T09:37:46.221+0200][0.843s][info][safepoint    ] Entering safepoint region: RevokeBias
[2025-06-06T09:37:46.221+0200][0.843s][info][safepoint    ] Leaving safepoint region
[2025-06-06T09:37:46.221+0200][0.843s][info][safepoint    ] Total time for which application threads were stopped: 0.0000212 seconds, Stopping threads took: 0.0000048 seconds
[2025-06-06T09:37:46.221+0200][0.843s][info][safepoint    ] Application time: 0.0000088 seconds
[2025-06-06T09:37:46.221+0200][0.843s][info][safepoint    ] Entering safepoint region: RevokeBias
[2025-06-06T09:37:46.221+0200][0.843s][info][safepoint    ] Leaving safepoint region
[2025-06-06T09:37:46.221+0200][0.843s][info][safepoint    ] Total time for which application threads were stopped: 0.0000216 seconds, Stopping threads took: 0.0000052 seconds
[2025-06-06T09:37:46.221+0200][0.843s][info][safepoint    ] Application time: 0.0000080 seconds
[2025-06-06T09:37:46.221+0200][0.843s][info][safepoint    ] Entering safepoint region: RevokeBias
[2025-06-06T09:37:46.221+0200][0.843s][info][safepoint    ] Leaving safepoint region
[2025-06-06T09:37:46.221+0200][0.843s][info][safepoint    ] Total time for which application threads were stopped: 0.0000191 seconds, Stopping threads took: 0.0000043 seconds
[2025-06-06T09:37:46.221+0200][0.843s][info][safepoint    ] Application time: 0.0000159 seconds
[2025-06-06T09:37:46.221+0200][0.843s][info][safepoint    ] Entering safepoint region: RevokeBias
[2025-06-06T09:37:46.221+0200][0.843s][info][safepoint    ] Leaving safepoint region
[2025-06-06T09:37:46.221+0200][0.843s][info][safepoint    ] Total time for which application threads were stopped: 0.0000221 seconds, Stopping threads took: 0.0000047 seconds
[2025-06-06T09:37:46.221+0200][0.843s][info][safepoint    ] Application time: 0.0000104 seconds
[2025-06-06T09:37:46.221+0200][0.843s][info][safepoint    ] Entering safepoint region: RevokeBias
[2025-06-06T09:37:46.221+0200][0.843s][info][safepoint    ] Leaving safepoint region
[2025-06-06T09:37:46.221+0200][0.843s][info][safepoint    ] Total time for which application threads were stopped: 0.0000204 seconds, Stopping threads took: 0.0000042 seconds
[2025-06-06T09:37:46.221+0200][0.843s][info][safepoint    ] Application time: 0.0000086 seconds
[2025-06-06T09:37:46.221+0200][0.843s][info][safepoint    ] Entering safepoint region: RevokeBias
[2025-06-06T09:37:46.221+0200][0.843s][info][safepoint    ] Leaving safepoint region
[2025-06-06T09:37:46.221+0200][0.843s][info][safepoint    ] Total time for which application threads were stopped: 0.0000191 seconds, Stopping threads took: 0.0000042 seconds
[2025-06-06T09:37:46.221+0200][0.843s][info][safepoint    ] Application time: 0.0000085 seconds
[2025-06-06T09:37:46.221+0200][0.843s][info][safepoint    ] Entering safepoint region: RevokeBias
[2025-06-06T09:37:46.221+0200][0.843s][info][safepoint    ] Leaving safepoint region
[2025-06-06T09:37:46.221+0200][0.843s][info][safepoint    ] Total time for which application threads were stopped: 0.0000187 seconds, Stopping threads took: 0.0000041 seconds
[2025-06-06T09:37:46.221+0200][0.843s][info][safepoint    ] Application time: 0.0000104 seconds
[2025-06-06T09:37:46.221+0200][0.843s][info][safepoint    ] Entering safepoint region: BulkRevokeBias
[2025-06-06T09:37:46.222+0200][0.843s][info][safepoint    ] Leaving safepoint region
[2025-06-06T09:37:46.222+0200][0.843s][info][safepoint    ] Total time for which application threads were stopped: 0.0000370 seconds, Stopping threads took: 0.0000045 seconds
[2025-06-06T09:37:46.222+0200][0.843s][info][safepoint    ] Application time: 0.0000222 seconds
[2025-06-06T09:37:46.222+0200][0.843s][info][safepoint    ] Entering safepoint region: RevokeBias
[2025-06-06T09:37:46.222+0200][0.843s][info][safepoint    ] Leaving safepoint region
[2025-06-06T09:37:46.222+0200][0.843s][info][safepoint    ] Total time for which application threads were stopped: 0.0000174 seconds, Stopping threads took: 0.0000033 seconds
[2025-06-06T09:37:46.222+0200][0.843s][info][safepoint    ] Application time: 0.0000086 seconds
[2025-06-06T09:37:46.222+0200][0.843s][info][safepoint    ] Entering safepoint region: RevokeBias
[2025-06-06T09:37:46.222+0200][0.843s][info][safepoint    ] Leaving safepoint region
[2025-06-06T09:37:46.222+0200][0.843s][info][safepoint    ] Total time for which application threads were stopped: 0.0000317 seconds, Stopping threads took: 0.0000153 seconds
[2025-06-06T09:37:46.222+0200][0.843s][info][safepoint    ] Application time: 0.0000086 seconds
[2025-06-06T09:37:46.222+0200][0.843s][info][safepoint    ] Entering safepoint region: RevokeBias
[2025-06-06T09:37:46.222+0200][0.843s][info][safepoint    ] Leaving safepoint region
[2025-06-06T09:37:46.222+0200][0.843s][info][safepoint    ] Total time for which application threads were stopped: 0.0000235 seconds, Stopping threads took: 0.0000053 seconds
[2025-06-06T09:37:46.222+0200][0.843s][info][safepoint    ] Application time: 0.0000095 seconds
[2025-06-06T09:37:46.222+0200][0.843s][info][safepoint    ] Entering safepoint region: RevokeBias
[2025-06-06T09:37:46.222+0200][0.843s][info][safepoint    ] Leaving safepoint region
[2025-06-06T09:37:46.222+0200][0.843s][info][safepoint    ] Total time for which application threads were stopped: 0.0000237 seconds, Stopping threads took: 0.0000058 seconds
[2025-06-06T09:37:46.222+0200][0.843s][info][safepoint    ] Application time: 0.0000362 seconds
[2025-06-06T09:37:46.222+0200][0.843s][info][safepoint    ] Entering safepoint region: RevokeBias
[2025-06-06T09:37:46.222+0200][0.843s][info][safepoint    ] Leaving safepoint region
[2025-06-06T09:37:46.222+0200][0.843s][info][safepoint    ] Total time for which application threads were stopped: 0.0000240 seconds, Stopping threads took: 0.0000043 seconds
[2025-06-06T09:37:46.222+0200][0.843s][info][safepoint    ] Application time: 0.0000616 seconds
[2025-06-06T09:37:46.222+0200][0.843s][info][safepoint    ] Entering safepoint region: RevokeBias
[2025-06-06T09:37:46.222+0200][0.843s][info][safepoint    ] Leaving safepoint region
[2025-06-06T09:37:46.222+0200][0.843s][info][safepoint    ] Total time for which application threads were stopped: 0.0000269 seconds, Stopping threads took: 0.0000042 seconds
[2025-06-06T09:37:46.222+0200][0.843s][info][safepoint    ] Application time: 0.0000165 seconds
[2025-06-06T09:37:46.222+0200][0.843s][info][safepoint    ] Entering safepoint region: RevokeBias
[2025-06-06T09:37:46.222+0200][0.843s][info][safepoint    ] Leaving safepoint region
[2025-06-06T09:37:46.222+0200][0.843s][info][safepoint    ] Total time for which application threads were stopped: 0.0000284 seconds, Stopping threads took: 0.0000119 seconds
[2025-06-06T09:37:46.222+0200][0.844s][info][safepoint    ] Application time: 0.0002126 seconds
[2025-06-06T09:37:46.222+0200][0.844s][info][safepoint    ] Entering safepoint region: RevokeBias
[2025-06-06T09:37:46.222+0200][0.844s][info][safepoint    ] Leaving safepoint region
[2025-06-06T09:37:46.222+0200][0.844s][info][safepoint    ] Total time for which application threads were stopped: 0.0000187 seconds, Stopping threads took: 0.0000041 seconds
[2025-06-06T09:37:46.222+0200][0.844s][info][safepoint    ] Application time: 0.0001133 seconds
[2025-06-06T09:37:46.222+0200][0.844s][info][safepoint    ] Entering safepoint region: RevokeBias
[2025-06-06T09:37:46.222+0200][0.844s][info][safepoint    ] Leaving safepoint region
[2025-06-06T09:37:46.222+0200][0.844s][info][safepoint    ] Total time for which application threads were stopped: 0.0000596 seconds, Stopping threads took: 0.0000440 seconds
[2025-06-06T09:37:46.222+0200][0.844s][info][safepoint    ] Application time: 0.0000683 seconds
[2025-06-06T09:37:46.222+0200][0.844s][info][safepoint    ] Entering safepoint region: RevokeBias
[2025-06-06T09:37:46.222+0200][0.844s][info][safepoint    ] Leaving safepoint region
[2025-06-06T09:37:46.222+0200][0.844s][info][safepoint    ] Total time for which application threads were stopped: 0.0000409 seconds, Stopping threads took: 0.0000249 seconds
[2025-06-06T09:37:46.223+0200][0.844s][info][safepoint    ] Application time: 0.0000645 seconds
[2025-06-06T09:37:46.223+0200][0.844s][info][safepoint    ] Entering safepoint region: RevokeBias
[2025-06-06T09:37:46.223+0200][0.844s][info][safepoint    ] Leaving safepoint region
[2025-06-06T09:37:46.223+0200][0.844s][info][safepoint    ] Total time for which application threads were stopped: 0.0000371 seconds, Stopping threads took: 0.0000206 seconds
[2025-06-06T09:37:46.223+0200][0.844s][info][safepoint    ] Application time: 0.0004417 seconds
[2025-06-06T09:37:46.223+0200][0.845s][info][safepoint    ] Entering safepoint region: RevokeBias
[2025-06-06T09:37:46.223+0200][0.845s][info][safepoint    ] Leaving safepoint region
[2025-06-06T09:37:46.223+0200][0.845s][info][safepoint    ] Total time for which application threads were stopped: 0.0000441 seconds, Stopping threads took: 0.0000265 seconds
[2025-06-06T09:37:46.223+0200][0.845s][info][safepoint    ] Application time: 0.0000362 seconds
[2025-06-06T09:37:46.223+0200][0.845s][info][safepoint    ] Entering safepoint region: RevokeBias
[2025-06-06T09:37:46.223+0200][0.845s][info][safepoint    ] Leaving safepoint region
[2025-06-06T09:37:46.223+0200][0.845s][info][safepoint    ] Total time for which application threads were stopped: 0.0000490 seconds, Stopping threads took: 0.0000246 seconds
[2025-06-06T09:37:46.223+0200][0.845s][info][safepoint    ] Application time: 0.0001430 seconds
[2025-06-06T09:37:46.223+0200][0.845s][info][safepoint    ] Entering safepoint region: RevokeBias
[2025-06-06T09:37:46.223+0200][0.845s][info][safepoint    ] Leaving safepoint region
[2025-06-06T09:37:46.223+0200][0.845s][info][safepoint    ] Total time for which application threads were stopped: 0.0000293 seconds, Stopping threads took: 0.0000135 seconds
[2025-06-06T09:37:46.223+0200][0.845s][info][safepoint    ] Application time: 0.0000132 seconds
[2025-06-06T09:37:46.223+0200][0.845s][info][safepoint    ] Entering safepoint region: RevokeBias
[2025-06-06T09:37:46.223+0200][0.845s][info][safepoint    ] Leaving safepoint region
[2025-06-06T09:37:46.223+0200][0.845s][info][safepoint    ] Total time for which application threads were stopped: 0.0000174 seconds, Stopping threads took: 0.0000047 seconds
[2025-06-06T09:37:46.223+0200][0.845s][info][safepoint    ] Application time: 0.0000154 seconds
[2025-06-06T09:37:46.223+0200][0.845s][info][safepoint    ] Entering safepoint region: RevokeBias
[2025-06-06T09:37:46.223+0200][0.845s][info][safepoint    ] Leaving safepoint region
[2025-06-06T09:37:46.223+0200][0.845s][info][safepoint    ] Total time for which application threads were stopped: 0.0000199 seconds, Stopping threads took: 0.0000100 seconds
[2025-06-06T09:37:46.224+0200][0.845s][info][safepoint    ] Application time: 0.0001618 seconds
[2025-06-06T09:37:46.224+0200][0.845s][info][safepoint    ] Entering safepoint region: RevokeBias
[2025-06-06T09:37:46.224+0200][0.845s][info][safepoint    ] Leaving safepoint region
[2025-06-06T09:37:46.224+0200][0.845s][info][safepoint    ] Total time for which application threads were stopped: 0.0000368 seconds, Stopping threads took: 0.0000191 seconds
[2025-06-06T09:37:46.224+0200][0.845s][info][safepoint    ] Application time: 0.0001173 seconds
[2025-06-06T09:37:46.224+0200][0.845s][info][safepoint    ] Entering safepoint region: RevokeBias
[2025-06-06T09:37:46.224+0200][0.845s][info][safepoint    ] Leaving safepoint region
[2025-06-06T09:37:46.224+0200][0.845s][info][safepoint    ] Total time for which application threads were stopped: 0.0000432 seconds, Stopping threads took: 0.0000213 seconds
[2025-06-06T09:37:46.224+0200][0.845s][info][safepoint    ] Application time: 0.0000205 seconds
[2025-06-06T09:37:46.224+0200][0.845s][info][safepoint    ] Entering safepoint region: RevokeBias
[2025-06-06T09:37:46.224+0200][0.845s][info][safepoint    ] Leaving safepoint region
[2025-06-06T09:37:46.224+0200][0.845s][info][safepoint    ] Total time for which application threads were stopped: 0.0000295 seconds, Stopping threads took: 0.0000102 seconds
[2025-06-06T09:37:46.224+0200][0.846s][info][safepoint    ] Application time: 0.0002692 seconds
[2025-06-06T09:37:46.224+0200][0.846s][info][safepoint    ] Entering safepoint region: RevokeBias
[2025-06-06T09:37:46.224+0200][0.846s][info][safepoint    ] Leaving safepoint region
[2025-06-06T09:37:46.224+0200][0.846s][info][safepoint    ] Total time for which application threads were stopped: 0.0000569 seconds, Stopping threads took: 0.0000412 seconds
[2025-06-06T09:37:46.224+0200][0.846s][info][safepoint    ] Application time: 0.0001392 seconds
[2025-06-06T09:37:46.224+0200][0.846s][info][safepoint    ] Entering safepoint region: RevokeBias
[2025-06-06T09:37:46.224+0200][0.846s][info][safepoint    ] Leaving safepoint region
[2025-06-06T09:37:46.224+0200][0.846s][info][safepoint    ] Total time for which application threads were stopped: 0.0000172 seconds, Stopping threads took: 0.0000046 seconds
[2025-06-06T09:37:46.224+0200][0.846s][info][safepoint    ] Application time: 0.0000081 seconds
[2025-06-06T09:37:46.224+0200][0.846s][info][safepoint    ] Entering safepoint region: RevokeBias
[2025-06-06T09:37:46.224+0200][0.846s][info][safepoint    ] Leaving safepoint region
[2025-06-06T09:37:46.224+0200][0.846s][info][safepoint    ] Total time for which application threads were stopped: 0.0000145 seconds, Stopping threads took: 0.0000043 seconds
[2025-06-06T09:37:46.224+0200][0.846s][info][safepoint    ] Application time: 0.0000135 seconds
[2025-06-06T09:37:46.224+0200][0.846s][info][safepoint    ] Entering safepoint region: RevokeBias
[2025-06-06T09:37:46.224+0200][0.846s][info][safepoint    ] Leaving safepoint region
[2025-06-06T09:37:46.224+0200][0.846s][info][safepoint    ] Total time for which application threads were stopped: 0.0000182 seconds, Stopping threads took: 0.0000051 seconds
[2025-06-06T09:37:46.224+0200][0.846s][info][safepoint    ] Application time: 0.0000108 seconds
[2025-06-06T09:37:46.225+0200][0.846s][info][safepoint    ] Entering safepoint region: RevokeBias
[2025-06-06T09:37:46.225+0200][0.846s][info][safepoint    ] Leaving safepoint region
[2025-06-06T09:37:46.225+0200][0.846s][info][safepoint    ] Total time for which application threads were stopped: 0.0000155 seconds, Stopping threads took: 0.0000040 seconds
[2025-06-06T09:37:46.225+0200][0.846s][info][safepoint    ] Application time: 0.0000168 seconds
[2025-06-06T09:37:46.225+0200][0.846s][info][safepoint    ] Entering safepoint region: RevokeBias
[2025-06-06T09:37:46.225+0200][0.846s][info][safepoint    ] Leaving safepoint region
[2025-06-06T09:37:46.225+0200][0.846s][info][safepoint    ] Total time for which application threads were stopped: 0.0000148 seconds, Stopping threads took: 0.0000047 seconds
[2025-06-06T09:37:46.225+0200][0.846s][info][safepoint    ] Application time: 0.0000292 seconds
[2025-06-06T09:37:46.225+0200][0.846s][info][safepoint    ] Entering safepoint region: RevokeBias
[2025-06-06T09:37:46.225+0200][0.846s][info][safepoint    ] Leaving safepoint region
[2025-06-06T09:37:46.225+0200][0.846s][info][safepoint    ] Total time for which application threads were stopped: 0.0000150 seconds, Stopping threads took: 0.0000050 seconds
[2025-06-06T09:37:46.225+0200][0.846s][info][safepoint    ] Application time: 0.0000138 seconds
[2025-06-06T09:37:46.225+0200][0.846s][info][safepoint    ] Entering safepoint region: RevokeBias
[2025-06-06T09:37:46.225+0200][0.846s][info][safepoint    ] Leaving safepoint region
[2025-06-06T09:37:46.225+0200][0.846s][info][safepoint    ] Total time for which application threads were stopped: 0.0000693 seconds, Stopping threads took: 0.0000565 seconds
[2025-06-06T09:37:46.225+0200][0.846s][info][safepoint    ] Application time: 0.0000134 seconds
[2025-06-06T09:37:46.225+0200][0.846s][info][safepoint    ] Entering safepoint region: RevokeBias
[2025-06-06T09:37:46.225+0200][0.846s][info][safepoint    ] Leaving safepoint region
[2025-06-06T09:37:46.225+0200][0.846s][info][safepoint    ] Total time for which application threads were stopped: 0.0000198 seconds, Stopping threads took: 0.0000047 seconds
[2025-06-06T09:37:46.225+0200][0.846s][info][safepoint    ] Application time: 0.0000235 seconds
[2025-06-06T09:37:46.225+0200][0.846s][info][safepoint    ] Entering safepoint region: RevokeBias
[2025-06-06T09:37:46.225+0200][0.846s][info][safepoint    ] Leaving safepoint region
[2025-06-06T09:37:46.225+0200][0.846s][info][safepoint    ] Total time for which application threads were stopped: 0.0000205 seconds, Stopping threads took: 0.0000094 seconds
[2025-06-06T09:37:46.225+0200][0.846s][info][safepoint    ] Application time: 0.0000136 seconds
[2025-06-06T09:37:46.225+0200][0.846s][info][safepoint    ] Entering safepoint region: RevokeBias
[2025-06-06T09:37:46.225+0200][0.846s][info][safepoint    ] Leaving safepoint region
[2025-06-06T09:37:46.225+0200][0.846s][info][safepoint    ] Total time for which application threads were stopped: 0.0000193 seconds, Stopping threads took: 0.0000052 seconds
[2025-06-06T09:37:46.225+0200][0.846s][info][safepoint    ] Application time: 0.0000112 seconds
[2025-06-06T09:37:46.225+0200][0.846s][info][safepoint    ] Entering safepoint region: RevokeBias
[2025-06-06T09:37:46.225+0200][0.846s][info][safepoint    ] Leaving safepoint region
[2025-06-06T09:37:46.225+0200][0.846s][info][safepoint    ] Total time for which application threads were stopped: 0.0000147 seconds, Stopping threads took: 0.0000047 seconds
[2025-06-06T09:37:46.225+0200][0.846s][info][safepoint    ] Application time: 0.0000140 seconds
[2025-06-06T09:37:46.225+0200][0.846s][info][safepoint    ] Entering safepoint region: RevokeBias
[2025-06-06T09:37:46.225+0200][0.846s][info][safepoint    ] Leaving safepoint region
[2025-06-06T09:37:46.225+0200][0.846s][info][safepoint    ] Total time for which application threads were stopped: 0.0000151 seconds, Stopping threads took: 0.0000047 seconds
[2025-06-06T09:37:46.225+0200][0.846s][info][safepoint    ] Application time: 0.0000127 seconds
[2025-06-06T09:37:46.225+0200][0.846s][info][safepoint    ] Entering safepoint region: RevokeBias
[2025-06-06T09:37:46.225+0200][0.846s][info][safepoint    ] Leaving safepoint region
[2025-06-06T09:37:46.225+0200][0.846s][info][safepoint    ] Total time for which application threads were stopped: 0.0000152 seconds, Stopping threads took: 0.0000045 seconds
[2025-06-06T09:37:46.225+0200][0.846s][info][safepoint    ] Application time: 0.0000136 seconds
[2025-06-06T09:37:46.225+0200][0.846s][info][safepoint    ] Entering safepoint region: RevokeBias
[2025-06-06T09:37:46.225+0200][0.846s][info][safepoint    ] Leaving safepoint region
[2025-06-06T09:37:46.225+0200][0.846s][info][safepoint    ] Total time for which application threads were stopped: 0.0000179 seconds, Stopping threads took: 0.0000053 seconds
[2025-06-06T09:37:46.225+0200][0.846s][info][safepoint    ] Application time: 0.0000245 seconds
[2025-06-06T09:37:46.225+0200][0.846s][info][safepoint    ] Entering safepoint region: RevokeBias
[2025-06-06T09:37:46.225+0200][0.846s][info][safepoint    ] Leaving safepoint region
[2025-06-06T09:37:46.225+0200][0.846s][info][safepoint    ] Total time for which application threads were stopped: 0.0000260 seconds, Stopping threads took: 0.0000127 seconds
[2025-06-06T09:37:46.225+0200][0.847s][info][safepoint    ] Application time: 0.0000133 seconds
[2025-06-06T09:37:46.225+0200][0.847s][info][safepoint    ] Entering safepoint region: RevokeBias
[2025-06-06T09:37:46.225+0200][0.847s][info][safepoint    ] Leaving safepoint region
[2025-06-06T09:37:46.225+0200][0.847s][info][safepoint    ] Total time for which application threads were stopped: 0.0000583 seconds, Stopping threads took: 0.0000460 seconds
[2025-06-06T09:37:46.225+0200][0.847s][info][safepoint    ] Application time: 0.0000137 seconds
[2025-06-06T09:37:46.225+0200][0.847s][info][safepoint    ] Entering safepoint region: RevokeBias
[2025-06-06T09:37:46.225+0200][0.847s][info][safepoint    ] Leaving safepoint region
[2025-06-06T09:37:46.225+0200][0.847s][info][safepoint    ] Total time for which application threads were stopped: 0.0000178 seconds, Stopping threads took: 0.0000048 seconds
[2025-06-06T09:37:46.225+0200][0.847s][info][safepoint    ] Application time: 0.0000105 seconds
[2025-06-06T09:37:46.225+0200][0.847s][info][safepoint    ] Entering safepoint region: RevokeBias
[2025-06-06T09:37:46.225+0200][0.847s][info][safepoint    ] Leaving safepoint region
[2025-06-06T09:37:46.225+0200][0.847s][info][safepoint    ] Total time for which application threads were stopped: 0.0000184 seconds, Stopping threads took: 0.0000078 seconds
[2025-06-06T09:37:46.225+0200][0.847s][info][safepoint    ] Application time: 0.0000137 seconds
[2025-06-06T09:37:46.225+0200][0.847s][info][safepoint    ] Entering safepoint region: RevokeBias
[2025-06-06T09:37:46.225+0200][0.847s][info][safepoint    ] Leaving safepoint region
[2025-06-06T09:37:46.225+0200][0.847s][info][safepoint    ] Total time for which application threads were stopped: 0.0000178 seconds, Stopping threads took: 0.0000048 seconds
[2025-06-06T09:37:46.225+0200][0.847s][info][safepoint    ] Application time: 0.0000133 seconds
[2025-06-06T09:37:46.225+0200][0.847s][info][safepoint    ] Entering safepoint region: BulkRevokeBias
[2025-06-06T09:37:46.225+0200][0.847s][info][safepoint    ] Leaving safepoint region
[2025-06-06T09:37:46.225+0200][0.847s][info][safepoint    ] Total time for which application threads were stopped: 0.0000394 seconds, Stopping threads took: 0.0000053 seconds
[2025-06-06T09:37:46.228+0200][0.849s][info][safepoint    ] Application time: 0.0021802 seconds
[2025-06-06T09:37:46.228+0200][0.849s][info][safepoint    ] Entering safepoint region: CollectForMetadataAllocation
[2025-06-06T09:37:46.228+0200][0.849s][info][safepoint    ] Leaving safepoint region
[2025-06-06T09:37:46.228+0200][0.849s][info][safepoint    ] Total time for which application threads were stopped: 0.0000180 seconds, Stopping threads took: 0.0000050 seconds
[2025-06-06T09:37:46.232+0200][0.853s][info][safepoint    ] Application time: 0.0039813 seconds
[2025-06-06T09:37:46.232+0200][0.853s][info][safepoint    ] Entering safepoint region: Deoptimize
[2025-06-06T09:37:46.232+0200][0.853s][info][safepoint    ] Leaving safepoint region
[2025-06-06T09:37:46.232+0200][0.853s][info][safepoint    ] Total time for which application threads were stopped: 0.0001905 seconds, Stopping threads took: 0.0000040 seconds
[2025-06-06T09:37:46.232+0200][0.854s][info][safepoint    ] Application time: 0.0005200 seconds
[2025-06-06T09:37:46.232+0200][0.854s][info][safepoint    ] Entering safepoint region: CollectForMetadataAllocation
[2025-06-06T09:37:46.232+0200][0.854s][info][safepoint    ] Leaving safepoint region
[2025-06-06T09:37:46.232+0200][0.854s][info][safepoint    ] Total time for which application threads were stopped: 0.0000182 seconds, Stopping threads took: 0.0000042 seconds
[2025-06-06T09:37:46.243+0200][0.865s][info][safepoint    ] Application time: 0.0109790 seconds
[2025-06-06T09:37:46.243+0200][0.865s][info][safepoint    ] Entering safepoint region: CollectForMetadataAllocation
[2025-06-06T09:37:46.243+0200][0.865s][info][safepoint    ] Leaving safepoint region
[2025-06-06T09:37:46.243+0200][0.865s][info][safepoint    ] Total time for which application threads were stopped: 0.0000364 seconds, Stopping threads took: 0.0000068 seconds
[2025-06-06T09:37:46.277+0200][0.898s][info][safepoint    ] Application time: 0.0337200 seconds
[2025-06-06T09:37:46.277+0200][0.898s][info][safepoint    ] Entering safepoint region: CollectForMetadataAllocation
[2025-06-06T09:37:46.277+0200][0.898s][info][safepoint    ] Leaving safepoint region
[2025-06-06T09:37:46.277+0200][0.898s][info][safepoint    ] Total time for which application threads were stopped: 0.0000285 seconds, Stopping threads took: 0.0000062 seconds
[2025-06-06T09:37:46.280+0200][0.902s][info][safepoint    ] Application time: 0.0034227 seconds
[2025-06-06T09:37:46.281+0200][0.902s][info][safepoint    ] Entering safepoint region: CollectForMetadataAllocation
[2025-06-06T09:37:46.281+0200][0.902s][info][safepoint    ] Leaving safepoint region
[2025-06-06T09:37:46.281+0200][0.902s][info][safepoint    ] Total time for which application threads were stopped: 0.0000213 seconds, Stopping threads took: 0.0000052 seconds
[2025-06-06T09:37:46.288+0200][0.909s][info][safepoint    ] Application time: 0.0074443 seconds
[2025-06-06T09:37:46.288+0200][0.909s][info][safepoint    ] Entering safepoint region: CollectForMetadataAllocation
[2025-06-06T09:37:46.288+0200][0.909s][info][safepoint    ] Leaving safepoint region
[2025-06-06T09:37:46.288+0200][0.909s][info][safepoint    ] Total time for which application threads were stopped: 0.0000281 seconds, Stopping threads took: 0.0000057 seconds
[2025-06-06T09:37:46.290+0200][0.911s][info][safepoint    ] Application time: 0.0020087 seconds
[2025-06-06T09:37:46.290+0200][0.911s][info][safepoint    ] Entering safepoint region: Deoptimize
[2025-06-06T09:37:46.290+0200][0.912s][info][safepoint    ] Leaving safepoint region
[2025-06-06T09:37:46.290+0200][0.912s][info][safepoint    ] Total time for which application threads were stopped: 0.0002064 seconds, Stopping threads took: 0.0000045 seconds
[2025-06-06T09:37:46.296+0200][0.917s][info][safepoint    ] Application time: 0.0058006 seconds
[2025-06-06T09:37:46.296+0200][0.917s][info][safepoint    ] Entering safepoint region: CollectForMetadataAllocation
[2025-06-06T09:37:46.296+0200][0.918s][info][safepoint    ] Leaving safepoint region
[2025-06-06T09:37:46.296+0200][0.918s][info][safepoint    ] Total time for which application threads were stopped: 0.0000292 seconds, Stopping threads took: 0.0000055 seconds
[2025-06-06T09:37:46.305+0200][0.927s][info][safepoint    ] Application time: 0.0092963 seconds
[2025-06-06T09:37:46.305+0200][0.927s][info][safepoint    ] Entering safepoint region: CollectForMetadataAllocation
[2025-06-06T09:37:46.305+0200][0.927s][info][safepoint    ] Leaving safepoint region
[2025-06-06T09:37:46.305+0200][0.927s][info][safepoint    ] Total time for which application threads were stopped: 0.0000359 seconds, Stopping threads took: 0.0000064 seconds
[2025-06-06T09:37:46.308+0200][0.930s][info][safepoint    ] Application time: 0.0028274 seconds
[2025-06-06T09:37:46.308+0200][0.930s][info][safepoint    ] Entering safepoint region: CollectForMetadataAllocation
[2025-06-06T09:37:46.308+0200][0.930s][info][safepoint    ] Leaving safepoint region
[2025-06-06T09:37:46.308+0200][0.930s][info][safepoint    ] Total time for which application threads were stopped: 0.0000205 seconds, Stopping threads took: 0.0000044 seconds
[2025-06-06T09:37:46.313+0200][0.935s][info][safepoint    ] Application time: 0.0049872 seconds
[2025-06-06T09:37:46.313+0200][0.935s][info][safepoint    ] Entering safepoint region: RevokeBias
[2025-06-06T09:37:46.313+0200][0.935s][info][safepoint    ] Leaving safepoint region
[2025-06-06T09:37:46.313+0200][0.935s][info][safepoint    ] Total time for which application threads were stopped: 0.0000280 seconds, Stopping threads took: 0.0000056 seconds
[2025-06-06T09:37:46.313+0200][0.935s][info][safepoint    ] Application time: 0.0000612 seconds
[2025-06-06T09:37:46.313+0200][0.935s][info][safepoint    ] Entering safepoint region: RevokeBias
[2025-06-06T09:37:46.314+0200][0.935s][info][safepoint    ] Leaving safepoint region
[2025-06-06T09:37:46.314+0200][0.935s][info][safepoint    ] Total time for which application threads were stopped: 0.0001052 seconds, Stopping threads took: 0.0000915 seconds
[2025-06-06T09:37:46.314+0200][0.935s][info][safepoint    ] Application time: 0.0000398 seconds
[2025-06-06T09:37:46.314+0200][0.935s][info][safepoint    ] Entering safepoint region: RevokeBias
[2025-06-06T09:37:46.314+0200][0.935s][info][safepoint    ] Leaving safepoint region
[2025-06-06T09:37:46.314+0200][0.935s][info][safepoint    ] Total time for which application threads were stopped: 0.0000193 seconds, Stopping threads took: 0.0000043 seconds
[2025-06-06T09:37:46.314+0200][0.935s][info][safepoint    ] Application time: 0.0001396 seconds
[2025-06-06T09:37:46.314+0200][0.935s][info][safepoint    ] Entering safepoint region: RevokeBias
[2025-06-06T09:37:46.314+0200][0.935s][info][safepoint    ] Leaving safepoint region
[2025-06-06T09:37:46.314+0200][0.935s][info][safepoint    ] Total time for which application threads were stopped: 0.0000165 seconds, Stopping threads took: 0.0000038 seconds
[2025-06-06T09:37:46.314+0200][0.935s][info][safepoint    ] Application time: 0.0002151 seconds
[2025-06-06T09:37:46.314+0200][0.935s][info][safepoint    ] Entering safepoint region: RevokeBias
[2025-06-06T09:37:46.314+0200][0.935s][info][safepoint    ] Leaving safepoint region
[2025-06-06T09:37:46.314+0200][0.935s][info][safepoint    ] Total time for which application threads were stopped: 0.0000548 seconds, Stopping threads took: 0.0000322 seconds
[2025-06-06T09:37:46.315+0200][0.937s][info][safepoint    ] Application time: 0.0014322 seconds
[2025-06-06T09:37:46.316+0200][0.937s][info][safepoint    ] Entering safepoint region: CollectForMetadataAllocation
[2025-06-06T09:37:46.316+0200][0.937s][info][safepoint    ] Leaving safepoint region
[2025-06-06T09:37:46.316+0200][0.937s][info][safepoint    ] Total time for which application threads were stopped: 0.0000650 seconds, Stopping threads took: 0.0000390 seconds
[2025-06-06T09:37:47.457+0200][2.078s][info][safepoint    ] Application time: 1.1411537 seconds
[2025-06-06T09:37:47.478+0200][2.100s][info][safepoint    ] Entering safepoint region: CMS_Initial_Mark
[2025-06-06T09:37:47.478+0200][2.100s][info][gc,start     ] GC(0) Pause Initial Mark
[2025-06-06T09:37:47.554+0200][2.176s][info][gc           ] GC(0) Pause Initial Mark 1800M->1800M(7442M) 75.658ms
[2025-06-06T09:37:47.554+0200][2.176s][info][gc,cpu       ] GC(0) User=0.01s Sys=0.03s Real=0.08s
[2025-06-06T09:37:47.554+0200][2.176s][info][safepoint    ] Leaving safepoint region
[2025-06-06T09:37:47.554+0200][2.176s][info][safepoint    ] Total time for which application threads were stopped: 0.0760498 seconds, Stopping threads took: 0.0001247 seconds
[2025-06-06T09:37:47.554+0200][2.176s][info][gc           ] GC(0) Concurrent Mark
[2025-06-06T09:37:47.555+0200][2.176s][info][gc,task      ] GC(0) Using 2 workers of 2 for marking
[2025-06-06T09:37:47.555+0200][2.177s][info][gc           ] GC(0) Concurrent Mark 0.893ms
[2025-06-06T09:37:47.555+0200][2.177s][info][gc,cpu       ] GC(0) User=0.00s Sys=0.00s Real=0.00s
[2025-06-06T09:37:47.555+0200][2.177s][info][gc           ] GC(0) Concurrent Preclean
[2025-06-06T09:37:47.557+0200][2.178s][info][gc           ] GC(0) Concurrent Preclean 1.837ms
[2025-06-06T09:37:47.557+0200][2.179s][info][gc,cpu       ] GC(0) User=0.00s Sys=0.00s Real=0.00s
[2025-06-06T09:37:47.557+0200][2.179s][info][gc           ] GC(0) Concurrent Abortable Preclean
[2025-06-06T09:37:52.588+0200][7.209s][info][gc           ] GC(0) Concurrent Abortable Preclean 5030.681ms
[2025-06-06T09:37:52.592+0200][7.213s][info][gc,cpu       ] GC(0) User=0.05s Sys=0.01s Real=5.04s
[2025-06-06T09:37:52.592+0200][7.213s][info][safepoint    ] Application time: 5.0375579 seconds
[2025-06-06T09:37:52.596+0200][7.217s][info][safepoint    ] Entering safepoint region: CMS_Final_Remark
[2025-06-06T09:37:52.596+0200][7.217s][info][gc,start     ] GC(0) Pause Remark
[2025-06-06T09:37:53.324+0200][7.945s][info][gc           ] GC(0) Pause Remark 1800M->1800M(7442M) 728.036ms
[2025-06-06T09:37:53.324+0200][7.945s][info][gc,cpu       ] GC(0) User=0.02s Sys=0.05s Real=0.73s
[2025-06-06T09:37:53.324+0200][7.945s][info][safepoint    ] Leaving safepoint region
[2025-06-06T09:37:53.324+0200][7.945s][info][safepoint    ] Total time for which application threads were stopped: 0.7322412 seconds, Stopping threads took: 0.0038128 seconds
[2025-06-06T09:37:53.324+0200][7.946s][info][gc           ] GC(0) Concurrent Sweep
[2025-06-06T09:37:53.324+0200][7.946s][info][gc           ] GC(0) Concurrent Sweep 0.081ms
[2025-06-06T09:37:53.324+0200][7.946s][info][gc,cpu       ] GC(0) User=0.00s Sys=0.00s Real=0.00s
[2025-06-06T09:37:53.324+0200][7.946s][info][gc           ] GC(0) Concurrent Reset
[2025-06-06T09:37:53.325+0200][7.947s][info][gc           ] GC(0) Concurrent Reset 1.262ms
[2025-06-06T09:37:53.325+0200][7.947s][info][gc,cpu       ] GC(0) User=0.00s Sys=0.00s Real=0.00s
[2025-06-06T09:37:53.325+0200][7.947s][info][gc,heap      ] GC(0) Old: 0K->0K(708608K)
[2025-06-06T09:38:01.225+0200][15.847s][info][safepoint    ] Application time: 7.9009672 seconds
[2025-06-06T09:38:01.225+0200][15.847s][info][safepoint    ] Entering safepoint region: RevokeBias
[2025-06-06T09:38:01.226+0200][15.847s][info][safepoint    ] Leaving safepoint region
[2025-06-06T09:38:01.226+0200][15.847s][info][safepoint    ] Total time for which application threads were stopped: 0.0001711 seconds, Stopping threads took: 0.0000598 seconds
[2025-06-06T09:38:01.226+0200][15.847s][info][safepoint    ] Application time: 0.0000329 seconds
[2025-06-06T09:38:01.226+0200][15.847s][info][safepoint    ] Entering safepoint region: RevokeBias
[2025-06-06T09:38:01.226+0200][15.847s][info][safepoint    ] Leaving safepoint region
[2025-06-06T09:38:01.226+0200][15.847s][info][safepoint    ] Total time for which application threads were stopped: 0.0000193 seconds, Stopping threads took: 0.0000065 seconds
[2025-06-06T09:38:01.226+0200][15.847s][info][safepoint    ] Application time: 0.0000401 seconds
[2025-06-06T09:38:01.226+0200][15.847s][info][safepoint    ] Entering safepoint region: RevokeBias
[2025-06-06T09:38:01.226+0200][15.847s][info][safepoint    ] Leaving safepoint region
[2025-06-06T09:38:01.226+0200][15.847s][info][safepoint    ] Total time for which application threads were stopped: 0.0000235 seconds, Stopping threads took: 0.0000038 seconds
[2025-06-06T09:38:01.227+0200][15.848s][info][safepoint    ] Application time: 0.0007829 seconds
[2025-06-06T09:38:01.227+0200][15.848s][info][safepoint    ] Entering safepoint region: RevokeBias
[2025-06-06T09:38:01.227+0200][15.848s][info][safepoint    ] Leaving safepoint region
[2025-06-06T09:38:01.227+0200][15.848s][info][safepoint    ] Total time for which application threads were stopped: 0.0000299 seconds, Stopping threads took: 0.0000070 seconds
[2025-06-06T09:38:01.231+0200][15.852s][info][safepoint    ] Application time: 0.0041011 seconds
[2025-06-06T09:38:01.231+0200][15.852s][info][safepoint    ] Entering safepoint region: RevokeBias
[2025-06-06T09:38:01.231+0200][15.852s][info][safepoint    ] Leaving safepoint region
[2025-06-06T09:38:01.231+0200][15.852s][info][safepoint    ] Total time for which application threads were stopped: 0.0000357 seconds, Stopping threads took: 0.0000085 seconds
[2025-06-06T09:38:01.234+0200][15.856s][info][safepoint    ] Application time: 0.0034461 seconds
[2025-06-06T09:38:01.234+0200][15.856s][info][safepoint    ] Entering safepoint region: RevokeBias
[2025-06-06T09:38:01.234+0200][15.856s][info][safepoint    ] Leaving safepoint region
[2025-06-06T09:38:01.234+0200][15.856s][info][safepoint    ] Total time for which application threads were stopped: 0.0000197 seconds, Stopping threads took: 0.0000055 seconds
[2025-06-06T09:38:01.236+0200][15.857s][info][safepoint    ] Application time: 0.0014587 seconds
[2025-06-06T09:38:01.236+0200][15.857s][info][safepoint    ] Entering safepoint region: RevokeBias
[2025-06-06T09:38:01.236+0200][15.857s][info][safepoint    ] Leaving safepoint region
[2025-06-06T09:38:01.236+0200][15.857s][info][safepoint    ] Total time for which application threads were stopped: 0.0000200 seconds, Stopping threads took: 0.0000061 seconds
[2025-06-06T09:38:01.251+0200][15.872s][info][safepoint    ] Application time: 0.0151582 seconds
[2025-06-06T09:38:01.251+0200][15.872s][info][safepoint    ] Entering safepoint region: RevokeBias
[2025-06-06T09:38:01.251+0200][15.872s][info][safepoint    ] Leaving safepoint region
[2025-06-06T09:38:01.251+0200][15.872s][info][safepoint    ] Total time for which application threads were stopped: 0.0000211 seconds, Stopping threads took: 0.0000062 seconds
[2025-06-06T09:38:01.254+0200][15.876s][info][safepoint    ] Application time: 0.0035504 seconds
[2025-06-06T09:38:01.254+0200][15.876s][info][safepoint    ] Entering safepoint region: BulkRevokeBias
[2025-06-06T09:38:01.255+0200][15.876s][info][safepoint    ] Leaving safepoint region
[2025-06-06T09:38:01.255+0200][15.876s][info][safepoint    ] Total time for which application threads were stopped: 0.0002032 seconds, Stopping threads took: 0.0000060 seconds
[2025-06-06T09:38:01.260+0200][15.881s][info][safepoint    ] Application time: 0.0052309 seconds
[2025-06-06T09:38:01.260+0200][15.881s][info][safepoint    ] Entering safepoint region: RevokeBias
[2025-06-06T09:38:01.260+0200][15.881s][info][safepoint    ] Leaving safepoint region
[2025-06-06T09:38:01.260+0200][15.881s][info][safepoint    ] Total time for which application threads were stopped: 0.0000245 seconds, Stopping threads took: 0.0000054 seconds
[2025-06-06T09:38:01.260+0200][15.881s][info][safepoint    ] Application time: 0.0000165 seconds
[2025-06-06T09:38:01.260+0200][15.881s][info][safepoint    ] Entering safepoint region: RevokeBias
[2025-06-06T09:38:01.260+0200][15.881s][info][safepoint    ] Leaving safepoint region
[2025-06-06T09:38:01.260+0200][15.881s][info][safepoint    ] Total time for which application threads were stopped: 0.0000172 seconds, Stopping threads took: 0.0000054 seconds
[2025-06-06T09:38:01.296+0200][15.917s][info][safepoint    ] Application time: 0.0355844 seconds
[2025-06-06T09:38:01.296+0200][15.917s][info][safepoint    ] Entering safepoint region: RevokeBias
[2025-06-06T09:38:01.296+0200][15.917s][info][safepoint    ] Leaving safepoint region
[2025-06-06T09:38:01.296+0200][15.917s][info][safepoint    ] Total time for which application threads were stopped: 0.0000427 seconds, Stopping threads took: 0.0000090 seconds
[2025-06-06T09:38:01.299+0200][15.920s][info][safepoint    ] Application time: 0.0028526 seconds
[2025-06-06T09:38:01.299+0200][15.920s][info][safepoint    ] Entering safepoint region: RevokeBias
[2025-06-06T09:38:01.299+0200][15.920s][info][safepoint    ] Leaving safepoint region
[2025-06-06T09:38:01.299+0200][15.920s][info][safepoint    ] Total time for which application threads were stopped: 0.0000253 seconds, Stopping threads took: 0.0000076 seconds
[2025-06-06T09:38:01.306+0200][15.928s][info][safepoint    ] Application time: 0.0074927 seconds
[2025-06-06T09:38:01.306+0200][15.928s][info][safepoint    ] Entering safepoint region: RevokeBias
[2025-06-06T09:38:01.306+0200][15.928s][info][safepoint    ] Leaving safepoint region
[2025-06-06T09:38:01.306+0200][15.928s][info][safepoint    ] Total time for which application threads were stopped: 0.0000231 seconds, Stopping threads took: 0.0000070 seconds
[2025-06-06T09:38:01.307+0200][15.929s][info][safepoint    ] Application time: 0.0010118 seconds
[2025-06-06T09:38:01.307+0200][15.929s][info][safepoint    ] Entering safepoint region: RevokeBias
[2025-06-06T09:38:01.307+0200][15.929s][info][safepoint    ] Leaving safepoint region
[2025-06-06T09:38:01.307+0200][15.929s][info][safepoint    ] Total time for which application threads were stopped: 0.0000196 seconds, Stopping threads took: 0.0000041 seconds
[2025-06-06T09:38:01.307+0200][15.929s][info][safepoint    ] Application time: 0.0000105 seconds
[2025-06-06T09:38:01.307+0200][15.929s][info][safepoint    ] Entering safepoint region: RevokeBias
[2025-06-06T09:38:01.307+0200][15.929s][info][safepoint    ] Leaving safepoint region
[2025-06-06T09:38:01.307+0200][15.929s][info][safepoint    ] Total time for which application threads were stopped: 0.0000159 seconds, Stopping threads took: 0.0000050 seconds
[2025-06-06T09:38:01.307+0200][15.929s][info][safepoint    ] Application time: 0.0000081 seconds
[2025-06-06T09:38:01.307+0200][15.929s][info][safepoint    ] Entering safepoint region: RevokeBias
[2025-06-06T09:38:01.307+0200][15.929s][info][safepoint    ] Leaving safepoint region
[2025-06-06T09:38:01.307+0200][15.929s][info][safepoint    ] Total time for which application threads were stopped: 0.0000131 seconds, Stopping threads took: 0.0000038 seconds
[2025-06-06T09:38:01.307+0200][15.929s][info][safepoint    ] Application time: 0.0000143 seconds
[2025-06-06T09:38:01.307+0200][15.929s][info][safepoint    ] Entering safepoint region: RevokeBias
[2025-06-06T09:38:01.307+0200][15.929s][info][safepoint    ] Leaving safepoint region
[2025-06-06T09:38:01.307+0200][15.929s][info][safepoint    ] Total time for which application threads were stopped: 0.0000126 seconds, Stopping threads took: 0.0000034 seconds
[2025-06-06T09:38:01.308+0200][15.929s][info][safepoint    ] Application time: 0.0002885 seconds
[2025-06-06T09:38:01.308+0200][15.929s][info][safepoint    ] Entering safepoint region: RevokeBias
[2025-06-06T09:38:01.308+0200][15.929s][info][safepoint    ] Leaving safepoint region
[2025-06-06T09:38:01.308+0200][15.929s][info][safepoint    ] Total time for which application threads were stopped: 0.0000122 seconds, Stopping threads took: 0.0000039 seconds
[2025-06-06T09:38:01.308+0200][15.929s][info][safepoint    ] Application time: 0.0000109 seconds
[2025-06-06T09:38:01.308+0200][15.929s][info][safepoint    ] Entering safepoint region: RevokeBias
[2025-06-06T09:38:01.308+0200][15.929s][info][safepoint    ] Leaving safepoint region
[2025-06-06T09:38:01.308+0200][15.929s][info][safepoint    ] Total time for which application threads were stopped: 0.0000111 seconds, Stopping threads took: 0.0000034 seconds
[2025-06-06T09:38:01.308+0200][15.929s][info][safepoint    ] Application time: 0.0000070 seconds
[2025-06-06T09:38:01.308+0200][15.929s][info][safepoint    ] Entering safepoint region: RevokeBias
[2025-06-06T09:38:01.308+0200][15.929s][info][safepoint    ] Leaving safepoint region
[2025-06-06T09:38:01.308+0200][15.929s][info][safepoint    ] Total time for which application threads were stopped: 0.0000109 seconds, Stopping threads took: 0.0000033 seconds
[2025-06-06T09:38:01.308+0200][15.929s][info][safepoint    ] Application time: 0.0000088 seconds
[2025-06-06T09:38:01.308+0200][15.929s][info][safepoint    ] Entering safepoint region: RevokeBias
[2025-06-06T09:38:01.308+0200][15.929s][info][safepoint    ] Leaving safepoint region
[2025-06-06T09:38:01.308+0200][15.929s][info][safepoint    ] Total time for which application threads were stopped: 0.0000117 seconds, Stopping threads took: 0.0000038 seconds
[2025-06-06T09:38:01.314+0200][15.936s][info][safepoint    ] Application time: 0.0063567 seconds
[2025-06-06T09:38:01.314+0200][15.936s][info][safepoint    ] Entering safepoint region: RevokeBias
[2025-06-06T09:38:01.314+0200][15.936s][info][safepoint    ] Leaving safepoint region
[2025-06-06T09:38:01.314+0200][15.936s][info][safepoint    ] Total time for which application threads were stopped: 0.0000216 seconds, Stopping threads took: 0.0000061 seconds
[2025-06-06T09:38:01.314+0200][15.936s][info][safepoint    ] Application time: 0.0000098 seconds
[2025-06-06T09:38:01.314+0200][15.936s][info][safepoint    ] Entering safepoint region: RevokeBias
[2025-06-06T09:38:01.314+0200][15.936s][info][safepoint    ] Leaving safepoint region
[2025-06-06T09:38:01.314+0200][15.936s][info][safepoint    ] Total time for which application threads were stopped: 0.0000137 seconds, Stopping threads took: 0.0000038 seconds
[2025-06-06T09:38:01.314+0200][15.936s][info][safepoint    ] Application time: 0.0000103 seconds
[2025-06-06T09:38:01.314+0200][15.936s][info][safepoint    ] Entering safepoint region: RevokeBias
[2025-06-06T09:38:01.314+0200][15.936s][info][safepoint    ] Leaving safepoint region
[2025-06-06T09:38:01.314+0200][15.936s][info][safepoint    ] Total time for which application threads were stopped: 0.0000147 seconds, Stopping threads took: 0.0000044 seconds
[2025-06-06T09:38:01.315+0200][15.936s][info][safepoint    ] Application time: 0.0006255 seconds
[2025-06-06T09:38:01.315+0200][15.936s][info][safepoint    ] Entering safepoint region: RevokeBias
[2025-06-06T09:38:01.315+0200][15.936s][info][safepoint    ] Leaving safepoint region
[2025-06-06T09:38:01.315+0200][15.936s][info][safepoint    ] Total time for which application threads were stopped: 0.0000228 seconds, Stopping threads took: 0.0000047 seconds
[2025-06-06T09:38:01.322+0200][15.943s][info][safepoint    ] Application time: 0.0068613 seconds
[2025-06-06T09:38:01.322+0200][15.943s][info][safepoint    ] Entering safepoint region: Deoptimize
[2025-06-06T09:38:01.323+0200][15.944s][info][safepoint    ] Leaving safepoint region
[2025-06-06T09:38:01.323+0200][15.944s][info][safepoint    ] Total time for which application threads were stopped: 0.0008743 seconds, Stopping threads took: 0.0000067 seconds
[2025-06-06T09:38:01.350+0200][15.972s][info][safepoint    ] Application time: 0.0277352 seconds
[2025-06-06T09:38:01.350+0200][15.972s][info][safepoint    ] Entering safepoint region: RevokeBias
[2025-06-06T09:38:01.350+0200][15.972s][info][safepoint    ] Leaving safepoint region
[2025-06-06T09:38:01.350+0200][15.972s][info][safepoint    ] Total time for which application threads were stopped: 0.0000363 seconds, Stopping threads took: 0.0000088 seconds
[2025-06-06T09:38:01.350+0200][15.972s][info][safepoint    ] Application time: 0.0000128 seconds
[2025-06-06T09:38:01.350+0200][15.972s][info][safepoint    ] Entering safepoint region: RevokeBias
[2025-06-06T09:38:01.350+0200][15.972s][info][safepoint    ] Leaving safepoint region
[2025-06-06T09:38:01.350+0200][15.972s][info][safepoint    ] Total time for which application threads were stopped: 0.0000185 seconds, Stopping threads took: 0.0000053 seconds
[2025-06-06T09:38:01.355+0200][15.976s][info][safepoint    ] Application time: 0.0044680 seconds
[2025-06-06T09:38:01.355+0200][15.976s][info][safepoint    ] Entering safepoint region: RevokeBias
[2025-06-06T09:38:01.355+0200][15.976s][info][safepoint    ] Leaving safepoint region
[2025-06-06T09:38:01.355+0200][15.976s][info][safepoint    ] Total time for which application threads were stopped: 0.0000338 seconds, Stopping threads took: 0.0000067 seconds
[2025-06-06T09:38:01.355+0200][15.976s][info][safepoint    ] Application time: 0.0000173 seconds
[2025-06-06T09:38:01.355+0200][15.976s][info][safepoint    ] Entering safepoint region: RevokeBias
[2025-06-06T09:38:01.355+0200][15.976s][info][safepoint    ] Leaving safepoint region
[2025-06-06T09:38:01.355+0200][15.976s][info][safepoint    ] Total time for which application threads were stopped: 0.0000326 seconds, Stopping threads took: 0.0000041 seconds
[2025-06-06T09:38:01.355+0200][15.977s][info][safepoint    ] Application time: 0.0002946 seconds
[2025-06-06T09:38:01.355+0200][15.977s][info][safepoint    ] Entering safepoint region: RevokeBias
[2025-06-06T09:38:01.355+0200][15.977s][info][safepoint    ] Leaving safepoint region
[2025-06-06T09:38:01.355+0200][15.977s][info][safepoint    ] Total time for which application threads were stopped: 0.0000205 seconds, Stopping threads took: 0.0000060 seconds
[2025-06-06T09:38:01.362+0200][15.984s][info][safepoint    ] Application time: 0.0069338 seconds
[2025-06-06T09:38:01.362+0200][15.984s][info][safepoint    ] Entering safepoint region: RevokeBias
[2025-06-06T09:38:01.362+0200][15.984s][info][safepoint    ] Leaving safepoint region
[2025-06-06T09:38:01.362+0200][15.984s][info][safepoint    ] Total time for which application threads were stopped: 0.0000301 seconds, Stopping threads took: 0.0000076 seconds
[2025-06-06T09:38:01.363+0200][15.984s][info][safepoint    ] Application time: 0.0006582 seconds
[2025-06-06T09:38:01.363+0200][15.984s][info][safepoint    ] Entering safepoint region: RevokeBias
[2025-06-06T09:38:01.363+0200][15.984s][info][safepoint    ] Leaving safepoint region
[2025-06-06T09:38:01.363+0200][15.984s][info][safepoint    ] Total time for which application threads were stopped: 0.0000194 seconds, Stopping threads took: 0.0000059 seconds
[2025-06-06T09:38:01.363+0200][15.985s][info][safepoint    ] Application time: 0.0000240 seconds
[2025-06-06T09:38:01.363+0200][15.985s][info][safepoint    ] Entering safepoint region: RevokeBias
[2025-06-06T09:38:01.363+0200][15.985s][info][safepoint    ] Leaving safepoint region
[2025-06-06T09:38:01.363+0200][15.985s][info][safepoint    ] Total time for which application threads were stopped: 0.0000136 seconds, Stopping threads took: 0.0000042 seconds
[2025-06-06T09:38:01.363+0200][15.985s][info][safepoint    ] Application time: 0.0000631 seconds
[2025-06-06T09:38:01.363+0200][15.985s][info][safepoint    ] Entering safepoint region: RevokeBias
[2025-06-06T09:38:01.363+0200][15.985s][info][safepoint    ] Leaving safepoint region
[2025-06-06T09:38:01.363+0200][15.985s][info][safepoint    ] Total time for which application threads were stopped: 0.0000129 seconds, Stopping threads took: 0.0000041 seconds
[2025-06-06T09:38:01.363+0200][15.985s][info][safepoint    ] Application time: 0.0000197 seconds
[2025-06-06T09:38:01.363+0200][15.985s][info][safepoint    ] Entering safepoint region: RevokeBias
[2025-06-06T09:38:01.363+0200][15.985s][info][safepoint    ] Leaving safepoint region
[2025-06-06T09:38:01.363+0200][15.985s][info][safepoint    ] Total time for which application threads were stopped: 0.0000117 seconds, Stopping threads took: 0.0000040 seconds
[2025-06-06T09:38:01.364+0200][15.986s][info][safepoint    ] Application time: 0.0010749 seconds
[2025-06-06T09:38:01.364+0200][15.986s][info][safepoint    ] Entering safepoint region: RevokeBias
[2025-06-06T09:38:01.364+0200][15.986s][info][safepoint    ] Leaving safepoint region
[2025-06-06T09:38:01.364+0200][15.986s][info][safepoint    ] Total time for which application threads were stopped: 0.0000174 seconds, Stopping threads took: 0.0000061 seconds
[2025-06-06T09:38:01.364+0200][15.986s][info][safepoint    ] Application time: 0.0000188 seconds
[2025-06-06T09:38:01.364+0200][15.986s][info][safepoint    ] Entering safepoint region: RevokeBias
[2025-06-06T09:38:01.364+0200][15.986s][info][safepoint    ] Leaving safepoint region
[2025-06-06T09:38:01.364+0200][15.986s][info][safepoint    ] Total time for which application threads were stopped: 0.0000140 seconds, Stopping threads took: 0.0000041 seconds
[2025-06-06T09:38:01.364+0200][15.986s][info][safepoint    ] Application time: 0.0000090 seconds
[2025-06-06T09:38:01.364+0200][15.986s][info][safepoint    ] Entering safepoint region: RevokeBias
[2025-06-06T09:38:01.364+0200][15.986s][info][safepoint    ] Leaving safepoint region
[2025-06-06T09:38:01.364+0200][15.986s][info][safepoint    ] Total time for which application threads were stopped: 0.0000113 seconds, Stopping threads took: 0.0000035 seconds
[2025-06-06T09:38:01.364+0200][15.986s][info][safepoint    ] Application time: 0.0000776 seconds
[2025-06-06T09:38:01.364+0200][15.986s][info][safepoint    ] Entering safepoint region: RevokeBias
[2025-06-06T09:38:01.364+0200][15.986s][info][safepoint    ] Leaving safepoint region
[2025-06-06T09:38:01.364+0200][15.986s][info][safepoint    ] Total time for which application threads were stopped: 0.0000132 seconds, Stopping threads took: 0.0000037 seconds
[2025-06-06T09:38:01.364+0200][15.986s][info][safepoint    ] Application time: 0.0000126 seconds
[2025-06-06T09:38:01.364+0200][15.986s][info][safepoint    ] Entering safepoint region: RevokeBias
[2025-06-06T09:38:01.364+0200][15.986s][info][safepoint    ] Leaving safepoint region
[2025-06-06T09:38:01.364+0200][15.986s][info][safepoint    ] Total time for which application threads were stopped: 0.0000123 seconds, Stopping threads took: 0.0000035 seconds
[2025-06-06T09:38:01.364+0200][15.986s][info][safepoint    ] Application time: 0.0000127 seconds
[2025-06-06T09:38:01.364+0200][15.986s][info][safepoint    ] Entering safepoint region: RevokeBias
[2025-06-06T09:38:01.365+0200][15.986s][info][safepoint    ] Leaving safepoint region
[2025-06-06T09:38:01.365+0200][15.986s][info][safepoint    ] Total time for which application threads were stopped: 0.0000121 seconds, Stopping threads took: 0.0000035 seconds
[2025-06-06T09:38:01.365+0200][15.987s][info][safepoint    ] Application time: 0.0006798 seconds
[2025-06-06T09:38:01.365+0200][15.987s][info][safepoint    ] Entering safepoint region: RevokeBias
[2025-06-06T09:38:01.365+0200][15.987s][info][safepoint    ] Leaving safepoint region
[2025-06-06T09:38:01.365+0200][15.987s][info][safepoint    ] Total time for which application threads were stopped: 0.0000386 seconds, Stopping threads took: 0.0000259 seconds
[2025-06-06T09:38:01.377+0200][15.999s][info][safepoint    ] Application time: 0.0119319 seconds
[2025-06-06T09:38:01.377+0200][15.999s][info][safepoint    ] Entering safepoint region: RevokeBias
[2025-06-06T09:38:01.377+0200][15.999s][info][safepoint    ] Leaving safepoint region
[2025-06-06T09:38:01.377+0200][15.999s][info][safepoint    ] Total time for which application threads were stopped: 0.0000353 seconds, Stopping threads took: 0.0000096 seconds
[2025-06-06T09:38:01.406+0200][16.027s][info][safepoint    ] Application time: 0.0286619 seconds
[2025-06-06T09:38:01.406+0200][16.027s][info][safepoint    ] Entering safepoint region: RevokeBias
[2025-06-06T09:38:01.406+0200][16.027s][info][safepoint    ] Leaving safepoint region
[2025-06-06T09:38:01.406+0200][16.028s][info][safepoint    ] Total time for which application threads were stopped: 0.0000788 seconds, Stopping threads took: 0.0000191 seconds
[2025-06-06T09:38:01.406+0200][16.028s][info][safepoint    ] Application time: 0.0000541 seconds
[2025-06-06T09:38:01.406+0200][16.028s][info][safepoint    ] Entering safepoint region: RevokeBias
[2025-06-06T09:38:01.406+0200][16.028s][info][safepoint    ] Leaving safepoint region
[2025-06-06T09:38:01.406+0200][16.028s][info][safepoint    ] Total time for which application threads were stopped: 0.0000205 seconds, Stopping threads took: 0.0000054 seconds
[2025-06-06T09:38:01.411+0200][16.032s][info][safepoint    ] Application time: 0.0044903 seconds
[2025-06-06T09:38:01.411+0200][16.032s][info][safepoint    ] Entering safepoint region: RevokeBias
[2025-06-06T09:38:01.411+0200][16.032s][info][safepoint    ] Leaving safepoint region
[2025-06-06T09:38:01.411+0200][16.032s][info][safepoint    ] Total time for which application threads were stopped: 0.0000430 seconds, Stopping threads took: 0.0000138 seconds
[2025-06-06T09:38:01.466+0200][16.087s][info][safepoint    ] Application time: 0.0548992 seconds
[2025-06-06T09:38:01.466+0200][16.087s][info][safepoint    ] Entering safepoint region: RevokeBias
[2025-06-06T09:38:01.466+0200][16.087s][info][safepoint    ] Leaving safepoint region
[2025-06-06T09:38:01.466+0200][16.087s][info][safepoint    ] Total time for which application threads were stopped: 0.0000749 seconds, Stopping threads took: 0.0000113 seconds
[2025-06-06T09:38:01.466+0200][16.088s][info][safepoint    ] Application time: 0.0004166 seconds
[2025-06-06T09:38:01.466+0200][16.088s][info][safepoint    ] Entering safepoint region: RevokeBias
[2025-06-06T09:38:01.466+0200][16.088s][info][safepoint    ] Leaving safepoint region
[2025-06-06T09:38:01.466+0200][16.088s][info][safepoint    ] Total time for which application threads were stopped: 0.0000440 seconds, Stopping threads took: 0.0000219 seconds
[2025-06-06T09:38:02.101+0200][16.723s][info][safepoint    ] Application time: 0.6350974 seconds
[2025-06-06T09:38:02.101+0200][16.723s][info][safepoint    ] Entering safepoint region: RevokeBias
[2025-06-06T09:38:02.101+0200][16.723s][info][safepoint    ] Leaving safepoint region
[2025-06-06T09:38:02.101+0200][16.723s][info][safepoint    ] Total time for which application threads were stopped: 0.0001581 seconds, Stopping threads took: 0.0000544 seconds
[2025-06-06T09:38:02.102+0200][16.723s][info][safepoint    ] Application time: 0.0001443 seconds
[2025-06-06T09:38:02.102+0200][16.723s][info][safepoint    ] Entering safepoint region: RevokeBias
[2025-06-06T09:38:02.102+0200][16.723s][info][safepoint    ] Leaving safepoint region
[2025-06-06T09:38:02.102+0200][16.723s][info][safepoint    ] Total time for which application threads were stopped: 0.0000445 seconds, Stopping threads took: 0.0000122 seconds
[2025-06-06T09:38:02.105+0200][16.726s][info][safepoint    ] Application time: 0.0029263 seconds
[2025-06-06T09:38:02.105+0200][16.726s][info][safepoint    ] Entering safepoint region: RevokeBias
[2025-06-06T09:38:02.105+0200][16.726s][info][safepoint    ] Leaving safepoint region
[2025-06-06T09:38:02.105+0200][16.726s][info][safepoint    ] Total time for which application threads were stopped: 0.0003109 seconds, Stopping threads took: 0.0002477 seconds
[2025-06-06T09:38:02.105+0200][16.727s][info][safepoint    ] Application time: 0.0001553 seconds
[2025-06-06T09:38:02.105+0200][16.727s][info][safepoint    ] Entering safepoint region: RevokeBias
[2025-06-06T09:38:02.105+0200][16.727s][info][safepoint    ] Leaving safepoint region
[2025-06-06T09:38:02.105+0200][16.727s][info][safepoint    ] Total time for which application threads were stopped: 0.0000692 seconds, Stopping threads took: 0.0000360 seconds
[2025-06-06T09:38:02.106+0200][16.727s][info][safepoint    ] Application time: 0.0004642 seconds
[2025-06-06T09:38:02.106+0200][16.728s][info][safepoint    ] Entering safepoint region: RevokeBias
[2025-06-06T09:38:02.106+0200][16.728s][info][safepoint    ] Leaving safepoint region
[2025-06-06T09:38:02.106+0200][16.728s][info][safepoint    ] Total time for which application threads were stopped: 0.0004112 seconds, Stopping threads took: 0.0003407 seconds
[2025-06-06T09:38:02.111+0200][16.733s][info][safepoint    ] Application time: 0.0051600 seconds
[2025-06-06T09:38:02.111+0200][16.733s][info][safepoint    ] Entering safepoint region: RevokeBias
[2025-06-06T09:38:02.112+0200][16.733s][info][safepoint    ] Leaving safepoint region
[2025-06-06T09:38:02.112+0200][16.733s][info][safepoint    ] Total time for which application threads were stopped: 0.0001582 seconds, Stopping threads took: 0.0000340 seconds
[2025-06-06T09:38:02.112+0200][16.733s][info][safepoint    ] Application time: 0.0001143 seconds
[2025-06-06T09:38:02.112+0200][16.733s][info][safepoint    ] Entering safepoint region: RevokeBias
[2025-06-06T09:38:02.112+0200][16.734s][info][safepoint    ] Leaving safepoint region
[2025-06-06T09:38:02.112+0200][16.734s][info][safepoint    ] Total time for which application threads were stopped: 0.0002307 seconds, Stopping threads took: 0.0001188 seconds
[2025-06-06T09:38:02.112+0200][16.734s][info][safepoint    ] Application time: 0.0000393 seconds
[2025-06-06T09:38:02.112+0200][16.734s][info][safepoint    ] Entering safepoint region: RevokeBias
[2025-06-06T09:38:02.112+0200][16.734s][info][safepoint    ] Leaving safepoint region
[2025-06-06T09:38:02.112+0200][16.734s][info][safepoint    ] Total time for which application threads were stopped: 0.0001097 seconds, Stopping threads took: 0.0000372 seconds
[2025-06-06T09:38:02.112+0200][16.734s][info][safepoint    ] Application time: 0.0002380 seconds
[2025-06-06T09:38:02.113+0200][16.734s][info][safepoint    ] Entering safepoint region: RevokeBias
[2025-06-06T09:38:02.113+0200][16.734s][info][safepoint    ] Leaving safepoint region
[2025-06-06T09:38:02.113+0200][16.734s][info][safepoint    ] Total time for which application threads were stopped: 0.0001878 seconds, Stopping threads took: 0.0000979 seconds
[2025-06-06T09:38:02.113+0200][16.734s][info][safepoint    ] Application time: 0.0000892 seconds
[2025-06-06T09:38:02.113+0200][16.734s][info][safepoint    ] Entering safepoint region: RevokeBias
[2025-06-06T09:38:02.113+0200][16.734s][info][safepoint    ] Leaving safepoint region
[2025-06-06T09:38:02.113+0200][16.734s][info][safepoint    ] Total time for which application threads were stopped: 0.0001839 seconds, Stopping threads took: 0.0001429 seconds
[2025-06-06T09:38:02.113+0200][16.735s][info][safepoint    ] Application time: 0.0000760 seconds
[2025-06-06T09:38:02.113+0200][16.735s][info][safepoint    ] Entering safepoint region: RevokeBias
[2025-06-06T09:38:02.113+0200][16.735s][info][safepoint    ] Leaving safepoint region
[2025-06-06T09:38:02.113+0200][16.735s][info][safepoint    ] Total time for which application threads were stopped: 0.0001229 seconds, Stopping threads took: 0.0000467 seconds
[2025-06-06T09:38:02.114+0200][16.736s][info][safepoint    ] Application time: 0.0009394 seconds
[2025-06-06T09:38:02.115+0200][16.736s][info][safepoint    ] Entering safepoint region: RevokeBias
[2025-06-06T09:38:02.115+0200][16.736s][info][safepoint    ] Leaving safepoint region
[2025-06-06T09:38:02.115+0200][16.736s][info][safepoint    ] Total time for which application threads were stopped: 0.0006425 seconds, Stopping threads took: 0.0005677 seconds
[2025-06-06T09:38:02.115+0200][16.737s][info][safepoint    ] Application time: 0.0006441 seconds
[2025-06-06T09:38:02.115+0200][16.737s][info][safepoint    ] Entering safepoint region: RevokeBias
[2025-06-06T09:38:02.116+0200][16.737s][info][safepoint    ] Leaving safepoint region
[2025-06-06T09:38:02.116+0200][16.737s][info][safepoint    ] Total time for which application threads were stopped: 0.0000670 seconds, Stopping threads took: 0.0000293 seconds
[2025-06-06T09:38:02.116+0200][16.738s][info][safepoint    ] Application time: 0.0006795 seconds
[2025-06-06T09:38:02.116+0200][16.738s][info][safepoint    ] Entering safepoint region: RevokeBias
[2025-06-06T09:38:02.116+0200][16.738s][info][safepoint    ] Leaving safepoint region
[2025-06-06T09:38:02.116+0200][16.738s][info][safepoint    ] Total time for which application threads were stopped: 0.0000468 seconds, Stopping threads took: 0.0000125 seconds
[2025-06-06T09:38:02.120+0200][16.742s][info][safepoint    ] Application time: 0.0039867 seconds
[2025-06-06T09:38:02.120+0200][16.742s][info][safepoint    ] Entering safepoint region: RevokeBias
[2025-06-06T09:38:02.120+0200][16.742s][info][safepoint    ] Leaving safepoint region
[2025-06-06T09:38:02.121+0200][16.742s][info][safepoint    ] Total time for which application threads were stopped: 0.0001789 seconds, Stopping threads took: 0.0001372 seconds
[2025-06-06T09:38:02.121+0200][16.742s][info][safepoint    ] Application time: 0.0003161 seconds
[2025-06-06T09:38:02.121+0200][16.742s][info][safepoint    ] Entering safepoint region: RevokeBias
[2025-06-06T09:38:02.121+0200][16.742s][info][safepoint    ] Leaving safepoint region
[2025-06-06T09:38:02.121+0200][16.742s][info][safepoint    ] Total time for which application threads were stopped: 0.0000378 seconds, Stopping threads took: 0.0000152 seconds
[2025-06-06T09:38:02.121+0200][16.742s][info][safepoint    ] Application time: 0.0000660 seconds
[2025-06-06T09:38:02.121+0200][16.742s][info][safepoint    ] Entering safepoint region: RevokeBias
[2025-06-06T09:38:02.121+0200][16.742s][info][safepoint    ] Leaving safepoint region
[2025-06-06T09:38:02.121+0200][16.742s][info][safepoint    ] Total time for which application threads were stopped: 0.0000408 seconds, Stopping threads took: 0.0000268 seconds
[2025-06-06T09:38:02.159+0200][16.781s][info][safepoint    ] Application time: 0.0381604 seconds
[2025-06-06T09:38:02.159+0200][16.781s][info][safepoint    ] Entering safepoint region: RevokeBias
[2025-06-06T09:38:02.159+0200][16.781s][info][safepoint    ] Leaving safepoint region
[2025-06-06T09:38:02.159+0200][16.781s][info][safepoint    ] Total time for which application threads were stopped: 0.0000749 seconds, Stopping threads took: 0.0000432 seconds
[2025-06-06T09:38:02.160+0200][16.781s][info][safepoint    ] Application time: 0.0003321 seconds
[2025-06-06T09:38:02.160+0200][16.781s][info][safepoint    ] Entering safepoint region: RevokeBias
[2025-06-06T09:38:02.160+0200][16.781s][info][safepoint    ] Leaving safepoint region
[2025-06-06T09:38:02.160+0200][16.781s][info][safepoint    ] Total time for which application threads were stopped: 0.0000632 seconds, Stopping threads took: 0.0000374 seconds
[2025-06-06T09:38:02.167+0200][16.788s][info][safepoint    ] Application time: 0.0067447 seconds
[2025-06-06T09:38:02.167+0200][16.788s][info][safepoint    ] Entering safepoint region: BulkRevokeBias
[2025-06-06T09:38:02.167+0200][16.788s][info][safepoint    ] Leaving safepoint region
[2025-06-06T09:38:02.167+0200][16.788s][info][safepoint    ] Total time for which application threads were stopped: 0.0003830 seconds, Stopping threads took: 0.0001153 seconds
[2025-06-06T09:38:02.167+0200][16.789s][info][safepoint    ] Application time: 0.0003245 seconds
[2025-06-06T09:38:02.167+0200][16.789s][info][safepoint    ] Entering safepoint region: RevokeBias
[2025-06-06T09:38:02.167+0200][16.789s][info][safepoint    ] Leaving safepoint region
[2025-06-06T09:38:02.167+0200][16.789s][info][safepoint    ] Total time for which application threads were stopped: 0.0000266 seconds, Stopping threads took: 0.0000070 seconds
[2025-06-06T09:38:02.167+0200][16.789s][info][safepoint    ] Application time: 0.0000791 seconds
[2025-06-06T09:38:02.167+0200][16.789s][info][safepoint    ] Entering safepoint region: RevokeBias
[2025-06-06T09:38:02.167+0200][16.789s][info][safepoint    ] Leaving safepoint region
[2025-06-06T09:38:02.167+0200][16.789s][info][safepoint    ] Total time for which application threads were stopped: 0.0000239 seconds, Stopping threads took: 0.0000045 seconds
[2025-06-06T09:38:02.167+0200][16.789s][info][safepoint    ] Application time: 0.0000140 seconds
[2025-06-06T09:38:02.168+0200][16.789s][info][safepoint    ] Entering safepoint region: RevokeBias
[2025-06-06T09:38:02.168+0200][16.789s][info][safepoint    ] Leaving safepoint region
[2025-06-06T09:38:02.168+0200][16.789s][info][safepoint    ] Total time for which application threads were stopped: 0.0000215 seconds, Stopping threads took: 0.0000061 seconds
[2025-06-06T09:38:02.168+0200][16.789s][info][safepoint    ] Application time: 0.0000324 seconds
[2025-06-06T09:38:02.168+0200][16.789s][info][safepoint    ] Entering safepoint region: RevokeBias
[2025-06-06T09:38:02.168+0200][16.789s][info][safepoint    ] Leaving safepoint region
[2025-06-06T09:38:02.168+0200][16.789s][info][safepoint    ] Total time for which application threads were stopped: 0.0000242 seconds, Stopping threads took: 0.0000119 seconds
[2025-06-06T09:38:02.168+0200][16.789s][info][safepoint    ] Application time: 0.0000163 seconds
[2025-06-06T09:38:02.168+0200][16.789s][info][safepoint    ] Entering safepoint region: RevokeBias
[2025-06-06T09:38:02.168+0200][16.789s][info][safepoint    ] Leaving safepoint region
[2025-06-06T09:38:02.168+0200][16.789s][info][safepoint    ] Total time for which application threads were stopped: 0.0000165 seconds, Stopping threads took: 0.0000038 seconds
[2025-06-06T09:38:02.168+0200][16.789s][info][safepoint    ] Application time: 0.0000156 seconds
[2025-06-06T09:38:02.168+0200][16.789s][info][safepoint    ] Entering safepoint region: RevokeBias
[2025-06-06T09:38:02.168+0200][16.789s][info][safepoint    ] Leaving safepoint region
[2025-06-06T09:38:02.168+0200][16.789s][info][safepoint    ] Total time for which application threads were stopped: 0.0000151 seconds, Stopping threads took: 0.0000039 seconds
[2025-06-06T09:38:02.180+0200][16.801s][info][safepoint    ] Application time: 0.0121346 seconds
[2025-06-06T09:38:02.180+0200][16.801s][info][safepoint    ] Entering safepoint region: RevokeBias
[2025-06-06T09:38:02.180+0200][16.801s][info][safepoint    ] Leaving safepoint region
[2025-06-06T09:38:02.180+0200][16.801s][info][safepoint    ] Total time for which application threads were stopped: 0.0000422 seconds, Stopping threads took: 0.0000195 seconds
[2025-06-06T09:38:02.187+0200][16.808s][info][safepoint    ] Application time: 0.0070929 seconds
[2025-06-06T09:38:02.187+0200][16.808s][info][safepoint    ] Entering safepoint region: RevokeBias
[2025-06-06T09:38:02.187+0200][16.809s][info][safepoint    ] Leaving safepoint region
[2025-06-06T09:38:02.187+0200][16.809s][info][safepoint    ] Total time for which application threads were stopped: 0.0000288 seconds, Stopping threads took: 0.0000079 seconds
[2025-06-06T09:38:02.217+0200][16.839s][info][safepoint    ] Application time: 0.0300099 seconds
[2025-06-06T09:38:02.217+0200][16.839s][info][safepoint    ] Entering safepoint region: RevokeBias
[2025-06-06T09:38:02.217+0200][16.839s][info][safepoint    ] Leaving safepoint region
[2025-06-06T09:38:02.217+0200][16.839s][info][safepoint    ] Total time for which application threads were stopped: 0.0000373 seconds, Stopping threads took: 0.0000085 seconds
[2025-06-06T09:38:02.225+0200][16.846s][info][safepoint    ] Application time: 0.0075653 seconds
[2025-06-06T09:38:02.225+0200][16.846s][info][safepoint    ] Entering safepoint region: RevokeBias
[2025-06-06T09:38:02.225+0200][16.846s][info][safepoint    ] Leaving safepoint region
[2025-06-06T09:38:02.225+0200][16.846s][info][safepoint    ] Total time for which application threads were stopped: 0.0000319 seconds, Stopping threads took: 0.0000086 seconds
[2025-06-06T09:38:02.225+0200][16.846s][info][safepoint    ] Application time: 0.0001151 seconds
[2025-06-06T09:38:02.225+0200][16.846s][info][safepoint    ] Entering safepoint region: RevokeBias
[2025-06-06T09:38:02.225+0200][16.846s][info][safepoint    ] Leaving safepoint region
[2025-06-06T09:38:02.225+0200][16.846s][info][safepoint    ] Total time for which application threads were stopped: 0.0000222 seconds, Stopping threads took: 0.0000057 seconds
[2025-06-06T09:38:02.227+0200][16.848s][info][safepoint    ] Application time: 0.0017459 seconds
[2025-06-06T09:38:02.227+0200][16.848s][info][safepoint    ] Entering safepoint region: RevokeBias
[2025-06-06T09:38:02.227+0200][16.848s][info][safepoint    ] Leaving safepoint region
[2025-06-06T09:38:02.227+0200][16.848s][info][safepoint    ] Total time for which application threads were stopped: 0.0000264 seconds, Stopping threads took: 0.0000063 seconds
[2025-06-06T09:38:02.227+0200][16.848s][info][safepoint    ] Application time: 0.0000138 seconds
[2025-06-06T09:38:02.227+0200][16.848s][info][safepoint    ] Entering safepoint region: RevokeBias
[2025-06-06T09:38:02.227+0200][16.848s][info][safepoint    ] Leaving safepoint region
[2025-06-06T09:38:02.227+0200][16.848s][info][safepoint    ] Total time for which application threads were stopped: 0.0000205 seconds, Stopping threads took: 0.0000059 seconds
[2025-06-06T09:38:02.232+0200][16.854s][info][safepoint    ] Application time: 0.0053587 seconds
[2025-06-06T09:38:02.232+0200][16.854s][info][safepoint    ] Entering safepoint region: RevokeBias
[2025-06-06T09:38:02.232+0200][16.854s][info][safepoint    ] Leaving safepoint region
[2025-06-06T09:38:02.232+0200][16.854s][info][safepoint    ] Total time for which application threads were stopped: 0.0000240 seconds, Stopping threads took: 0.0000069 seconds
[2025-06-06T09:38:02.233+0200][16.855s][info][safepoint    ] Application time: 0.0014095 seconds
[2025-06-06T09:38:02.234+0200][16.855s][info][safepoint    ] Entering safepoint region: RevokeBias
[2025-06-06T09:38:02.234+0200][16.855s][info][safepoint    ] Leaving safepoint region
[2025-06-06T09:38:02.234+0200][16.855s][info][safepoint    ] Total time for which application threads were stopped: 0.0000249 seconds, Stopping threads took: 0.0000059 seconds
[2025-06-06T09:38:02.239+0200][16.860s][info][safepoint    ] Application time: 0.0050025 seconds
[2025-06-06T09:38:02.239+0200][16.860s][info][safepoint    ] Entering safepoint region: RevokeBias
[2025-06-06T09:38:02.239+0200][16.860s][info][safepoint    ] Leaving safepoint region
[2025-06-06T09:38:02.239+0200][16.860s][info][safepoint    ] Total time for which application threads were stopped: 0.0000167 seconds, Stopping threads took: 0.0000048 seconds
[2025-06-06T09:38:02.244+0200][16.865s][info][safepoint    ] Application time: 0.0052621 seconds
[2025-06-06T09:38:02.244+0200][16.865s][info][safepoint    ] Entering safepoint region: RevokeBias
[2025-06-06T09:38:02.244+0200][16.865s][info][safepoint    ] Leaving safepoint region
[2025-06-06T09:38:02.244+0200][16.865s][info][safepoint    ] Total time for which application threads were stopped: 0.0000270 seconds, Stopping threads took: 0.0000067 seconds
[2025-06-06T09:38:02.273+0200][16.895s][info][safepoint    ] Application time: 0.0293787 seconds
[2025-06-06T09:38:02.273+0200][16.895s][info][safepoint    ] Entering safepoint region: RevokeBias
[2025-06-06T09:38:02.273+0200][16.895s][info][safepoint    ] Leaving safepoint region
[2025-06-06T09:38:02.273+0200][16.895s][info][safepoint    ] Total time for which application threads were stopped: 0.0000400 seconds, Stopping threads took: 0.0000096 seconds
[2025-06-06T09:38:02.404+0200][17.026s][info][safepoint    ] Application time: 0.1310295 seconds
[2025-06-06T09:38:02.404+0200][17.026s][info][safepoint    ] Entering safepoint region: RevokeBias
[2025-06-06T09:38:02.404+0200][17.026s][info][safepoint    ] Leaving safepoint region
[2025-06-06T09:38:02.404+0200][17.026s][info][safepoint    ] Total time for which application threads were stopped: 0.0000475 seconds, Stopping threads took: 0.0000098 seconds
[2025-06-06T09:38:02.405+0200][17.027s][info][safepoint    ] Application time: 0.0009698 seconds
[2025-06-06T09:38:02.405+0200][17.027s][info][safepoint    ] Entering safepoint region: RevokeBias
[2025-06-06T09:38:02.406+0200][17.027s][info][safepoint    ] Leaving safepoint region
[2025-06-06T09:38:02.406+0200][17.027s][info][safepoint    ] Total time for which application threads were stopped: 0.0000746 seconds, Stopping threads took: 0.0000531 seconds
[2025-06-06T09:38:02.406+0200][17.027s][info][safepoint    ] Application time: 0.0004261 seconds
[2025-06-06T09:38:02.406+0200][17.027s][info][safepoint    ] Entering safepoint region: RevokeBias
[2025-06-06T09:38:02.406+0200][17.027s][info][safepoint    ] Leaving safepoint region
[2025-06-06T09:38:02.406+0200][17.027s][info][safepoint    ] Total time for which application threads were stopped: 0.0000235 seconds, Stopping threads took: 0.0000070 seconds
[2025-06-06T09:38:02.406+0200][17.028s][info][safepoint    ] Application time: 0.0000200 seconds
[2025-06-06T09:38:02.406+0200][17.028s][info][safepoint    ] Entering safepoint region: RevokeBias
[2025-06-06T09:38:02.406+0200][17.028s][info][safepoint    ] Leaving safepoint region
[2025-06-06T09:38:02.406+0200][17.028s][info][safepoint    ] Total time for which application threads were stopped: 0.0000140 seconds, Stopping threads took: 0.0000045 seconds
[2025-06-06T09:38:02.406+0200][17.028s][info][safepoint    ] Application time: 0.0000115 seconds
[2025-06-06T09:38:02.406+0200][17.028s][info][safepoint    ] Entering safepoint region: RevokeBias
[2025-06-06T09:38:02.406+0200][17.028s][info][safepoint    ] Leaving safepoint region
[2025-06-06T09:38:02.406+0200][17.028s][info][safepoint    ] Total time for which application threads were stopped: 0.0000136 seconds, Stopping threads took: 0.0000041 seconds
[2025-06-06T09:38:02.406+0200][17.028s][info][safepoint    ] Application time: 0.0000567 seconds
[2025-06-06T09:38:02.406+0200][17.028s][info][safepoint    ] Entering safepoint region: RevokeBias
[2025-06-06T09:38:02.406+0200][17.028s][info][safepoint    ] Leaving safepoint region
[2025-06-06T09:38:02.406+0200][17.028s][info][safepoint    ] Total time for which application threads were stopped: 0.0000155 seconds, Stopping threads took: 0.0000038 seconds
[2025-06-06T09:38:02.408+0200][17.029s][info][safepoint    ] Application time: 0.0017466 seconds
[2025-06-06T09:38:02.408+0200][17.029s][info][safepoint    ] Entering safepoint region: RevokeBias
[2025-06-06T09:38:02.408+0200][17.030s][info][safepoint    ] Leaving safepoint region
[2025-06-06T09:38:02.408+0200][17.030s][info][safepoint    ] Total time for which application threads were stopped: 0.0001041 seconds, Stopping threads took: 0.0000364 seconds
[2025-06-06T09:38:02.432+0200][17.054s][info][safepoint    ] Application time: 0.0240803 seconds
[2025-06-06T09:38:02.433+0200][17.055s][info][safepoint    ] Entering safepoint region: RevokeBias
[2025-06-06T09:38:02.434+0200][17.056s][info][safepoint    ] Leaving safepoint region
[2025-06-06T09:38:02.434+0200][17.056s][info][safepoint    ] Total time for which application threads were stopped: 0.0012345 seconds, Stopping threads took: 0.0010857 seconds
[2025-06-06T09:38:02.434+0200][17.056s][info][safepoint    ] Application time: 0.0001383 seconds
[2025-06-06T09:38:02.434+0200][17.056s][info][safepoint    ] Entering safepoint region: RevokeBias
[2025-06-06T09:38:02.435+0200][17.056s][info][safepoint    ] Leaving safepoint region
[2025-06-06T09:38:02.435+0200][17.056s][info][safepoint    ] Total time for which application threads were stopped: 0.0002146 seconds, Stopping threads took: 0.0001620 seconds
[2025-06-06T09:38:02.435+0200][17.056s][info][safepoint    ] Application time: 0.0002575 seconds
[2025-06-06T09:38:02.435+0200][17.056s][info][safepoint    ] Entering safepoint region: RevokeBias
[2025-06-06T09:38:02.435+0200][17.056s][info][safepoint    ] Leaving safepoint region
[2025-06-06T09:38:02.435+0200][17.056s][info][safepoint    ] Total time for which application threads were stopped: 0.0000296 seconds, Stopping threads took: 0.0000070 seconds
[2025-06-06T09:38:02.435+0200][17.057s][info][safepoint    ] Application time: 0.0001524 seconds
[2025-06-06T09:38:02.435+0200][17.057s][info][safepoint    ] Entering safepoint region: RevokeBias
[2025-06-06T09:38:02.435+0200][17.057s][info][safepoint    ] Leaving safepoint region
[2025-06-06T09:38:02.435+0200][17.057s][info][safepoint    ] Total time for which application threads were stopped: 0.0001860 seconds, Stopping threads took: 0.0001096 seconds
[2025-06-06T09:38:02.437+0200][17.058s][info][safepoint    ] Application time: 0.0013818 seconds
[2025-06-06T09:38:02.437+0200][17.059s][info][safepoint    ] Entering safepoint region: RevokeBias
[2025-06-06T09:38:02.437+0200][17.059s][info][safepoint    ] Leaving safepoint region
[2025-06-06T09:38:02.437+0200][17.059s][info][safepoint    ] Total time for which application threads were stopped: 0.0002848 seconds, Stopping threads took: 0.0002003 seconds
[2025-06-06T09:38:02.438+0200][17.059s][info][safepoint    ] Application time: 0.0004178 seconds
[2025-06-06T09:38:02.438+0200][17.059s][info][safepoint    ] Entering safepoint region: RevokeBias
[2025-06-06T09:38:02.438+0200][17.059s][info][safepoint    ] Leaving safepoint region
[2025-06-06T09:38:02.438+0200][17.059s][info][safepoint    ] Total time for which application threads were stopped: 0.0000646 seconds, Stopping threads took: 0.0000450 seconds
[2025-06-06T09:38:02.438+0200][17.060s][info][safepoint    ] Application time: 0.0003213 seconds
[2025-06-06T09:38:02.438+0200][17.060s][info][safepoint    ] Entering safepoint region: RevokeBias
[2025-06-06T09:38:02.438+0200][17.060s][info][safepoint    ] Leaving safepoint region
[2025-06-06T09:38:02.438+0200][17.060s][info][safepoint    ] Total time for which application threads were stopped: 0.0000833 seconds, Stopping threads took: 0.0000598 seconds
[2025-06-06T09:38:02.438+0200][17.060s][info][safepoint    ] Application time: 0.0000477 seconds
[2025-06-06T09:38:02.438+0200][17.060s][info][safepoint    ] Entering safepoint region: RevokeBias
[2025-06-06T09:38:02.438+0200][17.060s][info][safepoint    ] Leaving safepoint region
[2025-06-06T09:38:02.438+0200][17.060s][info][safepoint    ] Total time for which application threads were stopped: 0.0000772 seconds, Stopping threads took: 0.0000602 seconds
[2025-06-06T09:38:02.439+0200][17.060s][info][safepoint    ] Application time: 0.0001416 seconds
[2025-06-06T09:38:02.439+0200][17.060s][info][safepoint    ] Entering safepoint region: RevokeBias
[2025-06-06T09:38:02.439+0200][17.060s][info][safepoint    ] Leaving safepoint region
[2025-06-06T09:38:02.439+0200][17.060s][info][safepoint    ] Total time for which application threads were stopped: 0.0000553 seconds, Stopping threads took: 0.0000315 seconds
[2025-06-06T09:38:02.439+0200][17.060s][info][safepoint    ] Application time: 0.0000937 seconds
[2025-06-06T09:38:02.439+0200][17.060s][info][safepoint    ] Entering safepoint region: RevokeBias
[2025-06-06T09:38:02.439+0200][17.060s][info][safepoint    ] Leaving safepoint region
[2025-06-06T09:38:02.439+0200][17.060s][info][safepoint    ] Total time for which application threads were stopped: 0.0001224 seconds, Stopping threads took: 0.0000637 seconds
[2025-06-06T09:38:02.440+0200][17.062s][info][safepoint    ] Application time: 0.0011951 seconds
[2025-06-06T09:38:02.440+0200][17.062s][info][safepoint    ] Entering safepoint region: RevokeBias
[2025-06-06T09:38:02.440+0200][17.062s][info][safepoint    ] Leaving safepoint region
[2025-06-06T09:38:02.440+0200][17.062s][info][safepoint    ] Total time for which application threads were stopped: 0.0000799 seconds, Stopping threads took: 0.0000428 seconds
[2025-06-06T09:38:02.448+0200][17.070s][info][safepoint    ] Application time: 0.0081266 seconds
[2025-06-06T09:38:02.448+0200][17.070s][info][safepoint    ] Entering safepoint region: RevokeBias
[2025-06-06T09:38:02.449+0200][17.071s][info][safepoint    ] Leaving safepoint region
[2025-06-06T09:38:02.449+0200][17.071s][info][safepoint    ] Total time for which application threads were stopped: 0.0008822 seconds, Stopping threads took: 0.0000727 seconds
[2025-06-06T09:38:02.455+0200][17.077s][info][safepoint    ] Application time: 0.0058318 seconds
[2025-06-06T09:38:02.455+0200][17.077s][info][safepoint    ] Entering safepoint region: RevokeBias
[2025-06-06T09:38:02.455+0200][17.077s][info][safepoint    ] Leaving safepoint region
[2025-06-06T09:38:02.455+0200][17.077s][info][safepoint    ] Total time for which application threads were stopped: 0.0000956 seconds, Stopping threads took: 0.0000084 seconds
[2025-06-06T09:38:02.455+0200][17.077s][info][safepoint    ] Application time: 0.0000589 seconds
[2025-06-06T09:38:02.455+0200][17.077s][info][safepoint    ] Entering safepoint region: RevokeBias
[2025-06-06T09:38:02.455+0200][17.077s][info][safepoint    ] Leaving safepoint region
[2025-06-06T09:38:02.455+0200][17.077s][info][safepoint    ] Total time for which application threads were stopped: 0.0000247 seconds, Stopping threads took: 0.0000058 seconds
[2025-06-06T09:38:02.457+0200][17.078s][info][safepoint    ] Application time: 0.0011179 seconds
[2025-06-06T09:38:02.457+0200][17.078s][info][safepoint    ] Entering safepoint region: RevokeBias
[2025-06-06T09:38:02.457+0200][17.078s][info][safepoint    ] Leaving safepoint region
[2025-06-06T09:38:02.457+0200][17.078s][info][safepoint    ] Total time for which application threads were stopped: 0.0000323 seconds, Stopping threads took: 0.0000092 seconds
[2025-06-06T09:38:02.457+0200][17.078s][info][safepoint    ] Application time: 0.0002165 seconds
[2025-06-06T09:38:02.459+0200][17.080s][info][safepoint    ] Entering safepoint region: RevokeBias
[2025-06-06T09:38:02.459+0200][17.081s][info][safepoint    ] Leaving safepoint region
[2025-06-06T09:38:02.459+0200][17.081s][info][safepoint    ] Total time for which application threads were stopped: 0.0024375 seconds, Stopping threads took: 0.0021161 seconds
[2025-06-06T09:38:02.460+0200][17.082s][info][safepoint    ] Application time: 0.0009504 seconds
[2025-06-06T09:38:02.460+0200][17.082s][info][safepoint    ] Entering safepoint region: RevokeBias
[2025-06-06T09:38:02.460+0200][17.082s][info][safepoint    ] Leaving safepoint region
[2025-06-06T09:38:02.460+0200][17.082s][info][safepoint    ] Total time for which application threads were stopped: 0.0000410 seconds, Stopping threads took: 0.0000216 seconds
[2025-06-06T09:38:02.460+0200][17.082s][info][safepoint    ] Application time: 0.0000408 seconds
[2025-06-06T09:38:02.460+0200][17.082s][info][safepoint    ] Entering safepoint region: RevokeBias
[2025-06-06T09:38:02.460+0200][17.082s][info][safepoint    ] Leaving safepoint region
[2025-06-06T09:38:02.460+0200][17.082s][info][safepoint    ] Total time for which application threads were stopped: 0.0000163 seconds, Stopping threads took: 0.0000043 seconds
[2025-06-06T09:38:02.460+0200][17.082s][info][safepoint    ] Application time: 0.0000290 seconds
[2025-06-06T09:38:02.461+0200][17.082s][info][safepoint    ] Entering safepoint region: RevokeBias
[2025-06-06T09:38:02.461+0200][17.082s][info][safepoint    ] Leaving safepoint region
[2025-06-06T09:38:02.461+0200][17.082s][info][safepoint    ] Total time for which application threads were stopped: 0.0000997 seconds, Stopping threads took: 0.0000828 seconds
[2025-06-06T09:38:02.514+0200][17.136s][info][safepoint    ] Application time: 0.0534653 seconds
[2025-06-06T09:38:02.514+0200][17.136s][info][safepoint    ] Entering safepoint region: RevokeBias
[2025-06-06T09:38:02.514+0200][17.136s][info][safepoint    ] Leaving safepoint region
[2025-06-06T09:38:02.514+0200][17.136s][info][safepoint    ] Total time for which application threads were stopped: 0.0001267 seconds, Stopping threads took: 0.0000111 seconds
[2025-06-06T09:38:02.514+0200][17.136s][info][safepoint    ] Application time: 0.0002201 seconds
[2025-06-06T09:38:02.515+0200][17.136s][info][safepoint    ] Entering safepoint region: RevokeBias
[2025-06-06T09:38:02.515+0200][17.136s][info][safepoint    ] Leaving safepoint region
[2025-06-06T09:38:02.515+0200][17.136s][info][safepoint    ] Total time for which application threads were stopped: 0.0000256 seconds, Stopping threads took: 0.0000060 seconds
[2025-06-06T09:38:02.517+0200][17.139s][info][safepoint    ] Application time: 0.0025553 seconds
[2025-06-06T09:38:02.517+0200][17.139s][info][safepoint    ] Entering safepoint region: RevokeBias
[2025-06-06T09:38:02.525+0200][17.147s][info][safepoint    ] Leaving safepoint region
[2025-06-06T09:38:02.525+0200][17.147s][info][safepoint    ] Total time for which application threads were stopped: 0.0079968 seconds, Stopping threads took: 0.0002491 seconds
[2025-06-06T09:38:02.528+0200][17.149s][info][safepoint    ] Application time: 0.0024746 seconds
[2025-06-06T09:38:02.528+0200][17.149s][info][safepoint    ] Entering safepoint region: RevokeBias
[2025-06-06T09:38:02.528+0200][17.149s][info][safepoint    ] Leaving safepoint region
[2025-06-06T09:38:02.528+0200][17.149s][info][safepoint    ] Total time for which application threads were stopped: 0.0001653 seconds, Stopping threads took: 0.0000673 seconds
[2025-06-06T09:38:02.528+0200][17.149s][info][safepoint    ] Application time: 0.0001443 seconds
[2025-06-06T09:38:02.528+0200][17.149s][info][safepoint    ] Entering safepoint region: RevokeBias
[2025-06-06T09:38:02.528+0200][17.150s][info][safepoint    ] Leaving safepoint region
[2025-06-06T09:38:02.528+0200][17.150s][info][safepoint    ] Total time for which application threads were stopped: 0.0000545 seconds, Stopping threads took: 0.0000335 seconds
[2025-06-06T09:38:02.529+0200][17.150s][info][safepoint    ] Application time: 0.0005485 seconds
[2025-06-06T09:38:02.529+0200][17.150s][info][safepoint    ] Entering safepoint region: RevokeBias
[2025-06-06T09:38:02.529+0200][17.150s][info][safepoint    ] Leaving safepoint region
[2025-06-06T09:38:02.529+0200][17.150s][info][safepoint    ] Total time for which application threads were stopped: 0.0000743 seconds, Stopping threads took: 0.0000315 seconds
[2025-06-06T09:38:02.530+0200][17.151s][info][safepoint    ] Application time: 0.0011282 seconds
[2025-06-06T09:38:02.531+0200][17.152s][info][safepoint    ] Entering safepoint region: RevokeBias
[2025-06-06T09:38:02.531+0200][17.152s][info][safepoint    ] Leaving safepoint region
[2025-06-06T09:38:02.531+0200][17.152s][info][safepoint    ] Total time for which application threads were stopped: 0.0011383 seconds, Stopping threads took: 0.0009505 seconds
[2025-06-06T09:38:02.543+0200][17.164s][info][safepoint    ] Application time: 0.0116524 seconds
[2025-06-06T09:38:02.543+0200][17.165s][info][safepoint    ] Entering safepoint region: RevokeBias
[2025-06-06T09:38:02.566+0200][17.188s][info][safepoint    ] Leaving safepoint region
[2025-06-06T09:38:02.566+0200][17.188s][info][safepoint    ] Total time for which application threads were stopped: 0.0235172 seconds, Stopping threads took: 0.0003940 seconds
[2025-06-06T09:38:02.616+0200][17.237s][info][safepoint    ] Application time: 0.0497944 seconds
[2025-06-06T09:38:02.616+0200][17.238s][info][safepoint    ] Entering safepoint region: RevokeBias
[2025-06-06T09:38:02.616+0200][17.238s][info][safepoint    ] Leaving safepoint region
[2025-06-06T09:38:02.616+0200][17.238s][info][safepoint    ] Total time for which application threads were stopped: 0.0002407 seconds, Stopping threads took: 0.0001411 seconds
[2025-06-06T09:38:02.627+0200][17.249s][info][safepoint    ] Application time: 0.0110359 seconds
[2025-06-06T09:38:02.631+0200][17.253s][info][safepoint    ] Entering safepoint region: RevokeBias
[2025-06-06T09:38:02.632+0200][17.253s][info][safepoint    ] Leaving safepoint region
[2025-06-06T09:38:02.632+0200][17.253s][info][safepoint    ] Total time for which application threads were stopped: 0.0043598 seconds, Stopping threads took: 0.0042048 seconds
[2025-06-06T09:38:02.633+0200][17.254s][info][safepoint    ] Application time: 0.0011234 seconds
[2025-06-06T09:38:02.633+0200][17.254s][info][safepoint    ] Entering safepoint region: RevokeBias
[2025-06-06T09:38:02.633+0200][17.254s][info][safepoint    ] Leaving safepoint region
[2025-06-06T09:38:02.633+0200][17.254s][info][safepoint    ] Total time for which application threads were stopped: 0.0001509 seconds, Stopping threads took: 0.0000742 seconds
[2025-06-06T09:38:03.064+0200][17.685s][info][safepoint    ] Application time: 0.4305543 seconds
[2025-06-06T09:38:03.065+0200][17.687s][info][safepoint    ] Entering safepoint region: RevokeBias
[2025-06-06T09:38:03.065+0200][17.687s][info][safepoint    ] Leaving safepoint region
[2025-06-06T09:38:03.065+0200][17.687s][info][safepoint    ] Total time for which application threads were stopped: 0.0016719 seconds, Stopping threads took: 0.0016100 seconds
[2025-06-06T09:38:03.065+0200][17.687s][info][safepoint    ] Application time: 0.0000187 seconds
[2025-06-06T09:38:03.065+0200][17.687s][info][safepoint    ] Entering safepoint region: RevokeBias
[2025-06-06T09:38:03.065+0200][17.687s][info][safepoint    ] Leaving safepoint region
[2025-06-06T09:38:03.065+0200][17.687s][info][safepoint    ] Total time for which application threads were stopped: 0.0000301 seconds, Stopping threads took: 0.0000141 seconds
[2025-06-06T09:38:03.065+0200][17.687s][info][safepoint    ] Application time: 0.0000628 seconds
[2025-06-06T09:38:03.065+0200][17.687s][info][safepoint    ] Entering safepoint region: RevokeBias
[2025-06-06T09:38:03.065+0200][17.687s][info][safepoint    ] Leaving safepoint region
[2025-06-06T09:38:03.065+0200][17.687s][info][safepoint    ] Total time for which application threads were stopped: 0.0000190 seconds, Stopping threads took: 0.0000044 seconds
[2025-06-06T09:38:03.080+0200][17.702s][info][safepoint    ] Application time: 0.0148480 seconds
[2025-06-06T09:38:03.080+0200][17.702s][info][safepoint    ] Entering safepoint region: RevokeBias
[2025-06-06T09:38:03.080+0200][17.702s][info][safepoint    ] Leaving safepoint region
[2025-06-06T09:38:03.080+0200][17.702s][info][safepoint    ] Total time for which application threads were stopped: 0.0000919 seconds, Stopping threads took: 0.0000447 seconds
[2025-06-06T09:38:03.080+0200][17.702s][info][safepoint    ] Application time: 0.0000665 seconds
[2025-06-06T09:38:03.081+0200][17.702s][info][safepoint    ] Entering safepoint region: RevokeBias
[2025-06-06T09:38:03.081+0200][17.702s][info][safepoint    ] Leaving safepoint region
[2025-06-06T09:38:03.081+0200][17.702s][info][safepoint    ] Total time for which application threads were stopped: 0.0000531 seconds, Stopping threads took: 0.0000372 seconds
[2025-06-06T09:38:03.081+0200][17.702s][info][safepoint    ] Application time: 0.0000520 seconds
[2025-06-06T09:38:03.081+0200][17.702s][info][safepoint    ] Entering safepoint region: RevokeBias
[2025-06-06T09:38:03.081+0200][17.702s][info][safepoint    ] Leaving safepoint region
[2025-06-06T09:38:03.081+0200][17.702s][info][safepoint    ] Total time for which application threads were stopped: 0.0000458 seconds, Stopping threads took: 0.0000321 seconds
[2025-06-06T09:38:03.093+0200][17.714s][info][safepoint    ] Application time: 0.0122359 seconds
[2025-06-06T09:38:03.093+0200][17.714s][info][safepoint    ] Entering safepoint region: RevokeBias
[2025-06-06T09:38:03.093+0200][17.715s][info][safepoint    ] Leaving safepoint region
[2025-06-06T09:38:03.093+0200][17.715s][info][safepoint    ] Total time for which application threads were stopped: 0.0000780 seconds, Stopping threads took: 0.0000442 seconds
[2025-06-06T09:38:03.094+0200][17.715s][info][safepoint    ] Application time: 0.0006710 seconds
[2025-06-06T09:38:03.094+0200][17.715s][info][safepoint    ] Entering safepoint region: RevokeBias
[2025-06-06T09:38:03.094+0200][17.715s][info][safepoint    ] Leaving safepoint region
[2025-06-06T09:38:03.094+0200][17.715s][info][safepoint    ] Total time for which application threads were stopped: 0.0000696 seconds, Stopping threads took: 0.0000060 seconds
[2025-06-06T09:38:03.094+0200][17.716s][info][safepoint    ] Application time: 0.0005162 seconds
[2025-06-06T09:38:03.094+0200][17.716s][info][safepoint    ] Entering safepoint region: RevokeBias
[2025-06-06T09:38:03.094+0200][17.716s][info][safepoint    ] Leaving safepoint region
[2025-06-06T09:38:03.094+0200][17.716s][info][safepoint    ] Total time for which application threads were stopped: 0.0000546 seconds, Stopping threads took: 0.0000295 seconds
[2025-06-06T09:38:03.098+0200][17.719s][info][safepoint    ] Application time: 0.0036143 seconds
[2025-06-06T09:38:03.098+0200][17.720s][info][safepoint    ] Entering safepoint region: RevokeBias
[2025-06-06T09:38:03.098+0200][17.720s][info][safepoint    ] Leaving safepoint region
[2025-06-06T09:38:03.098+0200][17.720s][info][safepoint    ] Total time for which application threads were stopped: 0.0000452 seconds, Stopping threads took: 0.0000088 seconds
[2025-06-06T09:38:03.098+0200][17.720s][info][safepoint    ] Application time: 0.0000137 seconds
[2025-06-06T09:38:03.098+0200][17.720s][info][safepoint    ] Entering safepoint region: RevokeBias
[2025-06-06T09:38:03.098+0200][17.720s][info][safepoint    ] Leaving safepoint region
[2025-06-06T09:38:03.098+0200][17.720s][info][safepoint    ] Total time for which application threads were stopped: 0.0000176 seconds, Stopping threads took: 0.0000053 seconds
[2025-06-06T09:38:03.098+0200][17.720s][info][safepoint    ] Application time: 0.0000139 seconds
[2025-06-06T09:38:03.098+0200][17.720s][info][safepoint    ] Entering safepoint region: RevokeBias
[2025-06-06T09:38:03.098+0200][17.720s][info][safepoint    ] Leaving safepoint region
[2025-06-06T09:38:03.098+0200][17.720s][info][safepoint    ] Total time for which application threads were stopped: 0.0000155 seconds, Stopping threads took: 0.0000041 seconds
[2025-06-06T09:38:03.098+0200][17.720s][info][safepoint    ] Application time: 0.0000158 seconds
[2025-06-06T09:38:03.098+0200][17.720s][info][safepoint    ] Entering safepoint region: RevokeBias
[2025-06-06T09:38:03.098+0200][17.720s][info][safepoint    ] Leaving safepoint region
[2025-06-06T09:38:03.098+0200][17.720s][info][safepoint    ] Total time for which application threads were stopped: 0.0000182 seconds, Stopping threads took: 0.0000039 seconds
[2025-06-06T09:38:03.104+0200][17.725s][info][safepoint    ] Application time: 0.0053982 seconds
[2025-06-06T09:38:03.104+0200][17.725s][info][safepoint    ] Entering safepoint region: RevokeBias
[2025-06-06T09:38:03.104+0200][17.725s][info][safepoint    ] Leaving safepoint region
[2025-06-06T09:38:03.104+0200][17.725s][info][safepoint    ] Total time for which application threads were stopped: 0.0001349 seconds, Stopping threads took: 0.0000273 seconds
[2025-06-06T09:38:03.104+0200][17.725s][info][safepoint    ] Application time: 0.0001421 seconds
[2025-06-06T09:38:03.104+0200][17.725s][info][safepoint    ] Entering safepoint region: RevokeBias
[2025-06-06T09:38:03.104+0200][17.725s][info][safepoint    ] Leaving safepoint region
[2025-06-06T09:38:03.104+0200][17.725s][info][safepoint    ] Total time for which application threads were stopped: 0.0000360 seconds, Stopping threads took: 0.0000149 seconds
[2025-06-06T09:38:03.104+0200][17.726s][info][safepoint    ] Application time: 0.0000343 seconds
[2025-06-06T09:38:03.104+0200][17.726s][info][safepoint    ] Entering safepoint region: RevokeBias
[2025-06-06T09:38:03.104+0200][17.726s][info][safepoint    ] Leaving safepoint region
[2025-06-06T09:38:03.104+0200][17.726s][info][safepoint    ] Total time for which application threads were stopped: 0.0003087 seconds, Stopping threads took: 0.0000045 seconds
[2025-06-06T09:38:03.105+0200][17.726s][info][safepoint    ] Application time: 0.0001936 seconds
[2025-06-06T09:38:03.105+0200][17.726s][info][safepoint    ] Entering safepoint region: RevokeBias
[2025-06-06T09:38:03.105+0200][17.726s][info][safepoint    ] Leaving safepoint region
[2025-06-06T09:38:03.105+0200][17.726s][info][safepoint    ] Total time for which application threads were stopped: 0.0000546 seconds, Stopping threads took: 0.0000165 seconds
[2025-06-06T09:38:03.105+0200][17.726s][info][safepoint    ] Application time: 0.0000433 seconds
[2025-06-06T09:38:03.105+0200][17.726s][info][safepoint    ] Entering safepoint region: RevokeBias
[2025-06-06T09:38:03.105+0200][17.726s][info][safepoint    ] Leaving safepoint region
[2025-06-06T09:38:03.105+0200][17.726s][info][safepoint    ] Total time for which application threads were stopped: 0.0000451 seconds, Stopping threads took: 0.0000264 seconds
[2025-06-06T09:38:03.112+0200][17.733s][info][safepoint    ] Application time: 0.0069052 seconds
[2025-06-06T09:38:03.112+0200][17.733s][info][safepoint    ] Entering safepoint region: RevokeBias
[2025-06-06T09:38:03.112+0200][17.733s][info][safepoint    ] Leaving safepoint region
[2025-06-06T09:38:03.112+0200][17.733s][info][safepoint    ] Total time for which application threads were stopped: 0.0000347 seconds, Stopping threads took: 0.0000078 seconds
[2025-06-06T09:38:03.124+0200][17.746s][info][safepoint    ] Application time: 0.0125022 seconds
[2025-06-06T09:38:03.124+0200][17.746s][info][safepoint    ] Entering safepoint region: RevokeBias
[2025-06-06T09:38:03.124+0200][17.746s][info][safepoint    ] Leaving safepoint region
[2025-06-06T09:38:03.124+0200][17.746s][info][safepoint    ] Total time for which application threads were stopped: 0.0000462 seconds, Stopping threads took: 0.0000102 seconds
[2025-06-06T09:38:03.124+0200][17.746s][info][safepoint    ] Application time: 0.0000278 seconds
[2025-06-06T09:38:03.124+0200][17.746s][info][safepoint    ] Entering safepoint region: RevokeBias
[2025-06-06T09:38:03.124+0200][17.746s][info][safepoint    ] Leaving safepoint region
[2025-06-06T09:38:03.124+0200][17.746s][info][safepoint    ] Total time for which application threads were stopped: 0.0000230 seconds, Stopping threads took: 0.0000055 seconds
[2025-06-06T09:38:03.124+0200][17.746s][info][safepoint    ] Application time: 0.0000155 seconds
[2025-06-06T09:38:03.124+0200][17.746s][info][safepoint    ] Entering safepoint region: RevokeBias
[2025-06-06T09:38:03.124+0200][17.746s][info][safepoint    ] Leaving safepoint region
[2025-06-06T09:38:03.124+0200][17.746s][info][safepoint    ] Total time for which application threads were stopped: 0.0000165 seconds, Stopping threads took: 0.0000048 seconds
[2025-06-06T09:38:03.128+0200][17.749s][info][safepoint    ] Application time: 0.0032627 seconds
[2025-06-06T09:38:03.128+0200][17.749s][info][safepoint    ] Entering safepoint region: RevokeBias
[2025-06-06T09:38:03.128+0200][17.749s][info][safepoint    ] Leaving safepoint region
[2025-06-06T09:38:03.128+0200][17.749s][info][safepoint    ] Total time for which application threads were stopped: 0.0000596 seconds, Stopping threads took: 0.0000095 seconds
[2025-06-06T09:38:03.129+0200][17.750s][info][safepoint    ] Application time: 0.0008013 seconds
[2025-06-06T09:38:03.129+0200][17.750s][info][safepoint    ] Entering safepoint region: RevokeBias
[2025-06-06T09:38:03.129+0200][17.750s][info][safepoint    ] Leaving safepoint region
[2025-06-06T09:38:03.129+0200][17.750s][info][safepoint    ] Total time for which application threads were stopped: 0.0000436 seconds, Stopping threads took: 0.0000193 seconds
[2025-06-06T09:38:03.134+0200][17.756s][info][safepoint    ] Application time: 0.0057516 seconds
[2025-06-06T09:38:03.134+0200][17.756s][info][safepoint    ] Entering safepoint region: RevokeBias
[2025-06-06T09:38:03.134+0200][17.756s][info][safepoint    ] Leaving safepoint region
[2025-06-06T09:38:03.134+0200][17.756s][info][safepoint    ] Total time for which application threads were stopped: 0.0000298 seconds, Stopping threads took: 0.0000072 seconds
[2025-06-06T09:38:03.135+0200][17.756s][info][safepoint    ] Application time: 0.0000303 seconds
[2025-06-06T09:38:03.135+0200][17.756s][info][safepoint    ] Entering safepoint region: RevokeBias
[2025-06-06T09:38:03.135+0200][17.756s][info][safepoint    ] Leaving safepoint region
[2025-06-06T09:38:03.135+0200][17.756s][info][safepoint    ] Total time for which application threads were stopped: 0.0000830 seconds, Stopping threads took: 0.0000141 seconds
[2025-06-06T09:38:03.141+0200][17.762s][info][safepoint    ] Application time: 0.0060673 seconds
[2025-06-06T09:38:03.141+0200][17.762s][info][safepoint    ] Entering safepoint region: RevokeBias
[2025-06-06T09:38:03.141+0200][17.762s][info][safepoint    ] Leaving safepoint region
[2025-06-06T09:38:03.141+0200][17.762s][info][safepoint    ] Total time for which application threads were stopped: 0.0002445 seconds, Stopping threads took: 0.0000085 seconds
[2025-06-06T09:38:03.141+0200][17.763s][info][safepoint    ] Application time: 0.0000512 seconds
[2025-06-06T09:38:03.141+0200][17.763s][info][safepoint    ] Entering safepoint region: RevokeBias
[2025-06-06T09:38:03.141+0200][17.763s][info][safepoint    ] Leaving safepoint region
[2025-06-06T09:38:03.141+0200][17.763s][info][safepoint    ] Total time for which application threads were stopped: 0.0000550 seconds, Stopping threads took: 0.0000152 seconds
[2025-06-06T09:38:03.141+0200][17.763s][info][safepoint    ] Application time: 0.0000215 seconds
[2025-06-06T09:38:03.141+0200][17.763s][info][safepoint    ] Entering safepoint region: RevokeBias
[2025-06-06T09:38:03.141+0200][17.763s][info][safepoint    ] Leaving safepoint region
[2025-06-06T09:38:03.141+0200][17.763s][info][safepoint    ] Total time for which application threads were stopped: 0.0000400 seconds, Stopping threads took: 0.0000095 seconds
[2025-06-06T09:38:03.141+0200][17.763s][info][safepoint    ] Application time: 0.0000358 seconds
[2025-06-06T09:38:03.141+0200][17.763s][info][safepoint    ] Entering safepoint region: RevokeBias
[2025-06-06T09:38:03.141+0200][17.763s][info][safepoint    ] Leaving safepoint region
[2025-06-06T09:38:03.141+0200][17.763s][info][safepoint    ] Total time for which application threads were stopped: 0.0000376 seconds, Stopping threads took: 0.0000095 seconds
[2025-06-06T09:38:03.145+0200][17.766s][info][safepoint    ] Application time: 0.0033652 seconds
[2025-06-06T09:38:03.145+0200][17.766s][info][safepoint    ] Entering safepoint region: RevokeBias
[2025-06-06T09:38:03.145+0200][17.766s][info][safepoint    ] Leaving safepoint region
[2025-06-06T09:38:03.145+0200][17.766s][info][safepoint    ] Total time for which application threads were stopped: 0.0000339 seconds, Stopping threads took: 0.0000082 seconds
[2025-06-06T09:38:03.158+0200][17.779s][info][safepoint    ] Application time: 0.0129931 seconds
[2025-06-06T09:38:03.158+0200][17.779s][info][safepoint    ] Entering safepoint region: RevokeBias
[2025-06-06T09:38:03.158+0200][17.779s][info][safepoint    ] Leaving safepoint region
[2025-06-06T09:38:03.158+0200][17.779s][info][safepoint    ] Total time for which application threads were stopped: 0.0000633 seconds, Stopping threads took: 0.0000084 seconds
[2025-06-06T09:38:03.161+0200][17.783s][info][safepoint    ] Application time: 0.0031947 seconds
[2025-06-06T09:38:03.161+0200][17.783s][info][safepoint    ] Entering safepoint region: RevokeBias
[2025-06-06T09:38:03.161+0200][17.783s][info][safepoint    ] Leaving safepoint region
[2025-06-06T09:38:03.161+0200][17.783s][info][safepoint    ] Total time for which application threads were stopped: 0.0001512 seconds, Stopping threads took: 0.0000109 seconds
[2025-06-06T09:38:03.162+0200][17.783s][info][safepoint    ] Application time: 0.0004853 seconds
[2025-06-06T09:38:03.162+0200][17.783s][info][safepoint    ] Entering safepoint region: BulkRevokeBias
[2025-06-06T09:38:03.162+0200][17.784s][info][safepoint    ] Leaving safepoint region
[2025-06-06T09:38:03.162+0200][17.784s][info][safepoint    ] Total time for which application threads were stopped: 0.0007186 seconds, Stopping threads took: 0.0000153 seconds
[2025-06-06T09:38:03.178+0200][17.799s][info][safepoint    ] Application time: 0.0154048 seconds
[2025-06-06T09:38:03.178+0200][17.799s][info][safepoint    ] Entering safepoint region: Deoptimize
[2025-06-06T09:38:03.179+0200][17.800s][info][safepoint    ] Leaving safepoint region
[2025-06-06T09:38:03.179+0200][17.800s][info][safepoint    ] Total time for which application threads were stopped: 0.0005635 seconds, Stopping threads took: 0.0000109 seconds
[2025-06-06T09:38:03.197+0200][17.819s][info][safepoint    ] Application time: 0.0188110 seconds
[2025-06-06T09:38:03.197+0200][17.819s][info][safepoint    ] Entering safepoint region: RevokeBias
[2025-06-06T09:38:03.197+0200][17.819s][info][safepoint    ] Leaving safepoint region
[2025-06-06T09:38:03.197+0200][17.819s][info][safepoint    ] Total time for which application threads were stopped: 0.0000481 seconds, Stopping threads took: 0.0000087 seconds
[2025-06-06T09:38:03.197+0200][17.819s][info][safepoint    ] Application time: 0.0000130 seconds
[2025-06-06T09:38:03.197+0200][17.819s][info][safepoint    ] Entering safepoint region: RevokeBias
[2025-06-06T09:38:03.197+0200][17.819s][info][safepoint    ] Leaving safepoint region
[2025-06-06T09:38:03.197+0200][17.819s][info][safepoint    ] Total time for which application threads were stopped: 0.0000244 seconds, Stopping threads took: 0.0000089 seconds
[2025-06-06T09:38:03.198+0200][17.819s][info][safepoint    ] Application time: 0.0000264 seconds
[2025-06-06T09:38:03.198+0200][17.819s][info][safepoint    ] Entering safepoint region: RevokeBias
[2025-06-06T09:38:03.198+0200][17.819s][info][safepoint    ] Leaving safepoint region
[2025-06-06T09:38:03.198+0200][17.819s][info][safepoint    ] Total time for which application threads were stopped: 0.0000212 seconds, Stopping threads took: 0.0000065 seconds
[2025-06-06T09:38:03.198+0200][17.819s][info][safepoint    ] Application time: 0.0000186 seconds
[2025-06-06T09:38:03.198+0200][17.819s][info][safepoint    ] Entering safepoint region: RevokeBias
[2025-06-06T09:38:03.198+0200][17.819s][info][safepoint    ] Leaving safepoint region
[2025-06-06T09:38:03.198+0200][17.819s][info][safepoint    ] Total time for which application threads were stopped: 0.0000204 seconds, Stopping threads took: 0.0000055 seconds
[2025-06-06T09:38:03.204+0200][17.825s][info][safepoint    ] Application time: 0.0059646 seconds
[2025-06-06T09:38:03.204+0200][17.825s][info][safepoint    ] Entering safepoint region: RevokeBias
[2025-06-06T09:38:03.204+0200][17.825s][info][safepoint    ] Leaving safepoint region
[2025-06-06T09:38:03.204+0200][17.825s][info][safepoint    ] Total time for which application threads were stopped: 0.0001186 seconds, Stopping threads took: 0.0000094 seconds
[2025-06-06T09:38:03.204+0200][17.825s][info][safepoint    ] Application time: 0.0000197 seconds
[2025-06-06T09:38:03.204+0200][17.825s][info][safepoint    ] Entering safepoint region: RevokeBias
[2025-06-06T09:38:03.204+0200][17.825s][info][safepoint    ] Leaving safepoint region
[2025-06-06T09:38:03.204+0200][17.825s][info][safepoint    ] Total time for which application threads were stopped: 0.0000255 seconds, Stopping threads took: 0.0000059 seconds
[2025-06-06T09:38:03.204+0200][17.825s][info][safepoint    ] Application time: 0.0000376 seconds
[2025-06-06T09:38:03.204+0200][17.825s][info][safepoint    ] Entering safepoint region: RevokeBias
[2025-06-06T09:38:03.204+0200][17.825s][info][safepoint    ] Leaving safepoint region
[2025-06-06T09:38:03.204+0200][17.825s][info][safepoint    ] Total time for which application threads were stopped: 0.0000183 seconds, Stopping threads took: 0.0000047 seconds
[2025-06-06T09:38:03.204+0200][17.825s][info][safepoint    ] Application time: 0.0000414 seconds
[2025-06-06T09:38:03.204+0200][17.825s][info][safepoint    ] Entering safepoint region: RevokeBias
[2025-06-06T09:38:03.204+0200][17.825s][info][safepoint    ] Leaving safepoint region
[2025-06-06T09:38:03.204+0200][17.825s][info][safepoint    ] Total time for which application threads were stopped: 0.0000170 seconds, Stopping threads took: 0.0000046 seconds
[2025-06-06T09:38:03.213+0200][17.834s][info][safepoint    ] Application time: 0.0088271 seconds
[2025-06-06T09:38:03.213+0200][17.834s][info][safepoint    ] Entering safepoint region: RevokeBias
[2025-06-06T09:38:03.213+0200][17.834s][info][safepoint    ] Leaving safepoint region
[2025-06-06T09:38:03.213+0200][17.834s][info][safepoint    ] Total time for which application threads were stopped: 0.0000301 seconds, Stopping threads took: 0.0000080 seconds
[2025-06-06T09:38:03.219+0200][17.841s][info][safepoint    ] Application time: 0.0065786 seconds
[2025-06-06T09:38:03.219+0200][17.841s][info][safepoint    ] Entering safepoint region: RevokeBias
[2025-06-06T09:38:03.219+0200][17.841s][info][safepoint    ] Leaving safepoint region
[2025-06-06T09:38:03.219+0200][17.841s][info][safepoint    ] Total time for which application threads were stopped: 0.0000638 seconds, Stopping threads took: 0.0000093 seconds
[2025-06-06T09:38:03.230+0200][17.851s][info][safepoint    ] Application time: 0.0101749 seconds
[2025-06-06T09:38:03.230+0200][17.851s][info][safepoint    ] Entering safepoint region: RevokeBias
[2025-06-06T09:38:03.230+0200][17.851s][info][safepoint    ] Leaving safepoint region
[2025-06-06T09:38:03.230+0200][17.851s][info][safepoint    ] Total time for which application threads were stopped: 0.0000474 seconds, Stopping threads took: 0.0000088 seconds
[2025-06-06T09:38:03.230+0200][17.851s][info][safepoint    ] Application time: 0.0000150 seconds
[2025-06-06T09:38:03.230+0200][17.851s][info][safepoint    ] Entering safepoint region: RevokeBias
[2025-06-06T09:38:03.230+0200][17.851s][info][safepoint    ] Leaving safepoint region
[2025-06-06T09:38:03.230+0200][17.851s][info][safepoint    ] Total time for which application threads were stopped: 0.0000158 seconds, Stopping threads took: 0.0000044 seconds
[2025-06-06T09:38:03.230+0200][17.851s][info][safepoint    ] Application time: 0.0000332 seconds
[2025-06-06T09:38:03.230+0200][17.851s][info][safepoint    ] Entering safepoint region: RevokeBias
[2025-06-06T09:38:03.230+0200][17.851s][info][safepoint    ] Leaving safepoint region
[2025-06-06T09:38:03.230+0200][17.851s][info][safepoint    ] Total time for which application threads were stopped: 0.0000143 seconds, Stopping threads took: 0.0000037 seconds
[2025-06-06T09:38:03.230+0200][17.851s][info][safepoint    ] Application time: 0.0000365 seconds
[2025-06-06T09:38:03.230+0200][17.851s][info][safepoint    ] Entering safepoint region: RevokeBias
[2025-06-06T09:38:03.230+0200][17.851s][info][safepoint    ] Leaving safepoint region
[2025-06-06T09:38:03.230+0200][17.851s][info][safepoint    ] Total time for which application threads were stopped: 0.0000142 seconds, Stopping threads took: 0.0000036 seconds
[2025-06-06T09:38:03.250+0200][17.871s][info][safepoint    ] Application time: 0.0197666 seconds
[2025-06-06T09:38:03.250+0200][17.871s][info][safepoint    ] Entering safepoint region: RevokeBias
[2025-06-06T09:38:03.250+0200][17.871s][info][safepoint    ] Leaving safepoint region
[2025-06-06T09:38:03.250+0200][17.871s][info][safepoint    ] Total time for which application threads were stopped: 0.0000378 seconds, Stopping threads took: 0.0000102 seconds
[2025-06-06T09:38:03.250+0200][17.871s][info][safepoint    ] Application time: 0.0000163 seconds
[2025-06-06T09:38:03.250+0200][17.871s][info][safepoint    ] Entering safepoint region: RevokeBias
[2025-06-06T09:38:03.250+0200][17.871s][info][safepoint    ] Leaving safepoint region
[2025-06-06T09:38:03.250+0200][17.871s][info][safepoint    ] Total time for which application threads were stopped: 0.0000243 seconds, Stopping threads took: 0.0000073 seconds
[2025-06-06T09:38:03.250+0200][17.871s][info][safepoint    ] Application time: 0.0000178 seconds
[2025-06-06T09:38:03.250+0200][17.871s][info][safepoint    ] Entering safepoint region: RevokeBias
[2025-06-06T09:38:03.250+0200][17.871s][info][safepoint    ] Leaving safepoint region
[2025-06-06T09:38:03.250+0200][17.871s][info][safepoint    ] Total time for which application threads were stopped: 0.0000197 seconds, Stopping threads took: 0.0000055 seconds
[2025-06-06T09:38:03.251+0200][17.872s][info][safepoint    ] Application time: 0.0009886 seconds
[2025-06-06T09:38:03.251+0200][17.872s][info][safepoint    ] Entering safepoint region: RevokeBias
[2025-06-06T09:38:03.251+0200][17.873s][info][safepoint    ] Leaving safepoint region
[2025-06-06T09:38:03.251+0200][17.873s][info][safepoint    ] Total time for which application threads were stopped: 0.0002119 seconds, Stopping threads took: 0.0000063 seconds
[2025-06-06T09:38:03.258+0200][17.879s][info][safepoint    ] Application time: 0.0066592 seconds
[2025-06-06T09:38:03.258+0200][17.879s][info][safepoint    ] Entering safepoint region: RevokeBias
[2025-06-06T09:38:03.258+0200][17.879s][info][safepoint    ] Leaving safepoint region
[2025-06-06T09:38:03.258+0200][17.879s][info][safepoint    ] Total time for which application threads were stopped: 0.0000784 seconds, Stopping threads took: 0.0000209 seconds
[2025-06-06T09:38:03.259+0200][17.881s][info][safepoint    ] Application time: 0.0012916 seconds
[2025-06-06T09:38:03.259+0200][17.881s][info][safepoint    ] Entering safepoint region: RevokeBias
[2025-06-06T09:38:03.259+0200][17.881s][info][safepoint    ] Leaving safepoint region
[2025-06-06T09:38:03.259+0200][17.881s][info][safepoint    ] Total time for which application threads were stopped: 0.0002039 seconds, Stopping threads took: 0.0001877 seconds
[2025-06-06T09:38:03.263+0200][17.885s][info][safepoint    ] Application time: 0.0037849 seconds
[2025-06-06T09:38:03.263+0200][17.885s][info][safepoint    ] Entering safepoint region: RevokeBias
[2025-06-06T09:38:03.263+0200][17.885s][info][safepoint    ] Leaving safepoint region
[2025-06-06T09:38:03.263+0200][17.885s][info][safepoint    ] Total time for which application threads were stopped: 0.0000228 seconds, Stopping threads took: 0.0000065 seconds
[2025-06-06T09:38:03.269+0200][17.890s][info][safepoint    ] Application time: 0.0055404 seconds
[2025-06-06T09:38:03.269+0200][17.890s][info][safepoint    ] Entering safepoint region: RevokeBias
[2025-06-06T09:38:03.269+0200][17.890s][info][safepoint    ] Leaving safepoint region
[2025-06-06T09:38:03.269+0200][17.890s][info][safepoint    ] Total time for which application threads were stopped: 0.0000530 seconds, Stopping threads took: 0.0000088 seconds
[2025-06-06T09:38:03.269+0200][17.890s][info][safepoint    ] Application time: 0.0001234 seconds
[2025-06-06T09:38:03.269+0200][17.890s][info][safepoint    ] Entering safepoint region: RevokeBias
[2025-06-06T09:38:03.269+0200][17.890s][info][safepoint    ] Leaving safepoint region
[2025-06-06T09:38:03.269+0200][17.890s][info][safepoint    ] Total time for which application threads were stopped: 0.0000199 seconds, Stopping threads took: 0.0000052 seconds
[2025-06-06T09:38:03.271+0200][17.892s][info][safepoint    ] Application time: 0.0017178 seconds
[2025-06-06T09:38:03.271+0200][17.892s][info][safepoint    ] Entering safepoint region: RevokeBias
[2025-06-06T09:38:03.271+0200][17.892s][info][safepoint    ] Leaving safepoint region
[2025-06-06T09:38:03.271+0200][17.892s][info][safepoint    ] Total time for which application threads were stopped: 0.0000187 seconds, Stopping threads took: 0.0000058 seconds
[2025-06-06T09:38:03.271+0200][17.893s][info][safepoint    ] Application time: 0.0006295 seconds
[2025-06-06T09:38:03.271+0200][17.893s][info][safepoint    ] Entering safepoint region: RevokeBias
[2025-06-06T09:38:03.271+0200][17.893s][info][safepoint    ] Leaving safepoint region
[2025-06-06T09:38:03.271+0200][17.893s][info][safepoint    ] Total time for which application threads were stopped: 0.0000200 seconds, Stopping threads took: 0.0000043 seconds
[2025-06-06T09:38:03.275+0200][17.896s][info][safepoint    ] Application time: 0.0034229 seconds
[2025-06-06T09:38:03.275+0200][17.896s][info][safepoint    ] Entering safepoint region: RevokeBias
[2025-06-06T09:38:03.275+0200][17.896s][info][safepoint    ] Leaving safepoint region
[2025-06-06T09:38:03.275+0200][17.896s][info][safepoint    ] Total time for which application threads were stopped: 0.0000182 seconds, Stopping threads took: 0.0000054 seconds
[2025-06-06T09:38:03.275+0200][17.897s][info][safepoint    ] Application time: 0.0002331 seconds
[2025-06-06T09:38:03.275+0200][17.897s][info][safepoint    ] Entering safepoint region: RevokeBias
[2025-06-06T09:38:03.275+0200][17.897s][info][safepoint    ] Leaving safepoint region
[2025-06-06T09:38:03.275+0200][17.897s][info][safepoint    ] Total time for which application threads were stopped: 0.0000185 seconds, Stopping threads took: 0.0000052 seconds
[2025-06-06T09:38:03.275+0200][17.897s][info][safepoint    ] Application time: 0.0000165 seconds
[2025-06-06T09:38:03.275+0200][17.897s][info][safepoint    ] Entering safepoint region: RevokeBias
[2025-06-06T09:38:03.275+0200][17.897s][info][safepoint    ] Leaving safepoint region
[2025-06-06T09:38:03.275+0200][17.897s][info][safepoint    ] Total time for which application threads were stopped: 0.0000202 seconds, Stopping threads took: 0.0000101 seconds
[2025-06-06T09:38:03.275+0200][17.897s][info][safepoint    ] Application time: 0.0000627 seconds
[2025-06-06T09:38:03.275+0200][17.897s][info][safepoint    ] Entering safepoint region: RevokeBias
[2025-06-06T09:38:03.275+0200][17.897s][info][safepoint    ] Leaving safepoint region
[2025-06-06T09:38:03.275+0200][17.897s][info][safepoint    ] Total time for which application threads were stopped: 0.0000140 seconds, Stopping threads took: 0.0000038 seconds
[2025-06-06T09:38:03.280+0200][17.902s][info][safepoint    ] Application time: 0.0049225 seconds
[2025-06-06T09:38:03.280+0200][17.902s][info][safepoint    ] Entering safepoint region: RevokeBias
[2025-06-06T09:38:03.280+0200][17.902s][info][safepoint    ] Leaving safepoint region
[2025-06-06T09:38:03.280+0200][17.902s][info][safepoint    ] Total time for which application threads were stopped: 0.0001905 seconds, Stopping threads took: 0.0001374 seconds
[2025-06-06T09:38:03.280+0200][17.902s][info][safepoint    ] Application time: 0.0001040 seconds
[2025-06-06T09:38:03.280+0200][17.902s][info][safepoint    ] Entering safepoint region: RevokeBias
[2025-06-06T09:38:03.280+0200][17.902s][info][safepoint    ] Leaving safepoint region
[2025-06-06T09:38:03.280+0200][17.902s][info][safepoint    ] Total time for which application threads were stopped: 0.0000255 seconds, Stopping threads took: 0.0000056 seconds
[2025-06-06T09:38:03.281+0200][17.902s][info][safepoint    ] Application time: 0.0004629 seconds
[2025-06-06T09:38:03.281+0200][17.902s][info][safepoint    ] Entering safepoint region: RevokeBias
[2025-06-06T09:38:03.281+0200][17.902s][info][safepoint    ] Leaving safepoint region
[2025-06-06T09:38:03.281+0200][17.902s][info][safepoint    ] Total time for which application threads were stopped: 0.0000206 seconds, Stopping threads took: 0.0000050 seconds
[2025-06-06T09:38:03.281+0200][17.903s][info][safepoint    ] Application time: 0.0001364 seconds
[2025-06-06T09:38:03.281+0200][17.903s][info][safepoint    ] Entering safepoint region: RevokeBias
[2025-06-06T09:38:03.281+0200][17.903s][info][safepoint    ] Leaving safepoint region
[2025-06-06T09:38:03.281+0200][17.903s][info][safepoint    ] Total time for which application threads were stopped: 0.0000159 seconds, Stopping threads took: 0.0000048 seconds
[2025-06-06T09:38:03.281+0200][17.903s][info][safepoint    ] Application time: 0.0000379 seconds
[2025-06-06T09:38:03.281+0200][17.903s][info][safepoint    ] Entering safepoint region: RevokeBias
[2025-06-06T09:38:03.281+0200][17.903s][info][safepoint    ] Leaving safepoint region
[2025-06-06T09:38:03.281+0200][17.903s][info][safepoint    ] Total time for which application threads were stopped: 0.0000182 seconds, Stopping threads took: 0.0000050 seconds
[2025-06-06T09:38:03.281+0200][17.903s][info][safepoint    ] Application time: 0.0001382 seconds
[2025-06-06T09:38:03.281+0200][17.903s][info][safepoint    ] Entering safepoint region: RevokeBias
[2025-06-06T09:38:03.281+0200][17.903s][info][safepoint    ] Leaving safepoint region
[2025-06-06T09:38:03.281+0200][17.903s][info][safepoint    ] Total time for which application threads were stopped: 0.0000151 seconds, Stopping threads took: 0.0000047 seconds
[2025-06-06T09:38:03.294+0200][17.916s][info][safepoint    ] Application time: 0.0129567 seconds
[2025-06-06T09:38:03.294+0200][17.916s][info][safepoint    ] Entering safepoint region: RevokeBias
[2025-06-06T09:38:03.294+0200][17.916s][info][safepoint    ] Leaving safepoint region
[2025-06-06T09:38:03.294+0200][17.916s][info][safepoint    ] Total time for which application threads were stopped: 0.0000640 seconds, Stopping threads took: 0.0000100 seconds
[2025-06-06T09:38:03.297+0200][17.919s][info][safepoint    ] Application time: 0.0030050 seconds
[2025-06-06T09:38:03.297+0200][17.919s][info][safepoint    ] Entering safepoint region: BulkRevokeBias
[2025-06-06T09:38:03.298+0200][17.919s][info][safepoint    ] Leaving safepoint region
[2025-06-06T09:38:03.298+0200][17.919s][info][safepoint    ] Total time for which application threads were stopped: 0.0000807 seconds, Stopping threads took: 0.0000134 seconds
[2025-06-06T09:38:03.298+0200][17.919s][info][safepoint    ] Application time: 0.0003077 seconds
[2025-06-06T09:38:03.298+0200][17.919s][info][safepoint    ] Entering safepoint region: BulkRevokeBias
[2025-06-06T09:38:03.298+0200][17.919s][info][safepoint    ] Leaving safepoint region
[2025-06-06T09:38:03.298+0200][17.919s][info][safepoint    ] Total time for which application threads were stopped: 0.0000626 seconds, Stopping threads took: 0.0000055 seconds
[2025-06-06T09:38:03.298+0200][17.919s][info][safepoint    ] Application time: 0.0000342 seconds
[2025-06-06T09:38:03.298+0200][17.919s][info][safepoint    ] Entering safepoint region: RevokeBias
[2025-06-06T09:38:03.298+0200][17.919s][info][safepoint    ] Leaving safepoint region
[2025-06-06T09:38:03.298+0200][17.919s][info][safepoint    ] Total time for which application threads were stopped: 0.0000179 seconds, Stopping threads took: 0.0000054 seconds
[2025-06-06T09:38:03.298+0200][17.919s][info][safepoint    ] Application time: 0.0000207 seconds
[2025-06-06T09:38:03.298+0200][17.919s][info][safepoint    ] Entering safepoint region: RevokeBias
[2025-06-06T09:38:03.298+0200][17.919s][info][safepoint    ] Leaving safepoint region
[2025-06-06T09:38:03.298+0200][17.920s][info][safepoint    ] Total time for which application threads were stopped: 0.0000150 seconds, Stopping threads took: 0.0000038 seconds
[2025-06-06T09:38:03.317+0200][17.938s][info][safepoint    ] Application time: 0.0186888 seconds
[2025-06-06T09:38:03.317+0200][17.938s][info][safepoint    ] Entering safepoint region: RevokeBias
[2025-06-06T09:38:03.317+0200][17.938s][info][safepoint    ] Leaving safepoint region
[2025-06-06T09:38:03.317+0200][17.939s][info][safepoint    ] Total time for which application threads were stopped: 0.0002523 seconds, Stopping threads took: 0.0000290 seconds
[2025-06-06T09:38:03.317+0200][17.939s][info][safepoint    ] Application time: 0.0001201 seconds
[2025-06-06T09:38:03.317+0200][17.939s][info][safepoint    ] Entering safepoint region: RevokeBias
[2025-06-06T09:38:03.317+0200][17.939s][info][safepoint    ] Leaving safepoint region
[2025-06-06T09:38:03.317+0200][17.939s][info][safepoint    ] Total time for which application threads were stopped: 0.0000828 seconds, Stopping threads took: 0.0000125 seconds
[2025-06-06T09:38:03.317+0200][17.939s][info][safepoint    ] Application time: 0.0000208 seconds
[2025-06-06T09:38:03.317+0200][17.939s][info][safepoint    ] Entering safepoint region: RevokeBias
[2025-06-06T09:38:03.317+0200][17.939s][info][safepoint    ] Leaving safepoint region
[2025-06-06T09:38:03.317+0200][17.939s][info][safepoint    ] Total time for which application threads were stopped: 0.0000255 seconds, Stopping threads took: 0.0000060 seconds
[2025-06-06T09:38:03.323+0200][17.945s][info][safepoint    ] Application time: 0.0061585 seconds
[2025-06-06T09:38:03.323+0200][17.945s][info][safepoint    ] Entering safepoint region: RevokeBias
[2025-06-06T09:38:03.323+0200][17.945s][info][safepoint    ] Leaving safepoint region
[2025-06-06T09:38:03.323+0200][17.945s][info][safepoint    ] Total time for which application threads were stopped: 0.0000284 seconds, Stopping threads took: 0.0000080 seconds
[2025-06-06T09:38:03.324+0200][17.945s][info][safepoint    ] Application time: 0.0000175 seconds
[2025-06-06T09:38:03.324+0200][17.945s][info][safepoint    ] Entering safepoint region: RevokeBias
[2025-06-06T09:38:03.324+0200][17.945s][info][safepoint    ] Leaving safepoint region
[2025-06-06T09:38:03.324+0200][17.945s][info][safepoint    ] Total time for which application threads were stopped: 0.0000208 seconds, Stopping threads took: 0.0000069 seconds
[2025-06-06T09:38:03.356+0200][17.978s][info][safepoint    ] Application time: 0.0329270 seconds
[2025-06-06T09:38:03.357+0200][17.978s][info][safepoint    ] Entering safepoint region: RevokeBias
[2025-06-06T09:38:03.357+0200][17.978s][info][safepoint    ] Leaving safepoint region
[2025-06-06T09:38:03.357+0200][17.978s][info][safepoint    ] Total time for which application threads were stopped: 0.0000545 seconds, Stopping threads took: 0.0000101 seconds
[2025-06-06T09:38:03.357+0200][17.978s][info][safepoint    ] Application time: 0.0000199 seconds
[2025-06-06T09:38:03.357+0200][17.978s][info][safepoint    ] Entering safepoint region: RevokeBias
[2025-06-06T09:38:03.357+0200][17.978s][info][safepoint    ] Leaving safepoint region
[2025-06-06T09:38:03.357+0200][17.978s][info][safepoint    ] Total time for which application threads were stopped: 0.0000232 seconds, Stopping threads took: 0.0000062 seconds
[2025-06-06T09:38:03.357+0200][17.978s][info][safepoint    ] Application time: 0.0000144 seconds
[2025-06-06T09:38:03.357+0200][17.978s][info][safepoint    ] Entering safepoint region: RevokeBias
[2025-06-06T09:38:03.357+0200][17.978s][info][safepoint    ] Leaving safepoint region
[2025-06-06T09:38:03.357+0200][17.978s][info][safepoint    ] Total time for which application threads were stopped: 0.0000166 seconds, Stopping threads took: 0.0000042 seconds
[2025-06-06T09:38:03.412+0200][18.034s][info][safepoint    ] Application time: 0.0554665 seconds
[2025-06-06T09:38:03.412+0200][18.034s][info][safepoint    ] Entering safepoint region: BulkRevokeBias
[2025-06-06T09:38:03.412+0200][18.034s][info][safepoint    ] Leaving safepoint region
[2025-06-06T09:38:03.412+0200][18.034s][info][safepoint    ] Total time for which application threads were stopped: 0.0001046 seconds, Stopping threads took: 0.0000095 seconds
[2025-06-06T09:38:03.412+0200][18.034s][info][safepoint    ] Application time: 0.0000193 seconds
[2025-06-06T09:38:03.412+0200][18.034s][info][safepoint    ] Entering safepoint region: BulkRevokeBias
[2025-06-06T09:38:03.412+0200][18.034s][info][safepoint    ] Leaving safepoint region
[2025-06-06T09:38:03.412+0200][18.034s][info][safepoint    ] Total time for which application threads were stopped: 0.0000588 seconds, Stopping threads took: 0.0000042 seconds
[2025-06-06T09:38:03.412+0200][18.034s][info][safepoint    ] Application time: 0.0000120 seconds
[2025-06-06T09:38:03.412+0200][18.034s][info][safepoint    ] Entering safepoint region: RevokeBias
[2025-06-06T09:38:03.412+0200][18.034s][info][safepoint    ] Leaving safepoint region
[2025-06-06T09:38:03.412+0200][18.034s][info][safepoint    ] Total time for which application threads were stopped: 0.0000144 seconds, Stopping threads took: 0.0000036 seconds
[2025-06-06T09:38:03.458+0200][18.079s][info][safepoint    ] Application time: 0.0451717 seconds
[2025-06-06T09:38:03.458+0200][18.079s][info][safepoint    ] Entering safepoint region: RevokeBias
[2025-06-06T09:38:03.458+0200][18.079s][info][safepoint    ] Leaving safepoint region
[2025-06-06T09:38:03.458+0200][18.079s][info][safepoint    ] Total time for which application threads were stopped: 0.0000559 seconds, Stopping threads took: 0.0000097 seconds
[2025-06-06T09:38:03.460+0200][18.082s][info][safepoint    ] Application time: 0.0026090 seconds
[2025-06-06T09:38:03.460+0200][18.082s][info][safepoint    ] Entering safepoint region: Deoptimize
[2025-06-06T09:38:03.461+0200][18.082s][info][safepoint    ] Leaving safepoint region
[2025-06-06T09:38:03.461+0200][18.082s][info][safepoint    ] Total time for which application threads were stopped: 0.0003772 seconds, Stopping threads took: 0.0000084 seconds
[2025-06-06T09:38:03.473+0200][18.094s][info][safepoint    ] Application time: 0.0119893 seconds
[2025-06-06T09:38:03.473+0200][18.094s][info][safepoint    ] Entering safepoint region: RevokeBias
[2025-06-06T09:38:03.473+0200][18.094s][info][safepoint    ] Leaving safepoint region
[2025-06-06T09:38:03.473+0200][18.094s][info][safepoint    ] Total time for which application threads were stopped: 0.0000376 seconds, Stopping threads took: 0.0000093 seconds
[2025-06-06T09:38:03.475+0200][18.096s][info][safepoint    ] Application time: 0.0018655 seconds
[2025-06-06T09:38:03.475+0200][18.096s][info][safepoint    ] Entering safepoint region: RevokeBias
[2025-06-06T09:38:03.475+0200][18.096s][info][safepoint    ] Leaving safepoint region
[2025-06-06T09:38:03.475+0200][18.096s][info][safepoint    ] Total time for which application threads were stopped: 0.0000260 seconds, Stopping threads took: 0.0000073 seconds
[2025-06-06T09:38:03.480+0200][18.102s][info][safepoint    ] Application time: 0.0054214 seconds
[2025-06-06T09:38:03.480+0200][18.102s][info][safepoint    ] Entering safepoint region: RevokeBias
[2025-06-06T09:38:03.480+0200][18.102s][info][safepoint    ] Leaving safepoint region
[2025-06-06T09:38:03.480+0200][18.102s][info][safepoint    ] Total time for which application threads were stopped: 0.0000462 seconds, Stopping threads took: 0.0000088 seconds
[2025-06-06T09:38:03.484+0200][18.105s][info][safepoint    ] Application time: 0.0036736 seconds
[2025-06-06T09:38:03.486+0200][18.107s][info][safepoint    ] Entering safepoint region: RevokeBias
[2025-06-06T09:38:03.486+0200][18.107s][info][safepoint    ] Leaving safepoint region
[2025-06-06T09:38:03.486+0200][18.107s][info][safepoint    ] Total time for which application threads were stopped: 0.0019208 seconds, Stopping threads took: 0.0018666 seconds
[2025-06-06T09:38:03.486+0200][18.107s][info][safepoint    ] Application time: 0.0000395 seconds
[2025-06-06T09:38:03.486+0200][18.107s][info][safepoint    ] Entering safepoint region: RevokeBias
[2025-06-06T09:38:03.486+0200][18.107s][info][safepoint    ] Leaving safepoint region
[2025-06-06T09:38:03.486+0200][18.107s][info][safepoint    ] Total time for which application threads were stopped: 0.0000518 seconds, Stopping threads took: 0.0000344 seconds
[2025-06-06T09:38:03.486+0200][18.107s][info][safepoint    ] Application time: 0.0000487 seconds
[2025-06-06T09:38:03.488+0200][18.109s][info][safepoint    ] Entering safepoint region: RevokeBias
[2025-06-06T09:38:03.488+0200][18.109s][info][safepoint    ] Leaving safepoint region
[2025-06-06T09:38:03.488+0200][18.109s][info][safepoint    ] Total time for which application threads were stopped: 0.0019201 seconds, Stopping threads took: 0.0018960 seconds
[2025-06-06T09:38:03.488+0200][18.109s][info][safepoint    ] Application time: 0.0001230 seconds
[2025-06-06T09:38:03.488+0200][18.110s][info][safepoint    ] Entering safepoint region: RevokeBias
[2025-06-06T09:38:03.488+0200][18.110s][info][safepoint    ] Leaving safepoint region
[2025-06-06T09:38:03.488+0200][18.110s][info][safepoint    ] Total time for which application threads were stopped: 0.0000640 seconds, Stopping threads took: 0.0000473 seconds
[2025-06-06T09:38:04.493+0200][19.115s][info][safepoint    ] Application time: 1.0050544 seconds
[2025-06-06T09:38:04.494+0200][19.116s][info][safepoint    ] Entering safepoint region: Cleanup
[2025-06-06T09:38:04.495+0200][19.116s][info][safepoint    ] Leaving safepoint region
[2025-06-06T09:38:04.495+0200][19.116s][info][safepoint    ] Total time for which application threads were stopped: 0.0014357 seconds, Stopping threads took: 0.0011046 seconds
[2025-06-06T09:38:04.498+0200][19.120s][info][safepoint    ] Application time: 0.0036522 seconds
[2025-06-06T09:38:04.498+0200][19.120s][info][safepoint    ] Entering safepoint region: RevokeBias
[2025-06-06T09:38:04.498+0200][19.120s][info][safepoint    ] Leaving safepoint region
[2025-06-06T09:38:04.498+0200][19.120s][info][safepoint    ] Total time for which application threads were stopped: 0.0000526 seconds, Stopping threads took: 0.0000252 seconds
[2025-06-06T09:38:04.499+0200][19.120s][info][safepoint    ] Application time: 0.0002658 seconds
[2025-06-06T09:38:04.499+0200][19.120s][info][safepoint    ] Entering safepoint region: RevokeBias
[2025-06-06T09:38:04.499+0200][19.120s][info][safepoint    ] Leaving safepoint region
[2025-06-06T09:38:04.499+0200][19.120s][info][safepoint    ] Total time for which application threads were stopped: 0.0000274 seconds, Stopping threads took: 0.0000054 seconds
[2025-06-06T09:38:05.500+0200][20.121s][info][safepoint    ] Application time: 1.0011451 seconds
[2025-06-06T09:38:05.500+0200][20.121s][info][safepoint    ] Entering safepoint region: Cleanup
[2025-06-06T09:38:05.500+0200][20.122s][info][safepoint    ] Leaving safepoint region
[2025-06-06T09:38:05.500+0200][20.122s][info][safepoint    ] Total time for which application threads were stopped: 0.0000886 seconds, Stopping threads took: 0.0000514 seconds
[2025-06-06T09:38:06.500+0200][21.122s][info][safepoint    ] Application time: 1.0000981 seconds
[2025-06-06T09:38:06.501+0200][21.123s][info][safepoint    ] Entering safepoint region: Cleanup
[2025-06-06T09:38:06.502+0200][21.124s][info][safepoint    ] Leaving safepoint region
[2025-06-06T09:38:06.502+0200][21.124s][info][safepoint    ] Total time for which application threads were stopped: 0.0018230 seconds, Stopping threads took: 0.0010210 seconds
[2025-06-06T09:38:07.033+0200][21.654s][info][safepoint    ] Application time: 0.5307691 seconds
[2025-06-06T09:38:07.102+0200][21.723s][info][safepoint    ] Entering safepoint region: RevokeBias
[2025-06-06T09:38:07.102+0200][21.723s][info][safepoint    ] Leaving safepoint region
[2025-06-06T09:38:07.102+0200][21.723s][info][safepoint    ] Total time for which application threads were stopped: 0.0001173 seconds, Stopping threads took: 0.0000328 seconds
[2025-06-06T09:38:08.106+0200][22.727s][info][safepoint    ] Application time: 1.0037227 seconds
[2025-06-06T09:38:08.106+0200][22.727s][info][safepoint    ] Entering safepoint region: Cleanup
[2025-06-06T09:38:08.106+0200][22.727s][info][safepoint    ] Leaving safepoint region
[2025-06-06T09:38:08.106+0200][22.727s][info][safepoint    ] Total time for which application threads were stopped: 0.0001979 seconds, Stopping threads took: 0.0000889 seconds
[2025-06-06T09:38:09.110+0200][23.731s][info][safepoint    ] Application time: 1.0037293 seconds
[2025-06-06T09:38:09.110+0200][23.731s][info][safepoint    ] Entering safepoint region: Cleanup
[2025-06-06T09:38:09.110+0200][23.731s][info][safepoint    ] Leaving safepoint region
[2025-06-06T09:38:09.110+0200][23.731s][info][safepoint    ] Total time for which application threads were stopped: 0.0000717 seconds, Stopping threads took: 0.0000155 seconds
[2025-06-06T09:38:18.152+0200][32.774s][info][safepoint    ] Application time: 9.0427023 seconds
[2025-06-06T09:38:18.153+0200][32.774s][info][safepoint    ] Entering safepoint region: Cleanup
[2025-06-06T09:38:18.153+0200][32.775s][info][safepoint    ] Leaving safepoint region
[2025-06-06T09:38:18.153+0200][32.775s][info][safepoint    ] Total time for which application threads were stopped: 0.0002713 seconds, Stopping threads took: 0.0001190 seconds
[2025-06-06T09:38:19.158+0200][33.780s][info][safepoint    ] Application time: 1.0050554 seconds
[2025-06-06T09:38:19.159+0200][33.781s][info][safepoint    ] Entering safepoint region: Cleanup
[2025-06-06T09:38:19.161+0200][33.783s][info][safepoint    ] Leaving safepoint region
[2025-06-06T09:38:19.161+0200][33.783s][info][safepoint    ] Total time for which application threads were stopped: 0.0027080 seconds, Stopping threads took: 0.0010231 seconds
[2025-06-06T09:38:22.174+0200][36.796s][info][safepoint    ] Application time: 3.0130637 seconds
[2025-06-06T09:38:22.176+0200][36.798s][info][safepoint    ] Entering safepoint region: Cleanup
[2025-06-06T09:38:22.177+0200][36.799s][info][safepoint    ] Leaving safepoint region
[2025-06-06T09:38:22.177+0200][36.799s][info][safepoint    ] Total time for which application threads were stopped: 0.0025415 seconds, Stopping threads took: 0.0015060 seconds
[2025-06-06T09:38:27.200+0200][41.823s][info][safepoint    ] Application time: 5.0224278 seconds
[2025-06-06T09:38:27.203+0200][41.824s][info][safepoint    ] Entering safepoint region: Cleanup
[2025-06-06T09:38:27.203+0200][41.825s][info][safepoint    ] Leaving safepoint region
[2025-06-06T09:38:27.203+0200][41.825s][info][safepoint    ] Total time for which application threads were stopped: 0.0005989 seconds, Stopping threads took: 0.0002893 seconds
[2025-06-06T09:38:28.210+0200][42.832s][info][safepoint    ] Application time: 1.0067486 seconds
[2025-06-06T09:38:28.210+0200][42.832s][info][safepoint    ] Entering safepoint region: Cleanup
[2025-06-06T09:38:28.210+0200][42.832s][info][safepoint    ] Leaving safepoint region
[2025-06-06T09:38:28.211+0200][42.832s][info][safepoint    ] Total time for which application threads were stopped: 0.0003457 seconds, Stopping threads took: 0.0000708 seconds
[2025-06-06T09:38:32.221+0200][46.843s][info][safepoint    ] Application time: 4.0104233 seconds
[2025-06-06T09:38:32.223+0200][46.845s][info][safepoint    ] Entering safepoint region: Cleanup
[2025-06-06T09:38:32.224+0200][46.846s][info][safepoint    ] Leaving safepoint region
[2025-06-06T09:38:32.224+0200][46.846s][info][safepoint    ] Total time for which application threads were stopped: 0.0009130 seconds, Stopping threads took: 0.0003512 seconds
[2025-06-06T09:38:41.260+0200][55.881s][info][safepoint    ] Application time: 9.0355739 seconds
[2025-06-06T09:38:41.262+0200][55.884s][info][safepoint    ] Entering safepoint region: Cleanup
[2025-06-06T09:38:41.263+0200][55.884s][info][safepoint    ] Leaving safepoint region
[2025-06-06T09:38:41.263+0200][55.885s][info][safepoint    ] Total time for which application threads were stopped: 0.0011592 seconds, Stopping threads took: 0.0004532 seconds
[2025-06-06T09:38:45.273+0200][59.895s][info][safepoint    ] Application time: 4.0104765 seconds
[2025-06-06T09:38:45.274+0200][59.896s][info][safepoint    ] Entering safepoint region: Cleanup
[2025-06-06T09:38:45.275+0200][59.897s][info][safepoint    ] Leaving safepoint region
[2025-06-06T09:38:45.275+0200][59.897s][info][safepoint    ] Total time for which application threads were stopped: 0.0012238 seconds, Stopping threads took: 0.0007175 seconds
[2025-06-06T09:38:48.288+0200][62.909s][info][safepoint    ] Application time: 3.0126497 seconds
[2025-06-06T09:38:48.288+0200][62.910s][info][safepoint    ] Entering safepoint region: Cleanup
[2025-06-06T09:38:48.289+0200][62.911s][info][safepoint    ] Leaving safepoint region
[2025-06-06T09:38:48.289+0200][62.911s][info][safepoint    ] Total time for which application threads were stopped: 0.0007965 seconds, Stopping threads took: 0.0003602 seconds
[2025-06-06T09:38:49.293+0200][63.914s][info][safepoint    ] Application time: 1.0036228 seconds
[2025-06-06T09:38:49.293+0200][63.914s][info][safepoint    ] Entering safepoint region: Cleanup
[2025-06-06T09:38:49.293+0200][63.915s][info][safepoint    ] Leaving safepoint region
[2025-06-06T09:38:49.293+0200][63.915s][info][safepoint    ] Total time for which application threads were stopped: 0.0003307 seconds, Stopping threads took: 0.0001141 seconds
[2025-06-06T09:38:51.299+0200][65.920s][info][safepoint    ] Application time: 2.0056851 seconds
[2025-06-06T09:38:51.299+0200][65.921s][info][safepoint    ] Entering safepoint region: Cleanup
[2025-06-06T09:38:51.299+0200][65.921s][info][safepoint    ] Leaving safepoint region
[2025-06-06T09:38:51.299+0200][65.921s][info][safepoint    ] Total time for which application threads were stopped: 0.0003403 seconds, Stopping threads took: 0.0001543 seconds
[2025-06-06T09:38:59.501+0200][74.123s][info][safepoint    ] Application time: 8.2021449 seconds
[2025-06-06T09:38:59.502+0200][74.123s][info][safepoint    ] Entering safepoint region: RevokeBias
[2025-06-06T09:38:59.502+0200][74.124s][info][safepoint    ] Leaving safepoint region
[2025-06-06T09:38:59.502+0200][74.124s][info][safepoint    ] Total time for which application threads were stopped: 0.0004805 seconds, Stopping threads took: 0.0002252 seconds
[2025-06-06T09:38:59.533+0200][74.154s][info][safepoint    ] Application time: 0.0307537 seconds
[2025-06-06T09:38:59.533+0200][74.154s][info][safepoint    ] Entering safepoint region: RevokeBias
[2025-06-06T09:38:59.533+0200][74.154s][info][safepoint    ] Leaving safepoint region
[2025-06-06T09:38:59.533+0200][74.154s][info][safepoint    ] Total time for which application threads were stopped: 0.0000558 seconds, Stopping threads took: 0.0000139 seconds
[2025-06-06T09:38:59.558+0200][74.180s][info][safepoint    ] Application time: 0.0255393 seconds
[2025-06-06T09:38:59.558+0200][74.180s][info][safepoint    ] Entering safepoint region: RevokeBias
[2025-06-06T09:38:59.558+0200][74.180s][info][safepoint    ] Leaving safepoint region
[2025-06-06T09:38:59.558+0200][74.180s][info][safepoint    ] Total time for which application threads were stopped: 0.0000772 seconds, Stopping threads took: 0.0000135 seconds
[2025-06-06T09:38:59.561+0200][74.183s][info][safepoint    ] Application time: 0.0027210 seconds
[2025-06-06T09:38:59.561+0200][74.183s][info][safepoint    ] Entering safepoint region: RevokeBias
[2025-06-06T09:38:59.561+0200][74.183s][info][safepoint    ] Leaving safepoint region
[2025-06-06T09:38:59.561+0200][74.183s][info][safepoint    ] Total time for which application threads were stopped: 0.0000370 seconds, Stopping threads took: 0.0000091 seconds
[2025-06-06T09:39:00.566+0200][75.188s][info][safepoint    ] Application time: 1.0050340 seconds
[2025-06-06T09:39:00.566+0200][75.188s][info][safepoint    ] Entering safepoint region: Cleanup
[2025-06-06T09:39:00.567+0200][75.188s][info][safepoint    ] Leaving safepoint region
[2025-06-06T09:39:00.567+0200][75.188s][info][safepoint    ] Total time for which application threads were stopped: 0.0003128 seconds, Stopping threads took: 0.0000707 seconds
[2025-06-06T09:39:02.575+0200][77.199s][info][safepoint    ] Application time: 2.0080327 seconds
[2025-06-06T09:39:02.578+0200][77.200s][info][safepoint    ] Entering safepoint region: Cleanup
[2025-06-06T09:39:02.579+0200][77.201s][info][safepoint    ] Leaving safepoint region
[2025-06-06T09:39:02.579+0200][77.201s][info][safepoint    ] Total time for which application threads were stopped: 0.0016545 seconds, Stopping threads took: 0.0002460 seconds
[2025-06-06T09:39:05.585+0200][80.208s][info][safepoint    ] Application time: 3.0057552 seconds
[2025-06-06T09:39:05.587+0200][80.208s][info][safepoint    ] Entering safepoint region: Cleanup
[2025-06-06T09:39:05.587+0200][80.209s][info][safepoint    ] Leaving safepoint region
[2025-06-06T09:39:05.587+0200][80.209s][info][safepoint    ] Total time for which application threads were stopped: 0.0005428 seconds, Stopping threads took: 0.0002011 seconds
[2025-06-06T09:39:06.592+0200][81.214s][info][safepoint    ] Application time: 1.0050698 seconds
[2025-06-06T09:39:06.602+0200][81.224s][info][safepoint    ] Entering safepoint region: Cleanup
[2025-06-06T09:39:06.602+0200][81.224s][info][safepoint    ] Leaving safepoint region
[2025-06-06T09:39:06.602+0200][81.224s][info][safepoint    ] Total time for which application threads were stopped: 0.0003228 seconds, Stopping threads took: 0.0000897 seconds
[2025-06-06T09:39:16.633+0200][91.255s][info][safepoint    ] Application time: 10.0306327 seconds
[2025-06-06T09:39:16.634+0200][91.256s][info][safepoint    ] Entering safepoint region: Cleanup
[2025-06-06T09:39:16.635+0200][91.257s][info][safepoint    ] Leaving safepoint region
[2025-06-06T09:39:16.635+0200][91.257s][info][safepoint    ] Total time for which application threads were stopped: 0.0014059 seconds, Stopping threads took: 0.0006543 seconds
[2025-06-06T09:39:18.641+0200][93.263s][info][safepoint    ] Application time: 2.0062021 seconds
[2025-06-06T09:39:18.642+0200][93.264s][info][safepoint    ] Entering safepoint region: Cleanup
[2025-06-06T09:39:18.644+0200][93.265s][info][safepoint    ] Leaving safepoint region
[2025-06-06T09:39:18.644+0200][93.265s][info][safepoint    ] Total time for which application threads were stopped: 0.0021242 seconds, Stopping threads took: 0.0009647 seconds
[2025-06-06T09:39:19.649+0200][94.270s][info][safepoint    ] Application time: 1.0050345 seconds
[2025-06-06T09:39:19.649+0200][94.271s][info][safepoint    ] Entering safepoint region: Cleanup
[2025-06-06T09:39:19.649+0200][94.271s][info][safepoint    ] Leaving safepoint region
[2025-06-06T09:39:19.649+0200][94.272s][info][safepoint    ] Total time for which application threads were stopped: 0.0004040 seconds, Stopping threads took: 0.0000951 seconds
[2025-06-06T09:39:22.664+0200][97.286s][info][safepoint    ] Application time: 3.0138963 seconds
[2025-06-06T09:39:22.665+0200][97.287s][info][safepoint    ] Entering safepoint region: Cleanup
[2025-06-06T09:39:22.665+0200][97.287s][info][safepoint    ] Leaving safepoint region
[2025-06-06T09:39:22.665+0200][97.287s][info][safepoint    ] Total time for which application threads were stopped: 0.0004534 seconds, Stopping threads took: 0.0001838 seconds
[2025-06-06T09:39:23.670+0200][98.292s][info][safepoint    ] Application time: 1.0049956 seconds
[2025-06-06T09:39:23.670+0200][98.292s][info][safepoint    ] Entering safepoint region: Cleanup
[2025-06-06T09:39:23.671+0200][98.292s][info][safepoint    ] Leaving safepoint region
[2025-06-06T09:39:23.671+0200][98.292s][info][safepoint    ] Total time for which application threads were stopped: 0.0003736 seconds, Stopping threads took: 0.0000981 seconds
[2025-06-06T09:39:26.686+0200][101.308s][info][safepoint    ] Application time: 3.0151147 seconds
[2025-06-06T09:39:26.686+0200][101.308s][info][safepoint    ] Entering safepoint region: Cleanup
[2025-06-06T09:39:26.687+0200][101.309s][info][safepoint    ] Leaving safepoint region
[2025-06-06T09:39:26.687+0200][101.309s][info][safepoint    ] Total time for which application threads were stopped: 0.0010447 seconds, Stopping threads took: 0.0004335 seconds
[2025-06-06T09:39:31.704+0200][106.326s][info][safepoint    ] Application time: 5.0172654 seconds
[2025-06-06T09:39:31.705+0200][106.327s][info][safepoint    ] Entering safepoint region: Cleanup
[2025-06-06T09:39:31.706+0200][106.328s][info][safepoint    ] Leaving safepoint region
[2025-06-06T09:39:31.706+0200][106.328s][info][safepoint    ] Total time for which application threads were stopped: 0.0009202 seconds, Stopping threads took: 0.0002552 seconds
[2025-06-06T09:39:33.714+0200][108.335s][info][safepoint    ] Application time: 2.0077040 seconds
[2025-06-06T09:39:33.714+0200][108.336s][info][safepoint    ] Entering safepoint region: Cleanup
[2025-06-06T09:39:33.714+0200][108.336s][info][safepoint    ] Leaving safepoint region
[2025-06-06T09:39:33.714+0200][108.336s][info][safepoint    ] Total time for which application threads were stopped: 0.0002161 seconds, Stopping threads took: 0.0000542 seconds
[2025-06-06T09:39:34.716+0200][109.338s][info][safepoint    ] Application time: 1.0023474 seconds
[2025-06-06T09:39:34.716+0200][109.338s][info][safepoint    ] Entering safepoint region: Cleanup
[2025-06-06T09:39:34.717+0200][109.339s][info][safepoint    ] Leaving safepoint region
[2025-06-06T09:39:34.717+0200][109.339s][info][safepoint    ] Total time for which application threads were stopped: 0.0003037 seconds, Stopping threads took: 0.0000789 seconds
[2025-06-06T09:39:36.721+0200][111.343s][info][safepoint    ] Application time: 2.0041278 seconds
[2025-06-06T09:39:36.721+0200][111.343s][info][safepoint    ] Entering safepoint region: Cleanup
[2025-06-06T09:39:36.721+0200][111.343s][info][safepoint    ] Leaving safepoint region
[2025-06-06T09:39:36.721+0200][111.343s][info][safepoint    ] Total time for which application threads were stopped: 0.0003610 seconds, Stopping threads took: 0.0000891 seconds
[2025-06-06T09:39:38.637+0200][113.259s][info][safepoint    ] Application time: 1.9160939 seconds
[2025-06-06T09:39:38.638+0200][113.260s][info][safepoint    ] Entering safepoint region: RevokeBias
[2025-06-06T09:39:38.638+0200][113.260s][info][safepoint    ] Leaving safepoint region
[2025-06-06T09:39:38.638+0200][113.260s][info][safepoint    ] Total time for which application threads were stopped: 0.0003415 seconds, Stopping threads took: 0.0000851 seconds
[2025-06-06T09:39:40.647+0200][115.269s][info][safepoint    ] Application time: 2.0087428 seconds
[2025-06-06T09:39:40.647+0200][115.269s][info][safepoint    ] Entering safepoint region: Cleanup
[2025-06-06T09:39:40.647+0200][115.269s][info][safepoint    ] Leaving safepoint region
[2025-06-06T09:39:40.647+0200][115.269s][info][safepoint    ] Total time for which application threads were stopped: 0.0004413 seconds, Stopping threads took: 0.0000939 seconds
[2025-06-06T09:39:46.663+0200][121.285s][info][safepoint    ] Application time: 6.0156253 seconds
[2025-06-06T09:39:46.664+0200][121.286s][info][safepoint    ] Entering safepoint region: Cleanup
[2025-06-06T09:39:46.664+0200][121.286s][info][safepoint    ] Leaving safepoint region
[2025-06-06T09:39:46.664+0200][121.286s][info][safepoint    ] Total time for which application threads were stopped: 0.0005950 seconds, Stopping threads took: 0.0001550 seconds
[2025-06-06T09:39:50.678+0200][125.300s][info][safepoint    ] Application time: 4.0143195 seconds
[2025-06-06T09:39:50.679+0200][125.301s][info][safepoint    ] Entering safepoint region: Cleanup
[2025-06-06T09:39:50.679+0200][125.301s][info][safepoint    ] Leaving safepoint region
[2025-06-06T09:39:50.679+0200][125.301s][info][safepoint    ] Total time for which application threads were stopped: 0.0003943 seconds, Stopping threads took: 0.0000712 seconds
[2025-06-06T09:39:52.683+0200][127.305s][info][safepoint    ] Application time: 2.0037397 seconds
[2025-06-06T09:39:52.684+0200][127.306s][info][safepoint    ] Entering safepoint region: Cleanup
[2025-06-06T09:39:52.684+0200][127.306s][info][safepoint    ] Leaving safepoint region
[2025-06-06T09:39:52.684+0200][127.306s][info][safepoint    ] Total time for which application threads were stopped: 0.0009549 seconds, Stopping threads took: 0.0003360 seconds
[2025-06-06T09:39:56.697+0200][131.319s][info][safepoint    ] Application time: 4.0132666 seconds
[2025-06-06T09:39:56.698+0200][131.320s][info][safepoint    ] Entering safepoint region: Cleanup
[2025-06-06T09:39:56.698+0200][131.320s][info][safepoint    ] Leaving safepoint region
[2025-06-06T09:39:56.698+0200][131.320s][info][safepoint    ] Total time for which application threads were stopped: 0.0001671 seconds, Stopping threads took: 0.0000675 seconds
[2025-06-06T09:40:01.714+0200][136.336s][info][safepoint    ] Application time: 5.0164092 seconds
[2025-06-06T09:40:01.717+0200][136.339s][info][safepoint    ] Entering safepoint region: Cleanup
[2025-06-06T09:40:01.717+0200][136.339s][info][safepoint    ] Leaving safepoint region
[2025-06-06T09:40:01.717+0200][136.339s][info][safepoint    ] Total time for which application threads were stopped: 0.0013164 seconds, Stopping threads took: 0.0006119 seconds
[2025-06-06T09:40:02.719+0200][137.341s][info][safepoint    ] Application time: 1.0014910 seconds
[2025-06-06T09:40:02.719+0200][137.341s][info][safepoint    ] Entering safepoint region: Cleanup
[2025-06-06T09:40:02.720+0200][137.342s][info][safepoint    ] Leaving safepoint region
[2025-06-06T09:40:02.720+0200][137.342s][info][safepoint    ] Total time for which application threads were stopped: 0.0005414 seconds, Stopping threads took: 0.0002299 seconds
[2025-06-06T09:40:05.731+0200][140.353s][info][safepoint    ] Application time: 3.0111473 seconds
[2025-06-06T09:40:05.731+0200][140.353s][info][safepoint    ] Entering safepoint region: Cleanup
[2025-06-06T09:40:05.731+0200][140.353s][info][safepoint    ] Leaving safepoint region
[2025-06-06T09:40:05.731+0200][140.353s][info][safepoint    ] Total time for which application threads were stopped: 0.0002303 seconds, Stopping threads took: 0.0000958 seconds
[2025-06-06T09:40:06.731+0200][141.354s][info][safepoint    ] Application time: 1.0003390 seconds
[2025-06-06T09:40:06.732+0200][141.354s][info][safepoint    ] Entering safepoint region: Cleanup
[2025-06-06T09:40:06.733+0200][141.355s][info][safepoint    ] Leaving safepoint region
[2025-06-06T09:40:06.733+0200][141.355s][info][safepoint    ] Total time for which application threads were stopped: 0.0009720 seconds, Stopping threads took: 0.0003913 seconds
[2025-06-06T09:40:07.734+0200][142.356s][info][safepoint    ] Application time: 1.0016945 seconds
[2025-06-06T09:40:07.735+0200][142.357s][info][safepoint    ] Entering safepoint region: Cleanup
[2025-06-06T09:40:07.735+0200][142.357s][info][safepoint    ] Leaving safepoint region
[2025-06-06T09:40:07.735+0200][142.357s][info][safepoint    ] Total time for which application threads were stopped: 0.0003008 seconds, Stopping threads took: 0.0000748 seconds
[2025-06-06T09:40:10.749+0200][145.375s][info][safepoint    ] Application time: 3.0137138 seconds
[2025-06-06T09:40:10.753+0200][145.375s][info][safepoint    ] Entering safepoint region: Cleanup
[2025-06-06T09:40:10.754+0200][145.376s][info][safepoint    ] Leaving safepoint region
[2025-06-06T09:40:10.754+0200][145.376s][info][safepoint    ] Total time for which application threads were stopped: 0.0009298 seconds, Stopping threads took: 0.0004393 seconds
[2025-06-06T09:40:11.756+0200][146.378s][info][safepoint    ] Application time: 1.0024088 seconds
[2025-06-06T09:40:11.756+0200][146.379s][info][safepoint    ] Entering safepoint region: Cleanup
[2025-06-06T09:40:11.757+0200][146.379s][info][safepoint    ] Leaving safepoint region
[2025-06-06T09:40:11.757+0200][146.379s][info][safepoint    ] Total time for which application threads were stopped: 0.0004922 seconds, Stopping threads took: 0.0001140 seconds
[2025-06-06T09:40:12.757+0200][147.379s][info][safepoint    ] Application time: 1.0002622 seconds
[2025-06-06T09:40:12.757+0200][147.379s][info][safepoint    ] Entering safepoint region: Cleanup
[2025-06-06T09:40:12.758+0200][147.380s][info][safepoint    ] Leaving safepoint region
[2025-06-06T09:40:12.758+0200][147.380s][info][safepoint    ] Total time for which application threads were stopped: 0.0004507 seconds, Stopping threads took: 0.0000570 seconds
[2025-06-06T09:40:13.759+0200][148.382s][info][safepoint    ] Application time: 1.0013739 seconds
[2025-06-06T09:40:13.762+0200][148.384s][info][safepoint    ] Entering safepoint region: Cleanup
[2025-06-06T09:40:13.771+0200][148.393s][info][safepoint    ] Leaving safepoint region
[2025-06-06T09:40:13.771+0200][148.393s][info][safepoint    ] Total time for which application threads were stopped: 0.0108408 seconds, Stopping threads took: 0.0016104 seconds
[2025-06-06T09:40:24.798+0200][159.421s][info][safepoint    ] Application time: 11.0273845 seconds
[2025-06-06T09:40:24.799+0200][159.421s][info][safepoint    ] Entering safepoint region: Cleanup
[2025-06-06T09:40:24.799+0200][159.421s][info][safepoint    ] Leaving safepoint region
[2025-06-06T09:40:24.799+0200][159.422s][info][safepoint    ] Total time for which application threads were stopped: 0.0005845 seconds, Stopping threads took: 0.0002775 seconds
[2025-06-06T09:40:27.814+0200][162.436s][info][safepoint    ] Application time: 3.0143883 seconds
[2025-06-06T09:40:27.814+0200][162.436s][info][safepoint    ] Entering safepoint region: Cleanup
[2025-06-06T09:40:27.815+0200][162.437s][info][safepoint    ] Leaving safepoint region
[2025-06-06T09:40:27.815+0200][162.437s][info][safepoint    ] Total time for which application threads were stopped: 0.0010664 seconds, Stopping threads took: 0.0002971 seconds
[2025-06-06T09:40:31.828+0200][166.450s][info][safepoint    ] Application time: 4.0124085 seconds
[2025-06-06T09:40:31.828+0200][166.450s][info][safepoint    ] Entering safepoint region: Cleanup
[2025-06-06T09:40:31.829+0200][166.451s][info][safepoint    ] Leaving safepoint region
[2025-06-06T09:40:31.829+0200][166.451s][info][safepoint    ] Total time for which application threads were stopped: 0.0005867 seconds, Stopping threads took: 0.0001709 seconds
[2025-06-06T09:40:35.842+0200][170.465s][info][safepoint    ] Application time: 4.0134682 seconds
[2025-06-06T09:40:35.843+0200][170.465s][info][safepoint    ] Entering safepoint region: Cleanup
[2025-06-06T09:40:35.843+0200][170.466s][info][safepoint    ] Leaving safepoint region
[2025-06-06T09:40:35.844+0200][170.466s][info][safepoint    ] Total time for which application threads were stopped: 0.0009271 seconds, Stopping threads took: 0.0003857 seconds
[2025-06-06T09:40:46.878+0200][181.501s][info][safepoint    ] Application time: 11.0349837 seconds
[2025-06-06T09:40:46.880+0200][181.502s][info][safepoint    ] Entering safepoint region: Cleanup
[2025-06-06T09:40:46.880+0200][181.503s][info][safepoint    ] Leaving safepoint region
[2025-06-06T09:40:46.880+0200][181.503s][info][safepoint    ] Total time for which application threads were stopped: 0.0010448 seconds, Stopping threads took: 0.0003612 seconds
[2025-06-06T09:40:47.885+0200][182.508s][info][safepoint    ] Application time: 1.0050466 seconds
[2025-06-06T09:40:47.886+0200][182.508s][info][safepoint    ] Entering safepoint region: Cleanup
[2025-06-06T09:40:47.886+0200][182.508s][info][safepoint    ] Leaving safepoint region
[2025-06-06T09:40:47.886+0200][182.508s][info][safepoint    ] Total time for which application threads were stopped: 0.0004252 seconds, Stopping threads took: 0.0000845 seconds
[2025-06-06T09:40:51.899+0200][186.522s][info][safepoint    ] Application time: 4.0134465 seconds
[2025-06-06T09:40:51.900+0200][186.523s][info][safepoint    ] Entering safepoint region: Cleanup
[2025-06-06T09:40:51.901+0200][186.523s][info][safepoint    ] Leaving safepoint region
[2025-06-06T09:40:51.901+0200][186.523s][info][safepoint    ] Total time for which application threads were stopped: 0.0009018 seconds, Stopping threads took: 0.0003746 seconds
[2025-06-06T09:41:00.946+0200][195.569s][info][safepoint    ] Application time: 9.0369312 seconds
[2025-06-06T09:41:00.947+0200][195.570s][info][safepoint    ] Entering safepoint region: Cleanup
[2025-06-06T09:41:00.949+0200][195.571s][info][safepoint    ] Leaving safepoint region
[2025-06-06T09:41:00.949+0200][195.571s][info][safepoint    ] Total time for which application threads were stopped: 0.0018648 seconds, Stopping threads took: 0.0002900 seconds
[2025-06-06T09:41:10.989+0200][205.612s][info][safepoint    ] Application time: 10.0402890 seconds
[2025-06-06T09:41:10.990+0200][205.612s][info][safepoint    ] Entering safepoint region: Cleanup
[2025-06-06T09:41:10.990+0200][205.613s][info][safepoint    ] Leaving safepoint region
[2025-06-06T09:41:10.990+0200][205.613s][info][safepoint    ] Total time for which application threads were stopped: 0.0006942 seconds, Stopping threads took: 0.0002070 seconds
[2025-06-06T09:41:11.996+0200][206.618s][info][safepoint    ] Application time: 1.0050660 seconds
[2025-06-06T09:41:11.996+0200][206.618s][info][safepoint    ] Entering safepoint region: Cleanup
[2025-06-06T09:41:11.996+0200][206.618s][info][safepoint    ] Leaving safepoint region
[2025-06-06T09:41:11.996+0200][206.618s][info][safepoint    ] Total time for which application threads were stopped: 0.0002170 seconds, Stopping threads took: 0.0000796 seconds
[2025-06-06T09:41:15.010+0200][209.633s][info][safepoint    ] Application time: 3.0143437 seconds
[2025-06-06T09:41:15.010+0200][209.633s][info][safepoint    ] Entering safepoint region: Cleanup
[2025-06-06T09:41:15.011+0200][209.633s][info][safepoint    ] Leaving safepoint region
[2025-06-06T09:41:15.011+0200][209.633s][info][safepoint    ] Total time for which application threads were stopped: 0.0006388 seconds, Stopping threads took: 0.0001807 seconds
[2025-06-06T09:41:17.019+0200][211.642s][info][safepoint    ] Application time: 2.0082094 seconds
[2025-06-06T09:41:17.020+0200][211.642s][info][safepoint    ] Entering safepoint region: Cleanup
[2025-06-06T09:41:17.020+0200][211.642s][info][safepoint    ] Leaving safepoint region
[2025-06-06T09:41:17.020+0200][211.642s][info][safepoint    ] Total time for which application threads were stopped: 0.0003817 seconds, Stopping threads took: 0.0000974 seconds
[2025-06-06T09:41:18.021+0200][212.644s][info][safepoint    ] Application time: 1.0015121 seconds
[2025-06-06T09:41:18.022+0200][212.644s][info][safepoint    ] Entering safepoint region: Cleanup
[2025-06-06T09:41:18.022+0200][212.644s][info][safepoint    ] Leaving safepoint region
[2025-06-06T09:41:18.022+0200][212.644s][info][safepoint    ] Total time for which application threads were stopped: 0.0003847 seconds, Stopping threads took: 0.0000766 seconds
[2025-06-06T09:41:29.047+0200][223.670s][info][safepoint    ] Application time: 11.0253395 seconds
[2025-06-06T09:41:29.049+0200][223.672s][info][safepoint    ] Entering safepoint region: Cleanup
[2025-06-06T09:41:29.050+0200][223.672s][info][safepoint    ] Leaving safepoint region
[2025-06-06T09:41:29.050+0200][223.672s][info][safepoint    ] Total time for which application threads were stopped: 0.0008537 seconds, Stopping threads took: 0.0003125 seconds
[2025-06-06T09:41:31.051+0200][225.674s][info][safepoint    ] Application time: 2.0011867 seconds
[2025-06-06T09:41:31.051+0200][225.674s][info][safepoint    ] Entering safepoint region: Cleanup
[2025-06-06T09:41:31.052+0200][225.674s][info][safepoint    ] Leaving safepoint region
[2025-06-06T09:41:31.052+0200][225.674s][info][safepoint    ] Total time for which application threads were stopped: 0.0003147 seconds, Stopping threads took: 0.0000643 seconds
[2025-06-06T09:41:36.072+0200][230.695s][info][safepoint    ] Application time: 5.0205400 seconds
[2025-06-06T09:41:36.074+0200][230.696s][info][safepoint    ] Entering safepoint region: Cleanup
[2025-06-06T09:41:36.074+0200][230.696s][info][safepoint    ] Leaving safepoint region
[2025-06-06T09:41:36.074+0200][230.696s][info][safepoint    ] Total time for which application threads were stopped: 0.0002774 seconds, Stopping threads took: 0.0001170 seconds
[2025-06-06T09:41:47.109+0200][241.731s][info][safepoint    ] Application time: 11.0349543 seconds
[2025-06-06T09:41:47.110+0200][241.733s][info][safepoint    ] Entering safepoint region: Cleanup
[2025-06-06T09:41:47.111+0200][241.733s][info][safepoint    ] Leaving safepoint region
[2025-06-06T09:41:47.111+0200][241.733s][info][safepoint    ] Total time for which application threads were stopped: 0.0010592 seconds, Stopping threads took: 0.0004305 seconds
[2025-06-06T09:41:57.138+0200][251.761s][info][safepoint    ] Application time: 10.0270594 seconds
[2025-06-06T09:41:57.139+0200][251.762s][info][safepoint    ] Entering safepoint region: Cleanup
[2025-06-06T09:41:57.140+0200][251.763s][info][safepoint    ] Leaving safepoint region
[2025-06-06T09:41:57.140+0200][251.763s][info][safepoint    ] Total time for which application threads were stopped: 0.0010833 seconds, Stopping threads took: 0.0004801 seconds
[2025-06-06T09:42:01.159+0200][255.781s][info][safepoint    ] Application time: 4.0185759 seconds
[2025-06-06T09:42:01.159+0200][255.781s][info][safepoint    ] Entering safepoint region: Cleanup
[2025-06-06T09:42:01.159+0200][255.782s][info][safepoint    ] Leaving safepoint region
[2025-06-06T09:42:01.159+0200][255.782s][info][safepoint    ] Total time for which application threads were stopped: 0.0002420 seconds, Stopping threads took: 0.0000697 seconds
[2025-06-06T09:42:05.168+0200][259.791s][info][safepoint    ] Application time: 4.0088238 seconds
[2025-06-06T09:42:05.168+0200][259.791s][info][safepoint    ] Entering safepoint region: Cleanup
[2025-06-06T09:42:05.168+0200][259.791s][info][safepoint    ] Leaving safepoint region
[2025-06-06T09:42:05.168+0200][259.791s][info][safepoint    ] Total time for which application threads were stopped: 0.0002727 seconds, Stopping threads took: 0.0000997 seconds
[2025-06-06T09:42:06.169+0200][260.791s][info][safepoint    ] Application time: 1.0002060 seconds
[2025-06-06T09:42:06.169+0200][260.792s][info][safepoint    ] Entering safepoint region: Cleanup
[2025-06-06T09:42:06.170+0200][260.792s][info][safepoint    ] Leaving safepoint region
[2025-06-06T09:42:06.170+0200][260.792s][info][safepoint    ] Total time for which application threads were stopped: 0.0007238 seconds, Stopping threads took: 0.0002560 seconds
[2025-06-06T09:42:07.171+0200][261.793s][info][safepoint    ] Application time: 1.0013270 seconds
[2025-06-06T09:42:07.171+0200][261.794s][info][safepoint    ] Entering safepoint region: Cleanup
[2025-06-06T09:42:07.171+0200][261.794s][info][safepoint    ] Leaving safepoint region
[2025-06-06T09:42:07.171+0200][261.794s][info][safepoint    ] Total time for which application threads were stopped: 0.0002753 seconds, Stopping threads took: 0.0000685 seconds
[2025-06-06T09:42:16.202+0200][270.824s][info][safepoint    ] Application time: 9.0303991 seconds
[2025-06-06T09:42:16.202+0200][270.825s][info][safepoint    ] Entering safepoint region: Cleanup
[2025-06-06T09:42:16.203+0200][270.826s][info][safepoint    ] Leaving safepoint region
[2025-06-06T09:42:16.203+0200][270.826s][info][safepoint    ] Total time for which application threads were stopped: 0.0012110 seconds, Stopping threads took: 0.0004615 seconds
[2025-06-06T09:42:21.217+0200][275.839s][info][safepoint    ] Application time: 5.0133300 seconds
[2025-06-06T09:42:21.217+0200][275.840s][info][safepoint    ] Entering safepoint region: Cleanup
[2025-06-06T09:42:21.218+0200][275.841s][info][safepoint    ] Leaving safepoint region
[2025-06-06T09:42:21.218+0200][275.841s][info][safepoint    ] Total time for which application threads were stopped: 0.0012130 seconds, Stopping threads took: 0.0004477 seconds
[2025-06-06T09:42:37.284+0200][291.907s][info][safepoint    ] Application time: 16.0655903 seconds
[2025-06-06T09:42:37.285+0200][291.907s][info][safepoint    ] Entering safepoint region: Cleanup
[2025-06-06T09:42:37.285+0200][291.908s][info][safepoint    ] Leaving safepoint region
[2025-06-06T09:42:37.286+0200][291.909s][info][safepoint    ] Total time for which application threads were stopped: 0.0017974 seconds, Stopping threads took: 0.0007450 seconds
[2025-06-06T09:42:38.287+0200][292.909s][info][safepoint    ] Application time: 1.0005997 seconds
[2025-06-06T09:42:38.287+0200][292.910s][info][safepoint    ] Entering safepoint region: Cleanup
[2025-06-06T09:42:38.287+0200][292.910s][info][safepoint    ] Leaving safepoint region
[2025-06-06T09:42:38.287+0200][292.910s][info][safepoint    ] Total time for which application threads were stopped: 0.0004162 seconds, Stopping threads took: 0.0001153 seconds
[2025-06-06T09:42:46.314+0200][300.937s][info][safepoint    ] Application time: 8.0262064 seconds
[2025-06-06T09:42:46.314+0200][300.937s][info][safepoint    ] Entering safepoint region: Cleanup
[2025-06-06T09:42:46.315+0200][300.937s][info][safepoint    ] Leaving safepoint region
[2025-06-06T09:42:46.315+0200][300.938s][info][safepoint    ] Total time for which application threads were stopped: 0.0006278 seconds, Stopping threads took: 0.0001845 seconds
[2025-06-06T09:42:47.320+0200][301.943s][info][safepoint    ] Application time: 1.0050962 seconds
[2025-06-06T09:42:47.320+0200][301.943s][info][safepoint    ] Entering safepoint region: Cleanup
[2025-06-06T09:42:47.320+0200][301.943s][info][safepoint    ] Leaving safepoint region
[2025-06-06T09:42:47.320+0200][301.943s][info][safepoint    ] Total time for which application threads were stopped: 0.0003899 seconds, Stopping threads took: 0.0001234 seconds
[2025-06-06T09:42:51.333+0200][305.956s][info][safepoint    ] Application time: 4.0123615 seconds
[2025-06-06T09:42:51.333+0200][305.956s][info][safepoint    ] Entering safepoint region: Cleanup
[2025-06-06T09:42:51.334+0200][305.957s][info][safepoint    ] Leaving safepoint region
[2025-06-06T09:42:51.334+0200][305.957s][info][safepoint    ] Total time for which application threads were stopped: 0.0011202 seconds, Stopping threads took: 0.0004703 seconds
[2025-06-06T09:43:01.369+0200][315.991s][info][safepoint    ] Application time: 10.0343998 seconds
[2025-06-06T09:43:01.369+0200][315.992s][info][safepoint    ] Entering safepoint region: Cleanup
[2025-06-06T09:43:01.369+0200][315.992s][info][safepoint    ] Leaving safepoint region
[2025-06-06T09:43:01.369+0200][315.992s][info][safepoint    ] Total time for which application threads were stopped: 0.0004300 seconds, Stopping threads took: 0.0001025 seconds
[2025-06-06T09:43:05.380+0200][320.002s][info][safepoint    ] Application time: 4.0103559 seconds
[2025-06-06T09:43:05.380+0200][320.003s][info][safepoint    ] Entering safepoint region: Cleanup
[2025-06-06T09:43:05.381+0200][320.003s][info][safepoint    ] Leaving safepoint region
[2025-06-06T09:43:05.381+0200][320.003s][info][safepoint    ] Total time for which application threads were stopped: 0.0006410 seconds, Stopping threads took: 0.0001265 seconds
[2025-06-06T09:43:17.425+0200][332.048s][info][safepoint    ] Application time: 12.0440085 seconds
[2025-06-06T09:43:17.425+0200][332.048s][info][safepoint    ] Entering safepoint region: Cleanup
[2025-06-06T09:43:17.426+0200][332.049s][info][safepoint    ] Leaving safepoint region
[2025-06-06T09:43:17.426+0200][332.049s][info][safepoint    ] Total time for which application threads were stopped: 0.0010175 seconds, Stopping threads took: 0.0004110 seconds
[2025-06-06T09:43:25.454+0200][340.077s][info][safepoint    ] Application time: 8.0281029 seconds
[2025-06-06T09:43:25.455+0200][340.078s][info][safepoint    ] Entering safepoint region: Cleanup
[2025-06-06T09:43:25.455+0200][340.078s][info][safepoint    ] Leaving safepoint region
[2025-06-06T09:43:25.455+0200][340.078s][info][safepoint    ] Total time for which application threads were stopped: 0.0008475 seconds, Stopping threads took: 0.0003161 seconds
[2025-06-06T09:43:27.464+0200][342.086s][info][safepoint    ] Application time: 2.0073605 seconds
[2025-06-06T09:43:27.465+0200][342.086s][info][safepoint    ] Entering safepoint region: Cleanup
[2025-06-06T09:43:27.465+0200][342.087s][info][safepoint    ] Leaving safepoint region
[2025-06-06T09:43:27.466+0200][342.087s][info][safepoint    ] Total time for which application threads were stopped: 0.0009907 seconds, Stopping threads took: 0.0003357 seconds
[2025-06-06T09:43:38.504+0200][353.120s][info][safepoint    ] Application time: 11.0330040 seconds
[2025-06-06T09:43:38.505+0200][353.121s][info][safepoint    ] Entering safepoint region: Cleanup
[2025-06-06T09:43:38.506+0200][353.122s][info][safepoint    ] Leaving safepoint region
[2025-06-06T09:43:38.506+0200][353.122s][info][safepoint    ] Total time for which application threads were stopped: 0.0009438 seconds, Stopping threads took: 0.0003591 seconds
[2025-06-06T09:43:42.526+0200][357.141s][info][safepoint    ] Application time: 4.0186295 seconds
[2025-06-06T09:43:42.526+0200][357.141s][info][safepoint    ] Entering safepoint region: Cleanup
[2025-06-06T09:43:42.526+0200][357.141s][info][safepoint    ] Leaving safepoint region
[2025-06-06T09:43:42.526+0200][357.141s][info][safepoint    ] Total time for which application threads were stopped: 0.0004360 seconds, Stopping threads took: 0.0001585 seconds
[2025-06-06T09:43:51.550+0200][366.164s][info][safepoint    ] Application time: 9.0220841 seconds
[2025-06-06T09:43:51.551+0200][366.164s][info][safepoint    ] Entering safepoint region: Cleanup
[2025-06-06T09:43:51.551+0200][366.164s][info][safepoint    ] Leaving safepoint region
[2025-06-06T09:43:51.551+0200][366.164s][info][safepoint    ] Total time for which application threads were stopped: 0.0006019 seconds, Stopping threads took: 0.0003166 seconds
[2025-06-06T09:43:53.555+0200][368.169s][info][safepoint    ] Application time: 2.0041418 seconds
[2025-06-06T09:43:53.556+0200][368.169s][info][safepoint    ] Entering safepoint region: Cleanup
[2025-06-06T09:43:53.556+0200][368.169s][info][safepoint    ] Leaving safepoint region
[2025-06-06T09:43:53.556+0200][368.169s][info][safepoint    ] Total time for which application threads were stopped: 0.0002330 seconds, Stopping threads took: 0.0000548 seconds
[2025-06-06T09:43:55.566+0200][370.179s][info][safepoint    ] Application time: 2.0100755 seconds
[2025-06-06T09:43:55.566+0200][370.179s][info][safepoint    ] Entering safepoint region: Cleanup
[2025-06-06T09:43:55.566+0200][370.179s][info][safepoint    ] Leaving safepoint region
[2025-06-06T09:43:55.566+0200][370.179s][info][safepoint    ] Total time for which application threads were stopped: 0.0002350 seconds, Stopping threads took: 0.0000599 seconds
[2025-06-06T09:43:56.571+0200][371.184s][info][safepoint    ] Application time: 1.0049132 seconds
[2025-06-06T09:43:56.572+0200][371.184s][info][safepoint    ] Entering safepoint region: Cleanup
[2025-06-06T09:43:56.572+0200][371.185s][info][safepoint    ] Leaving safepoint region
[2025-06-06T09:43:56.572+0200][371.185s][info][safepoint    ] Total time for which application threads were stopped: 0.0002298 seconds, Stopping threads took: 0.0000600 seconds
[2025-06-06T09:43:57.573+0200][372.185s][info][safepoint    ] Application time: 1.0005899 seconds
[2025-06-06T09:43:57.573+0200][372.186s][info][safepoint    ] Entering safepoint region: Cleanup
[2025-06-06T09:43:57.573+0200][372.186s][info][safepoint    ] Leaving safepoint region
[2025-06-06T09:43:57.573+0200][372.186s][info][safepoint    ] Total time for which application threads were stopped: 0.0004113 seconds, Stopping threads took: 0.0001573 seconds
[2025-06-06T09:44:04.602+0200][379.215s][info][safepoint    ] Application time: 7.0284229 seconds
[2025-06-06T09:44:04.603+0200][379.215s][info][safepoint    ] Entering safepoint region: Cleanup
[2025-06-06T09:44:04.603+0200][379.215s][info][safepoint    ] Leaving safepoint region
[2025-06-06T09:44:04.603+0200][379.215s][info][safepoint    ] Total time for which application threads were stopped: 0.0003643 seconds, Stopping threads took: 0.0001329 seconds
[2025-06-06T09:44:09.623+0200][384.235s][info][safepoint    ] Application time: 5.0198348 seconds
[2025-06-06T09:44:09.623+0200][384.235s][info][safepoint    ] Entering safepoint region: Cleanup
[2025-06-06T09:44:09.624+0200][384.236s][info][safepoint    ] Leaving safepoint region
[2025-06-06T09:44:09.624+0200][384.236s][info][safepoint    ] Total time for which application threads were stopped: 0.0006033 seconds, Stopping threads took: 0.0002078 seconds
[2025-06-06T09:44:29.698+0200][404.310s][info][safepoint    ] Application time: 20.0736245 seconds
[2025-06-06T09:44:29.700+0200][404.311s][info][safepoint    ] Entering safepoint region: Cleanup
[2025-06-06T09:44:29.700+0200][404.312s][info][safepoint    ] Leaving safepoint region
[2025-06-06T09:44:29.700+0200][404.312s][info][safepoint    ] Total time for which application threads were stopped: 0.0008937 seconds, Stopping threads took: 0.0003689 seconds
[2025-06-06T09:44:30.706+0200][405.317s][info][safepoint    ] Application time: 1.0050502 seconds
[2025-06-06T09:44:30.706+0200][405.317s][info][safepoint    ] Entering safepoint region: Cleanup
[2025-06-06T09:44:30.706+0200][405.318s][info][safepoint    ] Leaving safepoint region
[2025-06-06T09:44:30.706+0200][405.318s][info][safepoint    ] Total time for which application threads were stopped: 0.0005035 seconds, Stopping threads took: 0.0001043 seconds
[2025-06-06T09:44:44.757+0200][419.369s][info][safepoint    ] Application time: 14.0507144 seconds
[2025-06-06T09:44:44.758+0200][419.369s][info][safepoint    ] Entering safepoint region: Cleanup
[2025-06-06T09:44:44.758+0200][419.370s][info][safepoint    ] Leaving safepoint region
[2025-06-06T09:44:44.758+0200][419.370s][info][safepoint    ] Total time for which application threads were stopped: 0.0008067 seconds, Stopping threads took: 0.0004423 seconds
[2025-06-06T09:44:45.759+0200][420.371s][info][safepoint    ] Application time: 1.0011760 seconds
[2025-06-06T09:44:45.759+0200][420.371s][info][safepoint    ] Entering safepoint region: Cleanup
[2025-06-06T09:44:45.759+0200][420.371s][info][safepoint    ] Leaving safepoint region
[2025-06-06T09:44:45.759+0200][420.371s][info][safepoint    ] Total time for which application threads were stopped: 0.0001193 seconds, Stopping threads took: 0.0000253 seconds
[2025-06-06T09:44:48.770+0200][423.381s][info][safepoint    ] Application time: 3.0104868 seconds
[2025-06-06T09:44:48.770+0200][423.382s][info][safepoint    ] Entering safepoint region: Cleanup
[2025-06-06T09:44:48.770+0200][423.382s][info][safepoint    ] Leaving safepoint region
[2025-06-06T09:44:48.770+0200][423.382s][info][safepoint    ] Total time for which application threads were stopped: 0.0001285 seconds, Stopping threads took: 0.0000390 seconds
[2025-06-06T09:45:00.810+0200][435.422s][info][safepoint    ] Application time: 12.0401001 seconds
[2025-06-06T09:45:00.811+0200][435.423s][info][safepoint    ] Entering safepoint region: Cleanup
[2025-06-06T09:45:00.812+0200][435.424s][info][safepoint    ] Leaving safepoint region
[2025-06-06T09:45:00.812+0200][435.424s][info][safepoint    ] Total time for which application threads were stopped: 0.0011836 seconds, Stopping threads took: 0.0004896 seconds
[2025-06-06T09:45:05.832+0200][440.444s][info][safepoint    ] Application time: 5.0199198 seconds
[2025-06-06T09:45:05.832+0200][440.444s][info][safepoint    ] Entering safepoint region: Cleanup
[2025-06-06T09:45:05.832+0200][440.444s][info][safepoint    ] Leaving safepoint region
[2025-06-06T09:45:05.832+0200][440.444s][info][safepoint    ] Total time for which application threads were stopped: 0.0002313 seconds, Stopping threads took: 0.0000549 seconds
[2025-06-06T09:45:16.872+0200][451.484s][info][safepoint    ] Application time: 11.0400511 seconds
[2025-06-06T09:45:16.874+0200][451.485s][info][safepoint    ] Entering safepoint region: Cleanup
[2025-06-06T09:45:16.875+0200][451.486s][info][safepoint    ] Leaving safepoint region
[2025-06-06T09:45:16.875+0200][451.486s][info][safepoint    ] Total time for which application threads were stopped: 0.0010747 seconds, Stopping threads took: 0.0004151 seconds
[2025-06-06T09:45:17.879+0200][452.490s][info][safepoint    ] Application time: 1.0042360 seconds
[2025-06-06T09:45:17.879+0200][452.491s][info][safepoint    ] Entering safepoint region: Cleanup
[2025-06-06T09:45:17.880+0200][452.491s][info][safepoint    ] Leaving safepoint region
[2025-06-06T09:45:17.880+0200][452.491s][info][safepoint    ] Total time for which application threads were stopped: 0.0004348 seconds, Stopping threads took: 0.0001535 seconds
[2025-06-06T09:45:46.998+0200][481.609s][info][safepoint    ] Application time: 29.1181841 seconds
[2025-06-06T09:45:46.999+0200][481.611s][info][safepoint    ] Entering safepoint region: Cleanup
[2025-06-06T09:45:47.000+0200][481.611s][info][safepoint    ] Leaving safepoint region
[2025-06-06T09:45:47.000+0200][481.611s][info][safepoint    ] Total time for which application threads were stopped: 0.0009363 seconds, Stopping threads took: 0.0004013 seconds
[2025-06-06T09:46:00.051+0200][494.662s][info][safepoint    ] Application time: 13.0507107 seconds
[2025-06-06T09:46:00.051+0200][494.663s][info][safepoint    ] Entering safepoint region: Cleanup
[2025-06-06T09:46:00.052+0200][494.663s][info][safepoint    ] Leaving safepoint region
[2025-06-06T09:46:00.052+0200][494.663s][info][safepoint    ] Total time for which application threads were stopped: 0.0005689 seconds, Stopping threads took: 0.0001842 seconds
[2025-06-06T09:46:02.054+0200][496.666s][info][safepoint    ] Application time: 2.0028503 seconds
[2025-06-06T09:46:02.055+0200][496.666s][info][safepoint    ] Entering safepoint region: Cleanup
[2025-06-06T09:46:02.055+0200][496.667s][info][safepoint    ] Leaving safepoint region
[2025-06-06T09:46:02.055+0200][496.667s][info][safepoint    ] Total time for which application threads were stopped: 0.0004250 seconds, Stopping threads took: 0.0001012 seconds
[2025-06-06T09:46:04.065+0200][498.676s][info][safepoint    ] Application time: 2.0097100 seconds
[2025-06-06T09:46:04.065+0200][498.677s][info][safepoint    ] Entering safepoint region: Cleanup
[2025-06-06T09:46:04.065+0200][498.677s][info][safepoint    ] Leaving safepoint region
[2025-06-06T09:46:04.065+0200][498.677s][info][safepoint    ] Total time for which application threads were stopped: 0.0004577 seconds, Stopping threads took: 0.0000968 seconds
[2025-06-06T09:46:06.072+0200][500.683s][info][safepoint    ] Application time: 2.0059927 seconds
[2025-06-06T09:46:06.072+0200][500.683s][info][safepoint    ] Entering safepoint region: Cleanup
[2025-06-06T09:46:06.072+0200][500.684s][info][safepoint    ] Leaving safepoint region
[2025-06-06T09:46:06.072+0200][500.684s][info][safepoint    ] Total time for which application threads were stopped: 0.0004413 seconds, Stopping threads took: 0.0001023 seconds
[2025-06-06T09:46:08.080+0200][502.692s][info][safepoint    ] Application time: 2.0082153 seconds
[2025-06-06T09:46:08.081+0200][502.693s][info][safepoint    ] Entering safepoint region: Cleanup
[2025-06-06T09:46:08.082+0200][502.693s][info][safepoint    ] Leaving safepoint region
[2025-06-06T09:46:08.082+0200][502.693s][info][safepoint    ] Total time for which application threads were stopped: 0.0005865 seconds, Stopping threads took: 0.0001138 seconds
[2025-06-06T09:46:09.970+0200][504.582s][info][safepoint    ] Application time: 1.8885194 seconds
[2025-06-06T09:46:09.970+0200][504.582s][info][safepoint    ] Entering safepoint region: BulkRevokeBias
[2025-06-06T09:46:09.970+0200][504.582s][info][safepoint    ] Leaving safepoint region
[2025-06-06T09:46:09.970+0200][504.582s][info][safepoint    ] Total time for which application threads were stopped: 0.0001604 seconds, Stopping threads took: 0.0000152 seconds
[2025-06-06T09:46:10.976+0200][505.587s][info][safepoint    ] Application time: 1.0052215 seconds
[2025-06-06T09:46:10.976+0200][505.587s][info][safepoint    ] Entering safepoint region: Cleanup
[2025-06-06T09:46:10.976+0200][505.588s][info][safepoint    ] Leaving safepoint region
[2025-06-06T09:46:10.976+0200][505.588s][info][safepoint    ] Total time for which application threads were stopped: 0.0002335 seconds, Stopping threads took: 0.0000485 seconds
[2025-06-06T09:46:11.979+0200][506.590s][info][safepoint    ] Application time: 1.0026425 seconds
[2025-06-06T09:46:11.979+0200][506.591s][info][safepoint    ] Entering safepoint region: Cleanup
[2025-06-06T09:46:11.980+0200][506.592s][info][safepoint    ] Leaving safepoint region
[2025-06-06T09:46:11.980+0200][506.592s][info][safepoint    ] Total time for which application threads were stopped: 0.0014280 seconds, Stopping threads took: 0.0001769 seconds
[2025-06-06T09:47:17.227+0200][571.839s][info][safepoint    ] Application time: 65.2464501 seconds
[2025-06-06T09:47:17.228+0200][571.840s][info][safepoint    ] Entering safepoint region: Cleanup
[2025-06-06T09:47:17.229+0200][571.840s][info][safepoint    ] Leaving safepoint region
[2025-06-06T09:47:17.229+0200][571.841s][info][safepoint    ] Total time for which application threads were stopped: 0.0010795 seconds, Stopping threads took: 0.0005382 seconds
[2025-06-06T09:47:48.342+0200][602.954s][info][safepoint    ] Application time: 31.1127747 seconds
[2025-06-06T09:47:48.343+0200][602.954s][info][safepoint    ] Entering safepoint region: Cleanup
[2025-06-06T09:47:48.343+0200][602.955s][info][safepoint    ] Leaving safepoint region
[2025-06-06T09:47:48.343+0200][602.955s][info][safepoint    ] Total time for which application threads were stopped: 0.0011126 seconds, Stopping threads took: 0.0004725 seconds
[2025-06-06T09:48:13.426+0200][628.038s][info][safepoint    ] Application time: 25.0830810 seconds
[2025-06-06T09:48:13.427+0200][628.039s][info][safepoint    ] Entering safepoint region: Cleanup
[2025-06-06T09:48:13.428+0200][628.040s][info][safepoint    ] Leaving safepoint region
[2025-06-06T09:48:13.428+0200][628.040s][info][safepoint    ] Total time for which application threads were stopped: 0.0012965 seconds, Stopping threads took: 0.0005354 seconds
[2025-06-06T09:48:32.489+0200][647.101s][info][safepoint    ] Application time: 19.0603823 seconds
[2025-06-06T09:48:32.490+0200][647.102s][info][safepoint    ] Entering safepoint region: Cleanup
[2025-06-06T09:48:32.491+0200][647.102s][info][safepoint    ] Leaving safepoint region
[2025-06-06T09:48:32.491+0200][647.102s][info][safepoint    ] Total time for which application threads were stopped: 0.0014975 seconds, Stopping threads took: 0.0006580 seconds
[2025-06-06T09:48:33.496+0200][648.107s][info][safepoint    ] Application time: 1.0049335 seconds
[2025-06-06T09:48:33.496+0200][648.108s][info][safepoint    ] Entering safepoint region: Cleanup
[2025-06-06T09:48:33.496+0200][648.108s][info][safepoint    ] Leaving safepoint region
[2025-06-06T09:48:33.496+0200][648.108s][info][safepoint    ] Total time for which application threads were stopped: 0.0002551 seconds, Stopping threads took: 0.0000686 seconds
[2025-06-06T09:48:34.496+0200][649.108s][info][safepoint    ] Application time: 1.0003238 seconds
[2025-06-06T09:48:34.498+0200][649.110s][info][safepoint    ] Entering safepoint region: Cleanup
[2025-06-06T09:48:34.499+0200][649.111s][info][safepoint    ] Leaving safepoint region
[2025-06-06T09:48:34.499+0200][649.111s][info][safepoint    ] Total time for which application threads were stopped: 0.0021130 seconds, Stopping threads took: 0.0010279 seconds
[2025-06-06T09:48:35.504+0200][650.115s][info][safepoint    ] Application time: 1.0045143 seconds
[2025-06-06T09:48:35.504+0200][650.116s][info][safepoint    ] Entering safepoint region: Cleanup
[2025-06-06T09:48:35.504+0200][650.116s][info][safepoint    ] Leaving safepoint region
[2025-06-06T09:48:35.504+0200][650.116s][info][safepoint    ] Total time for which application threads were stopped: 0.0003815 seconds, Stopping threads took: 0.0000941 seconds
[2025-06-06T09:48:36.507+0200][651.119s][info][safepoint    ] Application time: 1.0029833 seconds
[2025-06-06T09:48:36.507+0200][651.119s][info][safepoint    ] Entering safepoint region: Cleanup
[2025-06-06T09:48:36.507+0200][651.119s][info][safepoint    ] Leaving safepoint region
[2025-06-06T09:48:36.507+0200][651.119s][info][safepoint    ] Total time for which application threads were stopped: 0.0002280 seconds, Stopping threads took: 0.0000734 seconds
[2025-06-06T09:48:37.509+0200][652.121s][info][safepoint    ] Application time: 1.0019670 seconds
[2025-06-06T09:48:37.510+0200][652.122s][info][safepoint    ] Entering safepoint region: Cleanup
[2025-06-06T09:48:37.510+0200][652.122s][info][safepoint    ] Leaving safepoint region
[2025-06-06T09:48:37.510+0200][652.122s][info][safepoint    ] Total time for which application threads were stopped: 0.0006243 seconds, Stopping threads took: 0.0002202 seconds
[2025-06-06T09:48:38.515+0200][653.126s][info][safepoint    ] Application time: 1.0042743 seconds
[2025-06-06T09:48:38.515+0200][653.127s][info][safepoint    ] Entering safepoint region: Cleanup
[2025-06-06T09:48:38.515+0200][653.127s][info][safepoint    ] Leaving safepoint region
[2025-06-06T09:48:38.515+0200][653.127s][info][safepoint    ] Total time for which application threads were stopped: 0.0003569 seconds, Stopping threads took: 0.0001138 seconds
[2025-06-06T09:48:39.517+0200][654.129s][info][safepoint    ] Application time: 1.0012609 seconds
[2025-06-06T09:48:39.517+0200][654.129s][info][safepoint    ] Entering safepoint region: Cleanup
[2025-06-06T09:48:39.517+0200][654.129s][info][safepoint    ] Leaving safepoint region
[2025-06-06T09:48:39.517+0200][654.129s][info][safepoint    ] Total time for which application threads were stopped: 0.0002737 seconds, Stopping threads took: 0.0000978 seconds
[2025-06-06T09:48:40.521+0200][655.133s][info][safepoint    ] Application time: 1.0038991 seconds
[2025-06-06T09:48:40.521+0200][655.133s][info][safepoint    ] Entering safepoint region: Cleanup
[2025-06-06T09:48:40.522+0200][655.133s][info][safepoint    ] Leaving safepoint region
[2025-06-06T09:48:40.522+0200][655.133s][info][safepoint    ] Total time for which application threads were stopped: 0.0002307 seconds, Stopping threads took: 0.0000619 seconds
[2025-06-06T09:48:41.525+0200][656.137s][info][safepoint    ] Application time: 1.0037942 seconds
[2025-06-06T09:48:41.526+0200][656.137s][info][safepoint    ] Entering safepoint region: Cleanup
[2025-06-06T09:48:41.526+0200][656.138s][info][safepoint    ] Leaving safepoint region
[2025-06-06T09:48:41.526+0200][656.138s][info][safepoint    ] Total time for which application threads were stopped: 0.0003452 seconds, Stopping threads took: 0.0001053 seconds
[2025-06-06T09:48:42.531+0200][657.143s][info][safepoint    ] Application time: 1.0050609 seconds
[2025-06-06T09:48:42.531+0200][657.143s][info][safepoint    ] Entering safepoint region: Cleanup
[2025-06-06T09:48:42.531+0200][657.143s][info][safepoint    ] Leaving safepoint region
[2025-06-06T09:48:42.531+0200][657.143s][info][safepoint    ] Total time for which application threads were stopped: 0.0002207 seconds, Stopping threads took: 0.0000707 seconds
[2025-06-06T09:48:43.534+0200][658.146s][info][safepoint    ] Application time: 1.0028232 seconds
[2025-06-06T09:48:43.535+0200][658.147s][info][safepoint    ] Entering safepoint region: Cleanup
[2025-06-06T09:48:43.536+0200][658.148s][info][safepoint    ] Leaving safepoint region
[2025-06-06T09:48:43.536+0200][658.148s][info][safepoint    ] Total time for which application threads were stopped: 0.0014031 seconds, Stopping threads took: 0.0006368 seconds
[2025-06-06T09:48:44.541+0200][659.153s][info][safepoint    ] Application time: 1.0050635 seconds
[2025-06-06T09:48:44.542+0200][659.154s][info][safepoint    ] Entering safepoint region: Cleanup
[2025-06-06T09:48:44.542+0200][659.154s][info][safepoint    ] Leaving safepoint region
[2025-06-06T09:48:44.542+0200][659.154s][info][safepoint    ] Total time for which application threads were stopped: 0.0003095 seconds, Stopping threads took: 0.0000956 seconds
[2025-06-06T09:48:45.547+0200][660.159s][info][safepoint    ] Application time: 1.0050998 seconds
[2025-06-06T09:48:45.547+0200][660.159s][info][safepoint    ] Entering safepoint region: Cleanup
[2025-06-06T09:48:45.547+0200][660.159s][info][safepoint    ] Leaving safepoint region
[2025-06-06T09:48:45.547+0200][660.159s][info][safepoint    ] Total time for which application threads were stopped: 0.0001841 seconds, Stopping threads took: 0.0000418 seconds
[2025-06-06T09:48:46.553+0200][661.164s][info][safepoint    ] Application time: 1.0050893 seconds
[2025-06-06T09:48:46.553+0200][661.165s][info][safepoint    ] Entering safepoint region: Cleanup
[2025-06-06T09:48:46.554+0200][661.166s][info][safepoint    ] Leaving safepoint region
[2025-06-06T09:48:46.554+0200][661.166s][info][safepoint    ] Total time for which application threads were stopped: 0.0010419 seconds, Stopping threads took: 0.0004530 seconds
[2025-06-06T09:48:47.559+0200][662.171s][info][safepoint    ] Application time: 1.0050319 seconds
[2025-06-06T09:48:47.559+0200][662.171s][info][safepoint    ] Entering safepoint region: Cleanup
[2025-06-06T09:48:47.561+0200][662.172s][info][safepoint    ] Leaving safepoint region
[2025-06-06T09:48:47.561+0200][662.172s][info][safepoint    ] Total time for which application threads were stopped: 0.0016331 seconds, Stopping threads took: 0.0004858 seconds
[2025-06-06T09:48:48.566+0200][663.178s][info][safepoint    ] Application time: 1.0050981 seconds
[2025-06-06T09:48:48.567+0200][663.178s][info][safepoint    ] Entering safepoint region: Cleanup
[2025-06-06T09:48:48.568+0200][663.179s][info][safepoint    ] Leaving safepoint region
[2025-06-06T09:48:48.568+0200][663.179s][info][safepoint    ] Total time for which application threads were stopped: 0.0016546 seconds, Stopping threads took: 0.0006583 seconds
[2025-06-06T09:48:49.571+0200][664.183s][info][safepoint    ] Application time: 1.0034393 seconds
[2025-06-06T09:48:49.571+0200][664.183s][info][safepoint    ] Entering safepoint region: Cleanup
[2025-06-06T09:48:49.572+0200][664.183s][info][safepoint    ] Leaving safepoint region
[2025-06-06T09:48:49.572+0200][664.184s][info][safepoint    ] Total time for which application threads were stopped: 0.0003563 seconds, Stopping threads took: 0.0000973 seconds
[2025-06-06T09:48:50.575+0200][665.186s][info][safepoint    ] Application time: 1.0028030 seconds
[2025-06-06T09:48:50.575+0200][665.187s][info][safepoint    ] Entering safepoint region: Cleanup
[2025-06-06T09:48:50.575+0200][665.187s][info][safepoint    ] Leaving safepoint region
[2025-06-06T09:48:50.575+0200][665.187s][info][safepoint    ] Total time for which application threads were stopped: 0.0004636 seconds, Stopping threads took: 0.0001389 seconds
[2025-06-06T09:48:51.579+0200][666.191s][info][safepoint    ] Application time: 1.0038536 seconds
[2025-06-06T09:48:51.580+0200][666.191s][info][safepoint    ] Entering safepoint region: Cleanup
[2025-06-06T09:48:51.580+0200][666.192s][info][safepoint    ] Leaving safepoint region
[2025-06-06T09:48:51.580+0200][666.192s][info][safepoint    ] Total time for which application threads were stopped: 0.0005502 seconds, Stopping threads took: 0.0002026 seconds
[2025-06-06T09:48:52.581+0200][667.193s][info][safepoint    ] Application time: 1.0014176 seconds
[2025-06-06T09:48:52.581+0200][667.193s][info][safepoint    ] Entering safepoint region: Cleanup
[2025-06-06T09:48:52.581+0200][667.193s][info][safepoint    ] Leaving safepoint region
[2025-06-06T09:48:52.582+0200][667.193s][info][safepoint    ] Total time for which application threads were stopped: 0.0001660 seconds, Stopping threads took: 0.0000326 seconds
[2025-06-06T09:48:53.587+0200][668.199s][info][safepoint    ] Application time: 1.0050440 seconds
[2025-06-06T09:48:53.587+0200][668.199s][info][safepoint    ] Entering safepoint region: Cleanup
[2025-06-06T09:48:53.587+0200][668.199s][info][safepoint    ] Leaving safepoint region
[2025-06-06T09:48:53.587+0200][668.199s][info][safepoint    ] Total time for which application threads were stopped: 0.0004614 seconds, Stopping threads took: 0.0001054 seconds
[2025-06-06T09:48:54.589+0200][669.200s][info][safepoint    ] Application time: 1.0011812 seconds
[2025-06-06T09:48:54.589+0200][669.201s][info][safepoint    ] Entering safepoint region: Cleanup
[2025-06-06T09:48:54.589+0200][669.201s][info][safepoint    ] Leaving safepoint region
[2025-06-06T09:48:54.589+0200][669.201s][info][safepoint    ] Total time for which application threads were stopped: 0.0001584 seconds, Stopping threads took: 0.0000431 seconds
[2025-06-06T09:48:55.594+0200][670.206s][info][safepoint    ] Application time: 1.0050465 seconds
[2025-06-06T09:48:55.594+0200][670.206s][info][safepoint    ] Entering safepoint region: Cleanup
[2025-06-06T09:48:55.594+0200][670.206s][info][safepoint    ] Leaving safepoint region
[2025-06-06T09:48:55.594+0200][670.206s][info][safepoint    ] Total time for which application threads were stopped: 0.0004310 seconds, Stopping threads took: 0.0000973 seconds
[2025-06-06T09:48:56.599+0200][671.211s][info][safepoint    ] Application time: 1.0044270 seconds
[2025-06-06T09:48:56.599+0200][671.211s][info][safepoint    ] Entering safepoint region: Cleanup
[2025-06-06T09:48:56.600+0200][671.212s][info][safepoint    ] Leaving safepoint region
[2025-06-06T09:48:56.600+0200][671.212s][info][safepoint    ] Total time for which application threads were stopped: 0.0004871 seconds, Stopping threads took: 0.0001193 seconds
[2025-06-06T09:48:57.600+0200][672.212s][info][safepoint    ] Application time: 1.0003809 seconds
[2025-06-06T09:48:57.601+0200][672.212s][info][safepoint    ] Entering safepoint region: Cleanup
[2025-06-06T09:48:57.601+0200][672.213s][info][safepoint    ] Leaving safepoint region
[2025-06-06T09:48:57.601+0200][672.213s][info][safepoint    ] Total time for which application threads were stopped: 0.0003611 seconds, Stopping threads took: 0.0001068 seconds
[2025-06-06T09:48:58.605+0200][673.217s][info][safepoint    ] Application time: 1.0039452 seconds
[2025-06-06T09:48:58.605+0200][673.217s][info][safepoint    ] Entering safepoint region: Cleanup
[2025-06-06T09:48:58.605+0200][673.217s][info][safepoint    ] Leaving safepoint region
[2025-06-06T09:48:58.605+0200][673.217s][info][safepoint    ] Total time for which application threads were stopped: 0.0002407 seconds, Stopping threads took: 0.0000642 seconds
[2025-06-06T09:48:59.610+0200][674.222s][info][safepoint    ] Application time: 1.0048575 seconds
[2025-06-06T09:48:59.610+0200][674.222s][info][safepoint    ] Entering safepoint region: Cleanup
[2025-06-06T09:48:59.611+0200][674.223s][info][safepoint    ] Leaving safepoint region
[2025-06-06T09:48:59.611+0200][674.223s][info][safepoint    ] Total time for which application threads were stopped: 0.0003761 seconds, Stopping threads took: 0.0001029 seconds
[2025-06-06T09:49:00.612+0200][675.224s][info][safepoint    ] Application time: 1.0015473 seconds
[2025-06-06T09:49:00.613+0200][675.224s][info][safepoint    ] Entering safepoint region: Cleanup
[2025-06-06T09:49:00.613+0200][675.225s][info][safepoint    ] Leaving safepoint region
[2025-06-06T09:49:00.613+0200][675.225s][info][safepoint    ] Total time for which application threads were stopped: 0.0004787 seconds, Stopping threads took: 0.0002006 seconds
[2025-06-06T09:49:01.618+0200][676.230s][info][safepoint    ] Application time: 1.0050283 seconds
[2025-06-06T09:49:01.618+0200][676.230s][info][safepoint    ] Entering safepoint region: Cleanup
[2025-06-06T09:49:01.618+0200][676.230s][info][safepoint    ] Leaving safepoint region
[2025-06-06T09:49:01.618+0200][676.230s][info][safepoint    ] Total time for which application threads were stopped: 0.0001470 seconds, Stopping threads took: 0.0000356 seconds
[2025-06-06T09:49:02.623+0200][677.235s][info][safepoint    ] Application time: 1.0050512 seconds
[2025-06-06T09:49:02.624+0200][677.236s][info][safepoint    ] Entering safepoint region: Cleanup
[2025-06-06T09:49:02.624+0200][677.236s][info][safepoint    ] Leaving safepoint region
[2025-06-06T09:49:02.624+0200][677.236s][info][safepoint    ] Total time for which application threads were stopped: 0.0004160 seconds, Stopping threads took: 0.0001181 seconds
[2025-06-06T09:49:03.628+0200][678.240s][info][safepoint    ] Application time: 1.0036316 seconds
[2025-06-06T09:49:03.628+0200][678.240s][info][safepoint    ] Entering safepoint region: Cleanup
[2025-06-06T09:49:03.628+0200][678.240s][info][safepoint    ] Leaving safepoint region
[2025-06-06T09:49:03.628+0200][678.240s][info][safepoint    ] Total time for which application threads were stopped: 0.0003318 seconds, Stopping threads took: 0.0000858 seconds
[2025-06-06T09:49:04.631+0200][679.243s][info][safepoint    ] Application time: 1.0026385 seconds
[2025-06-06T09:49:04.631+0200][679.243s][info][safepoint    ] Entering safepoint region: Cleanup
[2025-06-06T09:49:04.632+0200][679.244s][info][safepoint    ] Leaving safepoint region
[2025-06-06T09:49:04.632+0200][679.244s][info][safepoint    ] Total time for which application threads were stopped: 0.0003706 seconds, Stopping threads took: 0.0000912 seconds
[2025-06-06T09:49:05.637+0200][680.249s][info][safepoint    ] Application time: 1.0050603 seconds
[2025-06-06T09:49:05.637+0200][680.249s][info][safepoint    ] Entering safepoint region: Cleanup
[2025-06-06T09:49:05.637+0200][680.249s][info][safepoint    ] Leaving safepoint region
[2025-06-06T09:49:05.637+0200][680.249s][info][safepoint    ] Total time for which application threads were stopped: 0.0003587 seconds, Stopping threads took: 0.0000960 seconds
[2025-06-06T09:49:06.639+0200][681.251s][info][safepoint    ] Application time: 1.0012314 seconds
[2025-06-06T09:49:06.639+0200][681.251s][info][safepoint    ] Entering safepoint region: Cleanup
[2025-06-06T09:49:06.639+0200][681.251s][info][safepoint    ] Leaving safepoint region
[2025-06-06T09:49:06.639+0200][681.251s][info][safepoint    ] Total time for which application threads were stopped: 0.0002875 seconds, Stopping threads took: 0.0000800 seconds
[2025-06-06T09:49:07.644+0200][682.256s][info][safepoint    ] Application time: 1.0050549 seconds
[2025-06-06T09:49:07.644+0200][682.256s][info][safepoint    ] Entering safepoint region: Cleanup
[2025-06-06T09:49:07.645+0200][682.257s][info][safepoint    ] Leaving safepoint region
[2025-06-06T09:49:07.645+0200][682.257s][info][safepoint    ] Total time for which application threads were stopped: 0.0003248 seconds, Stopping threads took: 0.0000780 seconds
[2025-06-06T09:49:08.649+0200][683.261s][info][safepoint    ] Application time: 1.0043727 seconds
[2025-06-06T09:49:08.649+0200][683.261s][info][safepoint    ] Entering safepoint region: Cleanup
[2025-06-06T09:49:08.650+0200][683.262s][info][safepoint    ] Leaving safepoint region
[2025-06-06T09:49:08.650+0200][683.262s][info][safepoint    ] Total time for which application threads were stopped: 0.0001510 seconds, Stopping threads took: 0.0000385 seconds
[2025-06-06T09:49:09.653+0200][684.265s][info][safepoint    ] Application time: 1.0034379 seconds
[2025-06-06T09:49:09.653+0200][684.265s][info][safepoint    ] Entering safepoint region: Cleanup
[2025-06-06T09:49:09.654+0200][684.266s][info][safepoint    ] Leaving safepoint region
[2025-06-06T09:49:09.654+0200][684.266s][info][safepoint    ] Total time for which application threads were stopped: 0.0004770 seconds, Stopping threads took: 0.0001796 seconds
[2025-06-06T09:50:01.854+0200][736.466s][info][safepoint    ] Application time: 52.1999090 seconds
[2025-06-06T09:50:01.855+0200][736.467s][info][safepoint    ] Entering safepoint region: Cleanup
[2025-06-06T09:50:01.856+0200][736.468s][info][safepoint    ] Leaving safepoint region
[2025-06-06T09:50:01.856+0200][736.468s][info][safepoint    ] Total time for which application threads were stopped: 0.0011587 seconds, Stopping threads took: 0.0005550 seconds
[2025-06-06T09:50:21.932+0200][756.544s][info][safepoint    ] Application time: 20.0755153 seconds
[2025-06-06T09:50:21.932+0200][756.544s][info][safepoint    ] Entering safepoint region: Cleanup
[2025-06-06T09:50:21.932+0200][756.544s][info][safepoint    ] Leaving safepoint region
[2025-06-06T09:50:21.932+0200][756.544s][info][safepoint    ] Total time for which application threads were stopped: 0.0001680 seconds, Stopping threads took: 0.0000447 seconds
[2025-06-06T09:50:32.970+0200][767.582s][info][safepoint    ] Application time: 11.0375245 seconds
[2025-06-06T09:50:32.973+0200][767.585s][info][safepoint    ] Entering safepoint region: Cleanup
[2025-06-06T09:50:32.973+0200][767.586s][info][safepoint    ] Leaving safepoint region
[2025-06-06T09:50:32.974+0200][767.586s][info][safepoint    ] Total time for which application threads were stopped: 0.0010248 seconds, Stopping threads took: 0.0003764 seconds
[2025-06-06T09:50:33.979+0200][768.591s][info][safepoint    ] Application time: 1.0050823 seconds
[2025-06-06T09:50:33.979+0200][768.591s][info][safepoint    ] Entering safepoint region: Cleanup
[2025-06-06T09:50:33.979+0200][768.591s][info][safepoint    ] Leaving safepoint region
[2025-06-06T09:50:33.979+0200][768.591s][info][safepoint    ] Total time for which application threads were stopped: 0.0004919 seconds, Stopping threads took: 0.0002048 seconds
[2025-06-06T09:50:42.005+0200][776.617s][info][safepoint    ] Application time: 8.0260090 seconds
[2025-06-06T09:50:42.007+0200][776.619s][info][safepoint    ] Entering safepoint region: Cleanup
[2025-06-06T09:50:42.007+0200][776.619s][info][safepoint    ] Leaving safepoint region
[2025-06-06T09:50:42.007+0200][776.619s][info][safepoint    ] Total time for which application threads were stopped: 0.0004671 seconds, Stopping threads took: 0.0001340 seconds
[2025-06-06T09:50:43.012+0200][777.624s][info][safepoint    ] Application time: 1.0044414 seconds
[2025-06-06T09:50:43.012+0200][777.624s][info][safepoint    ] Entering safepoint region: Cleanup
[2025-06-06T09:50:43.012+0200][777.624s][info][safepoint    ] Leaving safepoint region
[2025-06-06T09:50:43.012+0200][777.624s][info][safepoint    ] Total time for which application threads were stopped: 0.0007004 seconds, Stopping threads took: 0.0001948 seconds
[2025-06-06T09:50:51.037+0200][785.649s][info][safepoint    ] Application time: 8.0248550 seconds
[2025-06-06T09:50:51.038+0200][785.650s][info][safepoint    ] Entering safepoint region: Cleanup
[2025-06-06T09:50:51.039+0200][785.651s][info][safepoint    ] Leaving safepoint region
[2025-06-06T09:50:51.039+0200][785.651s][info][safepoint    ] Total time for which application threads were stopped: 0.0008136 seconds, Stopping threads took: 0.0003664 seconds
[2025-06-06T09:51:07.102+0200][801.714s][info][safepoint    ] Application time: 16.0632822 seconds
[2025-06-06T09:51:07.103+0200][801.715s][info][safepoint    ] Entering safepoint region: Cleanup
[2025-06-06T09:51:07.104+0200][801.716s][info][safepoint    ] Leaving safepoint region
[2025-06-06T09:51:07.104+0200][801.716s][info][safepoint    ] Total time for which application threads were stopped: 0.0013794 seconds, Stopping threads took: 0.0005544 seconds
[2025-06-06T09:51:08.104+0200][802.716s][info][safepoint    ] Application time: 1.0000507 seconds
[2025-06-06T09:51:08.104+0200][802.716s][info][safepoint    ] Entering safepoint region: Cleanup
[2025-06-06T09:51:08.105+0200][802.717s][info][safepoint    ] Leaving safepoint region
[2025-06-06T09:51:08.105+0200][802.717s][info][safepoint    ] Total time for which application threads were stopped: 0.0005496 seconds, Stopping threads took: 0.0001380 seconds
[2025-06-06T09:51:26.208+0200][820.820s][info][safepoint    ] Application time: 18.1033170 seconds
[2025-06-06T09:51:26.209+0200][820.821s][info][safepoint    ] Entering safepoint region: Cleanup
[2025-06-06T09:51:26.210+0200][820.822s][info][safepoint    ] Leaving safepoint region
[2025-06-06T09:51:26.210+0200][820.822s][info][safepoint    ] Total time for which application threads were stopped: 0.0016510 seconds, Stopping threads took: 0.0005455 seconds
[2025-06-06T09:52:30.441+0200][885.054s][info][safepoint    ] Application time: 64.2307600 seconds
[2025-06-06T09:52:30.444+0200][885.056s][info][safepoint    ] Entering safepoint region: Cleanup
[2025-06-06T09:52:30.445+0200][885.057s][info][safepoint    ] Leaving safepoint region
[2025-06-06T09:52:30.445+0200][885.057s][info][safepoint    ] Total time for which application threads were stopped: 0.0016837 seconds, Stopping threads took: 0.0005154 seconds
[2025-06-06T09:52:31.452+0200][886.065s][info][safepoint    ] Application time: 1.0071674 seconds
[2025-06-06T09:52:31.453+0200][886.065s][info][safepoint    ] Entering safepoint region: Cleanup
[2025-06-06T09:52:31.458+0200][886.070s][info][safepoint    ] Leaving safepoint region
[2025-06-06T09:52:31.458+0200][886.070s][info][safepoint    ] Total time for which application threads were stopped: 0.0050953 seconds, Stopping threads took: 0.0006041 seconds
[2025-06-06T09:52:32.460+0200][887.072s][info][safepoint    ] Application time: 1.0020203 seconds
[2025-06-06T09:52:32.460+0200][887.072s][info][safepoint    ] Entering safepoint region: Cleanup
[2025-06-06T09:52:32.460+0200][887.072s][info][safepoint    ] Leaving safepoint region
[2025-06-06T09:52:32.460+0200][887.072s][info][safepoint    ] Total time for which application threads were stopped: 0.0001916 seconds, Stopping threads took: 0.0000482 seconds
[2025-06-06T09:52:33.462+0200][888.074s][info][safepoint    ] Application time: 1.0015754 seconds
[2025-06-06T09:52:33.462+0200][888.074s][info][safepoint    ] Entering safepoint region: Cleanup
[2025-06-06T09:52:33.462+0200][888.074s][info][safepoint    ] Leaving safepoint region
[2025-06-06T09:52:33.462+0200][888.074s][info][safepoint    ] Total time for which application threads were stopped: 0.0001941 seconds, Stopping threads took: 0.0000542 seconds
[2025-06-06T09:52:34.466+0200][889.078s][info][safepoint    ] Application time: 1.0042738 seconds
[2025-06-06T09:52:34.466+0200][889.079s][info][safepoint    ] Entering safepoint region: Cleanup
[2025-06-06T09:52:34.467+0200][889.079s][info][safepoint    ] Leaving safepoint region
[2025-06-06T09:52:34.467+0200][889.079s][info][safepoint    ] Total time for which application threads were stopped: 0.0005358 seconds, Stopping threads took: 0.0001811 seconds
[2025-06-06T09:52:35.471+0200][890.083s][info][safepoint    ] Application time: 1.0040497 seconds
[2025-06-06T09:52:35.471+0200][890.084s][info][safepoint    ] Entering safepoint region: Cleanup
[2025-06-06T09:52:35.471+0200][890.084s][info][safepoint    ] Leaving safepoint region
[2025-06-06T09:52:35.472+0200][890.084s][info][safepoint    ] Total time for which application threads were stopped: 0.0003530 seconds, Stopping threads took: 0.0001036 seconds
[2025-06-06T09:52:36.477+0200][891.089s][info][safepoint    ] Application time: 1.0050603 seconds
[2025-06-06T09:52:36.477+0200][891.089s][info][safepoint    ] Entering safepoint region: Cleanup
[2025-06-06T09:52:36.477+0200][891.089s][info][safepoint    ] Leaving safepoint region
[2025-06-06T09:52:36.477+0200][891.089s][info][safepoint    ] Total time for which application threads were stopped: 0.0003736 seconds, Stopping threads took: 0.0000786 seconds
[2025-06-06T09:52:37.479+0200][892.092s][info][safepoint    ] Application time: 1.0023168 seconds
[2025-06-06T09:52:37.480+0200][892.092s][info][safepoint    ] Entering safepoint region: Cleanup
[2025-06-06T09:52:37.480+0200][892.092s][info][safepoint    ] Leaving safepoint region
[2025-06-06T09:52:37.480+0200][892.092s][info][safepoint    ] Total time for which application threads were stopped: 0.0003921 seconds, Stopping threads took: 0.0001055 seconds
[2025-06-06T09:52:38.484+0200][893.097s][info][safepoint    ] Application time: 1.0043896 seconds
[2025-06-06T09:52:38.485+0200][893.097s][info][safepoint    ] Entering safepoint region: Cleanup
[2025-06-06T09:52:38.485+0200][893.097s][info][safepoint    ] Leaving safepoint region
[2025-06-06T09:52:38.485+0200][893.097s][info][safepoint    ] Total time for which application threads were stopped: 0.0004039 seconds, Stopping threads took: 0.0000953 seconds
[2025-06-06T09:52:39.490+0200][894.102s][info][safepoint    ] Application time: 1.0048061 seconds
[2025-06-06T09:52:39.490+0200][894.103s][info][safepoint    ] Entering safepoint region: Cleanup
[2025-06-06T09:52:39.490+0200][894.103s][info][safepoint    ] Leaving safepoint region
[2025-06-06T09:52:39.491+0200][894.103s][info][safepoint    ] Total time for which application threads were stopped: 0.0003632 seconds, Stopping threads took: 0.0000932 seconds
[2025-06-06T09:52:40.493+0200][895.106s][info][safepoint    ] Application time: 1.0026980 seconds
[2025-06-06T09:52:40.495+0200][895.107s][info][safepoint    ] Entering safepoint region: Cleanup
[2025-06-06T09:52:40.496+0200][895.108s][info][safepoint    ] Leaving safepoint region
[2025-06-06T09:52:40.496+0200][895.108s][info][safepoint    ] Total time for which application threads were stopped: 0.0021267 seconds, Stopping threads took: 0.0014099 seconds
[2025-06-06T09:52:41.498+0200][896.110s][info][safepoint    ] Application time: 1.0017690 seconds
[2025-06-06T09:52:41.499+0200][896.111s][info][safepoint    ] Entering safepoint region: Cleanup
[2025-06-06T09:52:41.500+0200][896.113s][info][safepoint    ] Leaving safepoint region
[2025-06-06T09:52:41.500+0200][896.113s][info][safepoint    ] Total time for which application threads were stopped: 0.0025470 seconds, Stopping threads took: 0.0010696 seconds
[2025-06-06T09:52:42.505+0200][897.118s][info][safepoint    ] Application time: 1.0050370 seconds
[2025-06-06T09:52:42.506+0200][897.118s][info][safepoint    ] Entering safepoint region: Cleanup
[2025-06-06T09:52:42.506+0200][897.118s][info][safepoint    ] Leaving safepoint region
[2025-06-06T09:52:42.506+0200][897.118s][info][safepoint    ] Total time for which application threads were stopped: 0.0003885 seconds, Stopping threads took: 0.0000932 seconds
[2025-06-06T09:52:43.511+0200][898.123s][info][safepoint    ] Application time: 1.0050467 seconds
[2025-06-06T09:52:43.511+0200][898.124s][info][safepoint    ] Entering safepoint region: Cleanup
[2025-06-06T09:52:43.512+0200][898.124s][info][safepoint    ] Leaving safepoint region
[2025-06-06T09:52:43.512+0200][898.124s][info][safepoint    ] Total time for which application threads were stopped: 0.0004048 seconds, Stopping threads took: 0.0001018 seconds
[2025-06-06T09:52:44.515+0200][899.127s][info][safepoint    ] Application time: 1.0027897 seconds
[2025-06-06T09:52:44.515+0200][899.127s][info][safepoint    ] Entering safepoint region: Cleanup
[2025-06-06T09:52:44.515+0200][899.127s][info][safepoint    ] Leaving safepoint region
[2025-06-06T09:52:44.515+0200][899.127s][info][safepoint    ] Total time for which application threads were stopped: 0.0002980 seconds, Stopping threads took: 0.0000665 seconds
[2025-06-06T09:52:45.518+0200][900.130s][info][safepoint    ] Application time: 1.0025927 seconds
[2025-06-06T09:52:45.518+0200][900.130s][info][safepoint    ] Entering safepoint region: Cleanup
[2025-06-06T09:52:45.518+0200][900.131s][info][safepoint    ] Leaving safepoint region
[2025-06-06T09:52:45.518+0200][900.131s][info][safepoint    ] Total time for which application threads were stopped: 0.0005218 seconds, Stopping threads took: 0.0001584 seconds
[2025-06-06T09:52:46.519+0200][901.131s][info][safepoint    ] Application time: 1.0006442 seconds
[2025-06-06T09:52:46.519+0200][901.132s][info][safepoint    ] Entering safepoint region: Cleanup
[2025-06-06T09:52:46.520+0200][901.132s][info][safepoint    ] Leaving safepoint region
[2025-06-06T09:52:46.520+0200][901.132s][info][safepoint    ] Total time for which application threads were stopped: 0.0003667 seconds, Stopping threads took: 0.0001406 seconds
[2025-06-06T09:52:47.523+0200][902.136s][info][safepoint    ] Application time: 1.0036163 seconds
[2025-06-06T09:52:47.524+0200][902.136s][info][safepoint    ] Entering safepoint region: Cleanup
[2025-06-06T09:52:47.524+0200][902.136s][info][safepoint    ] Leaving safepoint region
[2025-06-06T09:52:47.524+0200][902.136s][info][safepoint    ] Total time for which application threads were stopped: 0.0005893 seconds, Stopping threads took: 0.0002094 seconds
[2025-06-06T09:52:48.526+0200][903.139s][info][safepoint    ] Application time: 1.0021587 seconds
[2025-06-06T09:52:48.527+0200][903.139s][info][safepoint    ] Entering safepoint region: Cleanup
[2025-06-06T09:52:48.527+0200][903.139s][info][safepoint    ] Leaving safepoint region
[2025-06-06T09:52:48.527+0200][903.139s][info][safepoint    ] Total time for which application threads were stopped: 0.0003251 seconds, Stopping threads took: 0.0000939 seconds
[2025-06-06T09:52:49.527+0200][904.140s][info][safepoint    ] Application time: 1.0006015 seconds
[2025-06-06T09:52:49.528+0200][904.140s][info][safepoint    ] Entering safepoint region: Cleanup
[2025-06-06T09:52:49.528+0200][904.140s][info][safepoint    ] Leaving safepoint region
[2025-06-06T09:52:49.528+0200][904.140s][info][safepoint    ] Total time for which application threads were stopped: 0.0003647 seconds, Stopping threads took: 0.0001179 seconds
[2025-06-06T09:52:50.531+0200][905.144s][info][safepoint    ] Application time: 1.0032630 seconds
[2025-06-06T09:52:50.531+0200][905.144s][info][safepoint    ] Entering safepoint region: Cleanup
[2025-06-06T09:52:50.532+0200][905.144s][info][safepoint    ] Leaving safepoint region
[2025-06-06T09:52:50.532+0200][905.144s][info][safepoint    ] Total time for which application threads were stopped: 0.0003507 seconds, Stopping threads took: 0.0000869 seconds
[2025-06-06T09:52:51.534+0200][906.147s][info][safepoint    ] Application time: 1.0026160 seconds
[2025-06-06T09:52:51.538+0200][906.150s][info][safepoint    ] Entering safepoint region: Cleanup
[2025-06-06T09:52:51.539+0200][906.151s][info][safepoint    ] Leaving safepoint region
[2025-06-06T09:52:51.539+0200][906.151s][info][safepoint    ] Total time for which application threads were stopped: 0.0018734 seconds, Stopping threads took: 0.0009857 seconds
[2025-06-06T09:52:52.543+0200][907.155s][info][safepoint    ] Application time: 1.0039885 seconds
[2025-06-06T09:52:52.543+0200][907.155s][info][safepoint    ] Entering safepoint region: Cleanup
[2025-06-06T09:52:52.543+0200][907.155s][info][safepoint    ] Leaving safepoint region
[2025-06-06T09:52:52.543+0200][907.156s][info][safepoint    ] Total time for which application threads were stopped: 0.0004051 seconds, Stopping threads took: 0.0001142 seconds
[2025-06-06T09:52:53.547+0200][908.160s][info][safepoint    ] Application time: 1.0038908 seconds
[2025-06-06T09:52:53.548+0200][908.160s][info][safepoint    ] Entering safepoint region: Cleanup
[2025-06-06T09:52:53.548+0200][908.160s][info][safepoint    ] Leaving safepoint region
[2025-06-06T09:52:53.548+0200][908.161s][info][safepoint    ] Total time for which application threads were stopped: 0.0003523 seconds, Stopping threads took: 0.0001140 seconds
[2025-06-06T09:52:54.552+0200][909.164s][info][safepoint    ] Application time: 1.0036729 seconds
[2025-06-06T09:52:54.552+0200][909.165s][info][safepoint    ] Entering safepoint region: Cleanup
[2025-06-06T09:52:54.552+0200][909.165s][info][safepoint    ] Leaving safepoint region
[2025-06-06T09:52:54.552+0200][909.165s][info][safepoint    ] Total time for which application threads were stopped: 0.0003647 seconds, Stopping threads took: 0.0001052 seconds
[2025-06-06T09:52:55.558+0200][910.170s][info][safepoint    ] Application time: 1.0050497 seconds
[2025-06-06T09:52:55.558+0200][910.170s][info][safepoint    ] Entering safepoint region: Cleanup
[2025-06-06T09:52:55.558+0200][910.170s][info][safepoint    ] Leaving safepoint region
[2025-06-06T09:52:55.558+0200][910.171s][info][safepoint    ] Total time for which application threads were stopped: 0.0003779 seconds, Stopping threads took: 0.0001024 seconds
[2025-06-06T09:52:56.560+0200][911.173s][info][safepoint    ] Application time: 1.0019544 seconds
[2025-06-06T09:52:56.561+0200][911.173s][info][safepoint    ] Entering safepoint region: Cleanup
[2025-06-06T09:52:56.561+0200][911.173s][info][safepoint    ] Leaving safepoint region
[2025-06-06T09:52:56.561+0200][911.173s][info][safepoint    ] Total time for which application threads were stopped: 0.0006237 seconds, Stopping threads took: 0.0002105 seconds
[2025-06-06T09:52:57.562+0200][912.174s][info][safepoint    ] Application time: 1.0006943 seconds
[2025-06-06T09:52:57.562+0200][912.174s][info][safepoint    ] Entering safepoint region: Cleanup
[2025-06-06T09:52:57.562+0200][912.175s][info][safepoint    ] Leaving safepoint region
[2025-06-06T09:52:57.562+0200][912.175s][info][safepoint    ] Total time for which application threads were stopped: 0.0003690 seconds, Stopping threads took: 0.0000950 seconds
[2025-06-06T09:52:58.566+0200][913.178s][info][safepoint    ] Application time: 1.0036558 seconds
[2025-06-06T09:52:58.566+0200][913.178s][info][safepoint    ] Entering safepoint region: Cleanup
[2025-06-06T09:52:58.566+0200][913.178s][info][safepoint    ] Leaving safepoint region
[2025-06-06T09:52:58.566+0200][913.178s][info][safepoint    ] Total time for which application threads were stopped: 0.0000934 seconds, Stopping threads took: 0.0000179 seconds
[2025-06-06T09:52:59.570+0200][914.183s][info][safepoint    ] Application time: 1.0041103 seconds
[2025-06-06T09:52:59.571+0200][914.183s][info][safepoint    ] Entering safepoint region: Cleanup
[2025-06-06T09:52:59.571+0200][914.184s][info][safepoint    ] Leaving safepoint region
[2025-06-06T09:52:59.571+0200][914.184s][info][safepoint    ] Total time for which application threads were stopped: 0.0008740 seconds, Stopping threads took: 0.0004705 seconds
[2025-06-06T09:53:00.572+0200][915.185s][info][safepoint    ] Application time: 1.0007302 seconds
[2025-06-06T09:53:00.572+0200][915.185s][info][safepoint    ] Entering safepoint region: Cleanup
[2025-06-06T09:53:00.572+0200][915.185s][info][safepoint    ] Leaving safepoint region
[2025-06-06T09:53:00.572+0200][915.185s][info][safepoint    ] Total time for which application threads were stopped: 0.0001696 seconds, Stopping threads took: 0.0000434 seconds
[2025-06-06T09:53:01.575+0200][916.188s][info][safepoint    ] Application time: 1.0027535 seconds
[2025-06-06T09:53:01.575+0200][916.188s][info][safepoint    ] Entering safepoint region: Cleanup
[2025-06-06T09:53:01.575+0200][916.188s][info][safepoint    ] Leaving safepoint region
[2025-06-06T09:53:01.575+0200][916.188s][info][safepoint    ] Total time for which application threads were stopped: 0.0001301 seconds, Stopping threads took: 0.0000315 seconds
[2025-06-06T09:53:02.580+0200][917.193s][info][safepoint    ] Application time: 1.0050315 seconds
[2025-06-06T09:53:02.581+0200][917.193s][info][safepoint    ] Entering safepoint region: Cleanup
[2025-06-06T09:53:02.581+0200][917.193s][info][safepoint    ] Leaving safepoint region
[2025-06-06T09:53:02.581+0200][917.193s][info][safepoint    ] Total time for which application threads were stopped: 0.0003657 seconds, Stopping threads took: 0.0000969 seconds
[2025-06-06T09:53:03.584+0200][918.197s][info][safepoint    ] Application time: 1.0032636 seconds
[2025-06-06T09:53:03.585+0200][918.197s][info][safepoint    ] Entering safepoint region: Cleanup
[2025-06-06T09:53:03.585+0200][918.197s][info][safepoint    ] Leaving safepoint region
[2025-06-06T09:53:03.585+0200][918.197s][info][safepoint    ] Total time for which application threads were stopped: 0.0003240 seconds, Stopping threads took: 0.0000785 seconds
[2025-06-06T09:53:04.587+0200][919.199s][info][safepoint    ] Application time: 1.0018887 seconds
[2025-06-06T09:53:04.587+0200][919.199s][info][safepoint    ] Entering safepoint region: Cleanup
[2025-06-06T09:53:04.587+0200][919.199s][info][safepoint    ] Leaving safepoint region
[2025-06-06T09:53:04.587+0200][919.199s][info][safepoint    ] Total time for which application threads were stopped: 0.0001265 seconds, Stopping threads took: 0.0000314 seconds
[2025-06-06T09:53:05.592+0200][920.204s][info][safepoint    ] Application time: 1.0050476 seconds
[2025-06-06T09:53:05.592+0200][920.205s][info][safepoint    ] Entering safepoint region: Cleanup
[2025-06-06T09:53:05.593+0200][920.205s][info][safepoint    ] Leaving safepoint region
[2025-06-06T09:53:05.593+0200][920.205s][info][safepoint    ] Total time for which application threads were stopped: 0.0003855 seconds, Stopping threads took: 0.0001112 seconds
[2025-06-06T09:53:06.597+0200][921.209s][info][safepoint    ] Application time: 1.0039649 seconds
[2025-06-06T09:53:06.597+0200][921.209s][info][safepoint    ] Entering safepoint region: Cleanup
[2025-06-06T09:53:06.597+0200][921.209s][info][safepoint    ] Leaving safepoint region
[2025-06-06T09:53:06.597+0200][921.209s][info][safepoint    ] Total time for which application threads were stopped: 0.0003380 seconds, Stopping threads took: 0.0001337 seconds
[2025-06-06T09:53:07.599+0200][922.211s][info][safepoint    ] Application time: 1.0016779 seconds
[2025-06-06T09:53:07.599+0200][922.211s][info][safepoint    ] Entering safepoint region: Cleanup
[2025-06-06T09:53:07.599+0200][922.212s][info][safepoint    ] Leaving safepoint region
[2025-06-06T09:53:07.599+0200][922.212s][info][safepoint    ] Total time for which application threads were stopped: 0.0003852 seconds, Stopping threads took: 0.0000707 seconds
[2025-06-06T09:53:08.604+0200][923.216s][info][safepoint    ] Application time: 1.0047616 seconds
[2025-06-06T09:53:08.604+0200][923.216s][info][safepoint    ] Entering safepoint region: Cleanup
[2025-06-06T09:53:08.604+0200][923.217s][info][safepoint    ] Leaving safepoint region
[2025-06-06T09:53:08.604+0200][923.217s][info][safepoint    ] Total time for which application threads were stopped: 0.0001059 seconds, Stopping threads took: 0.0000272 seconds
[2025-06-06T09:53:09.609+0200][924.222s][info][safepoint    ] Application time: 1.0050498 seconds
[2025-06-06T09:53:09.609+0200][924.222s][info][safepoint    ] Entering safepoint region: Cleanup
[2025-06-06T09:53:09.610+0200][924.222s][info][safepoint    ] Leaving safepoint region
[2025-06-06T09:53:09.610+0200][924.222s][info][safepoint    ] Total time for which application threads were stopped: 0.0004235 seconds, Stopping threads took: 0.0001901 seconds
[2025-06-06T09:53:10.612+0200][925.225s][info][safepoint    ] Application time: 1.0026478 seconds
[2025-06-06T09:53:10.613+0200][925.225s][info][safepoint    ] Entering safepoint region: Cleanup
[2025-06-06T09:53:10.613+0200][925.225s][info][safepoint    ] Leaving safepoint region
[2025-06-06T09:53:10.613+0200][925.225s][info][safepoint    ] Total time for which application threads were stopped: 0.0002940 seconds, Stopping threads took: 0.0000789 seconds
[2025-06-06T09:53:11.615+0200][926.227s][info][safepoint    ] Application time: 1.0020735 seconds
[2025-06-06T09:53:11.615+0200][926.228s][info][safepoint    ] Entering safepoint region: Cleanup
[2025-06-06T09:53:11.616+0200][926.228s][info][safepoint    ] Leaving safepoint region
[2025-06-06T09:53:11.616+0200][926.228s][info][safepoint    ] Total time for which application threads were stopped: 0.0003940 seconds, Stopping threads took: 0.0001947 seconds
[2025-06-06T09:53:12.620+0200][927.232s][info][safepoint    ] Application time: 1.0040567 seconds
[2025-06-06T09:53:12.620+0200][927.232s][info][safepoint    ] Entering safepoint region: Cleanup
[2025-06-06T09:53:12.620+0200][927.233s][info][safepoint    ] Leaving safepoint region
[2025-06-06T09:53:12.620+0200][927.233s][info][safepoint    ] Total time for which application threads were stopped: 0.0002629 seconds, Stopping threads took: 0.0000660 seconds
[2025-06-06T09:53:13.623+0200][928.236s][info][safepoint    ] Application time: 1.0031960 seconds
[2025-06-06T09:53:13.623+0200][928.236s][info][safepoint    ] Entering safepoint region: Cleanup
[2025-06-06T09:53:13.623+0200][928.236s][info][safepoint    ] Leaving safepoint region
[2025-06-06T09:53:13.623+0200][928.236s][info][safepoint    ] Total time for which application threads were stopped: 0.0000609 seconds, Stopping threads took: 0.0000200 seconds
[2025-06-06T09:53:14.624+0200][929.236s][info][safepoint    ] Application time: 1.0004320 seconds
[2025-06-06T09:53:14.624+0200][929.237s][info][safepoint    ] Entering safepoint region: Cleanup
[2025-06-06T09:53:14.624+0200][929.237s][info][safepoint    ] Leaving safepoint region
[2025-06-06T09:53:14.624+0200][929.237s][info][safepoint    ] Total time for which application threads were stopped: 0.0003859 seconds, Stopping threads took: 0.0001870 seconds
[2025-06-06T09:53:15.629+0200][930.242s][info][safepoint    ] Application time: 1.0050331 seconds
[2025-06-06T09:53:15.630+0200][930.242s][info][safepoint    ] Entering safepoint region: Cleanup
[2025-06-06T09:53:15.630+0200][930.242s][info][safepoint    ] Leaving safepoint region
[2025-06-06T09:53:15.630+0200][930.242s][info][safepoint    ] Total time for which application threads were stopped: 0.0001307 seconds, Stopping threads took: 0.0000349 seconds
[2025-06-06T09:53:16.635+0200][931.247s][info][safepoint    ] Application time: 1.0051110 seconds
[2025-06-06T09:53:16.635+0200][931.247s][info][safepoint    ] Entering safepoint region: Cleanup
[2025-06-06T09:53:16.635+0200][931.248s][info][safepoint    ] Leaving safepoint region
[2025-06-06T09:53:16.635+0200][931.248s][info][safepoint    ] Total time for which application threads were stopped: 0.0003591 seconds, Stopping threads took: 0.0000898 seconds
[2025-06-06T09:53:17.639+0200][932.251s][info][safepoint    ] Application time: 1.0033153 seconds
[2025-06-06T09:53:17.639+0200][932.251s][info][safepoint    ] Entering safepoint region: Cleanup
[2025-06-06T09:53:17.639+0200][932.252s][info][safepoint    ] Leaving safepoint region
[2025-06-06T09:53:17.639+0200][932.252s][info][safepoint    ] Total time for which application threads were stopped: 0.0003315 seconds, Stopping threads took: 0.0000817 seconds
[2025-06-06T09:53:18.643+0200][933.255s][info][safepoint    ] Application time: 1.0036390 seconds
[2025-06-06T09:53:18.643+0200][933.255s][info][safepoint    ] Entering safepoint region: Cleanup
[2025-06-06T09:53:18.643+0200][933.256s][info][safepoint    ] Leaving safepoint region
[2025-06-06T09:53:18.643+0200][933.256s][info][safepoint    ] Total time for which application threads were stopped: 0.0002155 seconds, Stopping threads took: 0.0000464 seconds
[2025-06-06T09:53:19.644+0200][934.256s][info][safepoint    ] Application time: 1.0004769 seconds
[2025-06-06T09:53:19.644+0200][934.256s][info][safepoint    ] Entering safepoint region: Cleanup
[2025-06-06T09:53:19.645+0200][934.257s][info][safepoint    ] Leaving safepoint region
[2025-06-06T09:53:19.645+0200][934.257s][info][safepoint    ] Total time for which application threads were stopped: 0.0009316 seconds, Stopping threads took: 0.0001001 seconds
[2025-06-06T09:53:20.648+0200][935.260s][info][safepoint    ] Application time: 1.0027492 seconds
[2025-06-06T09:53:20.648+0200][935.261s][info][safepoint    ] Entering safepoint region: Cleanup
[2025-06-06T09:53:20.649+0200][935.261s][info][safepoint    ] Leaving safepoint region
[2025-06-06T09:53:20.649+0200][935.261s][info][safepoint    ] Total time for which application threads were stopped: 0.0011328 seconds, Stopping threads took: 0.0005517 seconds
[2025-06-06T09:53:21.652+0200][936.265s][info][safepoint    ] Application time: 1.0031007 seconds
[2025-06-06T09:53:21.652+0200][936.265s][info][safepoint    ] Entering safepoint region: Cleanup
[2025-06-06T09:53:21.653+0200][936.265s][info][safepoint    ] Leaving safepoint region
[2025-06-06T09:53:21.653+0200][936.265s][info][safepoint    ] Total time for which application threads were stopped: 0.0002906 seconds, Stopping threads took: 0.0000680 seconds
[2025-06-06T09:53:22.658+0200][937.270s][info][safepoint    ] Application time: 1.0050425 seconds
[2025-06-06T09:53:22.658+0200][937.270s][info][safepoint    ] Entering safepoint region: Cleanup
[2025-06-06T09:53:22.658+0200][937.271s][info][safepoint    ] Leaving safepoint region
[2025-06-06T09:53:22.658+0200][937.271s][info][safepoint    ] Total time for which application threads were stopped: 0.0004724 seconds, Stopping threads took: 0.0001507 seconds
[2025-06-06T09:53:23.659+0200][938.272s][info][safepoint    ] Application time: 1.0005942 seconds
[2025-06-06T09:53:23.660+0200][938.272s][info][safepoint    ] Entering safepoint region: Cleanup
[2025-06-06T09:53:23.660+0200][938.273s][info][safepoint    ] Leaving safepoint region
[2025-06-06T09:53:23.660+0200][938.273s][info][safepoint    ] Total time for which application threads were stopped: 0.0003272 seconds, Stopping threads took: 0.0000874 seconds
[2025-06-06T09:53:24.663+0200][939.275s][info][safepoint    ] Application time: 1.0023935 seconds
[2025-06-06T09:53:24.663+0200][939.275s][info][safepoint    ] Entering safepoint region: Cleanup
[2025-06-06T09:53:24.663+0200][939.275s][info][safepoint    ] Leaving safepoint region
[2025-06-06T09:53:24.663+0200][939.275s][info][safepoint    ] Total time for which application threads were stopped: 0.0000810 seconds, Stopping threads took: 0.0000160 seconds
[2025-06-06T09:53:25.668+0200][940.280s][info][safepoint    ] Application time: 1.0050387 seconds
[2025-06-06T09:53:25.669+0200][940.281s][info][safepoint    ] Entering safepoint region: Cleanup
[2025-06-06T09:53:25.669+0200][940.282s][info][safepoint    ] Leaving safepoint region
[2025-06-06T09:53:25.669+0200][940.282s][info][safepoint    ] Total time for which application threads were stopped: 0.0012173 seconds, Stopping threads took: 0.0009950 seconds
[2025-06-06T09:53:26.681+0200][941.293s][info][safepoint    ] Application time: 1.0116530 seconds
[2025-06-06T09:53:26.681+0200][941.294s][info][safepoint    ] Entering safepoint region: Cleanup
[2025-06-06T09:53:26.681+0200][941.294s][info][safepoint    ] Leaving safepoint region
[2025-06-06T09:53:26.681+0200][941.294s][info][safepoint    ] Total time for which application threads were stopped: 0.0002456 seconds, Stopping threads took: 0.0000761 seconds
[2025-06-06T09:53:27.686+0200][942.299s][info][safepoint    ] Application time: 1.0050278 seconds
[2025-06-06T09:53:27.687+0200][942.299s][info][safepoint    ] Entering safepoint region: Cleanup
[2025-06-06T09:53:27.687+0200][942.299s][info][safepoint    ] Leaving safepoint region
[2025-06-06T09:53:27.687+0200][942.299s][info][safepoint    ] Total time for which application threads were stopped: 0.0003465 seconds, Stopping threads took: 0.0000787 seconds
[2025-06-06T09:53:28.690+0200][943.303s][info][safepoint    ] Application time: 1.0035300 seconds
[2025-06-06T09:53:28.691+0200][943.303s][info][safepoint    ] Entering safepoint region: Cleanup
[2025-06-06T09:53:28.691+0200][943.303s][info][safepoint    ] Leaving safepoint region
[2025-06-06T09:53:28.691+0200][943.303s][info][safepoint    ] Total time for which application threads were stopped: 0.0002430 seconds, Stopping threads took: 0.0000603 seconds
[2025-06-06T09:53:29.692+0200][944.305s][info][safepoint    ] Application time: 1.0016456 seconds
[2025-06-06T09:53:29.693+0200][944.305s][info][safepoint    ] Entering safepoint region: Cleanup
[2025-06-06T09:53:29.693+0200][944.305s][info][safepoint    ] Leaving safepoint region
[2025-06-06T09:53:29.693+0200][944.306s][info][safepoint    ] Total time for which application threads were stopped: 0.0003162 seconds, Stopping threads took: 0.0001183 seconds
[2025-06-06T09:53:30.695+0200][945.307s][info][safepoint    ] Application time: 1.0013502 seconds
[2025-06-06T09:53:30.695+0200][945.307s][info][safepoint    ] Entering safepoint region: Cleanup
[2025-06-06T09:53:30.695+0200][945.308s][info][safepoint    ] Leaving safepoint region
[2025-06-06T09:53:30.695+0200][945.308s][info][safepoint    ] Total time for which application threads were stopped: 0.0006075 seconds, Stopping threads took: 0.0003107 seconds
[2025-06-06T09:53:31.700+0200][946.313s][info][safepoint    ] Application time: 1.0050378 seconds
[2025-06-06T09:53:31.701+0200][946.313s][info][safepoint    ] Entering safepoint region: Cleanup
[2025-06-06T09:53:31.701+0200][946.313s][info][safepoint    ] Leaving safepoint region
[2025-06-06T09:53:31.701+0200][946.313s][info][safepoint    ] Total time for which application threads were stopped: 0.0003462 seconds, Stopping threads took: 0.0000835 seconds
[2025-06-06T09:53:32.701+0200][947.314s][info][safepoint    ] Application time: 1.0006488 seconds
[2025-06-06T09:53:32.702+0200][947.314s][info][safepoint    ] Entering safepoint region: Cleanup
[2025-06-06T09:53:32.702+0200][947.314s][info][safepoint    ] Leaving safepoint region
[2025-06-06T09:53:32.702+0200][947.314s][info][safepoint    ] Total time for which application threads were stopped: 0.0003771 seconds, Stopping threads took: 0.0000944 seconds
[2025-06-06T09:53:33.707+0200][948.320s][info][safepoint    ] Application time: 1.0050514 seconds
[2025-06-06T09:53:33.707+0200][948.320s][info][safepoint    ] Entering safepoint region: Cleanup
[2025-06-06T09:53:33.707+0200][948.320s][info][safepoint    ] Leaving safepoint region
[2025-06-06T09:53:33.707+0200][948.320s][info][safepoint    ] Total time for which application threads were stopped: 0.0001622 seconds, Stopping threads took: 0.0000315 seconds
[2025-06-06T09:53:34.712+0200][949.325s][info][safepoint    ] Application time: 1.0050514 seconds
[2025-06-06T09:53:34.713+0200][949.325s][info][safepoint    ] Entering safepoint region: Cleanup
[2025-06-06T09:53:34.713+0200][949.325s][info][safepoint    ] Leaving safepoint region
[2025-06-06T09:53:34.713+0200][949.325s][info][safepoint    ] Total time for which application threads were stopped: 0.0003675 seconds, Stopping threads took: 0.0000984 seconds
[2025-06-06T09:53:35.717+0200][950.330s][info][safepoint    ] Application time: 1.0041033 seconds
[2025-06-06T09:53:35.717+0200][950.330s][info][safepoint    ] Entering safepoint region: Cleanup
[2025-06-06T09:53:35.718+0200][950.330s][info][safepoint    ] Leaving safepoint region
[2025-06-06T09:53:35.718+0200][950.330s][info][safepoint    ] Total time for which application threads were stopped: 0.0003713 seconds, Stopping threads took: 0.0001007 seconds
[2025-06-06T09:53:36.721+0200][951.334s][info][safepoint    ] Application time: 1.0035677 seconds
[2025-06-06T09:53:36.722+0200][951.334s][info][safepoint    ] Entering safepoint region: Cleanup
[2025-06-06T09:53:36.722+0200][951.334s][info][safepoint    ] Leaving safepoint region
[2025-06-06T09:53:36.722+0200][951.335s][info][safepoint    ] Total time for which application threads were stopped: 0.0003916 seconds, Stopping threads took: 0.0001199 seconds
[2025-06-06T09:53:37.726+0200][952.338s][info][safepoint    ] Application time: 1.0033771 seconds
[2025-06-06T09:53:37.726+0200][952.338s][info][safepoint    ] Entering safepoint region: Cleanup
[2025-06-06T09:53:37.726+0200][952.339s][info][safepoint    ] Leaving safepoint region
[2025-06-06T09:53:37.726+0200][952.339s][info][safepoint    ] Total time for which application threads were stopped: 0.0003897 seconds, Stopping threads took: 0.0001014 seconds
[2025-06-06T09:53:38.731+0200][953.344s][info][safepoint    ] Application time: 1.0050893 seconds
[2025-06-06T09:53:38.731+0200][953.344s][info][safepoint    ] Entering safepoint region: Cleanup
[2025-06-06T09:53:38.732+0200][953.344s][info][safepoint    ] Leaving safepoint region
[2025-06-06T09:53:38.732+0200][953.344s][info][safepoint    ] Total time for which application threads were stopped: 0.0003443 seconds, Stopping threads took: 0.0000925 seconds
[2025-06-06T09:53:39.737+0200][954.349s][info][safepoint    ] Application time: 1.0050421 seconds
[2025-06-06T09:53:39.737+0200][954.350s][info][safepoint    ] Entering safepoint region: Cleanup
[2025-06-06T09:53:39.737+0200][954.350s][info][safepoint    ] Leaving safepoint region
[2025-06-06T09:53:39.737+0200][954.350s][info][safepoint    ] Total time for which application threads were stopped: 0.0003618 seconds, Stopping threads took: 0.0000955 seconds
[2025-06-06T09:53:40.742+0200][955.355s][info][safepoint    ] Application time: 1.0049277 seconds
[2025-06-06T09:53:40.743+0200][955.355s][info][safepoint    ] Entering safepoint region: Cleanup
[2025-06-06T09:53:40.743+0200][955.355s][info][safepoint    ] Leaving safepoint region
[2025-06-06T09:53:40.743+0200][955.355s][info][safepoint    ] Total time for which application threads were stopped: 0.0001498 seconds, Stopping threads took: 0.0000400 seconds
[2025-06-06T09:53:41.748+0200][956.360s][info][safepoint    ] Application time: 1.0050385 seconds
[2025-06-06T09:53:41.748+0200][956.360s][info][safepoint    ] Entering safepoint region: Cleanup
[2025-06-06T09:53:41.748+0200][956.361s][info][safepoint    ] Leaving safepoint region
[2025-06-06T09:53:41.748+0200][956.361s][info][safepoint    ] Total time for which application threads were stopped: 0.0002502 seconds, Stopping threads took: 0.0000665 seconds
[2025-06-06T09:53:42.752+0200][957.364s][info][safepoint    ] Application time: 1.0035751 seconds
[2025-06-06T09:53:42.752+0200][957.365s][info][safepoint    ] Entering safepoint region: Cleanup
[2025-06-06T09:53:42.752+0200][957.365s][info][safepoint    ] Leaving safepoint region
[2025-06-06T09:53:42.752+0200][957.365s][info][safepoint    ] Total time for which application threads were stopped: 0.0005357 seconds, Stopping threads took: 0.0002658 seconds
[2025-06-06T09:53:43.758+0200][958.370s][info][safepoint    ] Application time: 1.0050347 seconds
[2025-06-06T09:53:43.758+0200][958.370s][info][safepoint    ] Entering safepoint region: Cleanup
[2025-06-06T09:53:43.758+0200][958.370s][info][safepoint    ] Leaving safepoint region
[2025-06-06T09:53:43.758+0200][958.370s][info][safepoint    ] Total time for which application threads were stopped: 0.0002259 seconds, Stopping threads took: 0.0000560 seconds
[2025-06-06T09:53:44.761+0200][959.374s][info][safepoint    ] Application time: 1.0034853 seconds
[2025-06-06T09:53:44.762+0200][959.374s][info][safepoint    ] Entering safepoint region: Cleanup
[2025-06-06T09:53:44.762+0200][959.374s][info][safepoint    ] Leaving safepoint region
[2025-06-06T09:53:44.762+0200][959.374s][info][safepoint    ] Total time for which application threads were stopped: 0.0003058 seconds, Stopping threads took: 0.0001118 seconds
[2025-06-06T09:53:45.764+0200][960.376s][info][safepoint    ] Application time: 1.0019861 seconds
[2025-06-06T09:53:45.764+0200][960.377s][info][safepoint    ] Entering safepoint region: Cleanup
[2025-06-06T09:53:45.765+0200][960.377s][info][safepoint    ] Leaving safepoint region
[2025-06-06T09:53:45.765+0200][960.378s][info][safepoint    ] Total time for which application threads were stopped: 0.0009791 seconds, Stopping threads took: 0.0004233 seconds
[2025-06-06T09:53:46.770+0200][961.382s][info][safepoint    ] Application time: 1.0046537 seconds
[2025-06-06T09:53:46.770+0200][961.383s][info][safepoint    ] Entering safepoint region: Cleanup
[2025-06-06T09:53:46.770+0200][961.383s][info][safepoint    ] Leaving safepoint region
[2025-06-06T09:53:46.770+0200][961.383s][info][safepoint    ] Total time for which application threads were stopped: 0.0004549 seconds, Stopping threads took: 0.0002191 seconds
[2025-06-06T09:53:47.772+0200][962.385s][info][safepoint    ] Application time: 1.0016888 seconds
[2025-06-06T09:53:47.772+0200][962.385s][info][safepoint    ] Entering safepoint region: Cleanup
[2025-06-06T09:53:47.772+0200][962.385s][info][safepoint    ] Leaving safepoint region
[2025-06-06T09:53:47.772+0200][962.385s][info][safepoint    ] Total time for which application threads were stopped: 0.0003401 seconds, Stopping threads took: 0.0001321 seconds
[2025-06-06T09:53:48.774+0200][963.387s][info][safepoint    ] Application time: 1.0010642 seconds
[2025-06-06T09:53:48.775+0200][963.388s][info][safepoint    ] Entering safepoint region: Cleanup
[2025-06-06T09:53:48.776+0200][963.388s][info][safepoint    ] Leaving safepoint region
[2025-06-06T09:53:48.776+0200][963.388s][info][safepoint    ] Total time for which application threads were stopped: 0.0018058 seconds, Stopping threads took: 0.0010207 seconds
[2025-06-06T09:53:49.781+0200][964.394s][info][safepoint    ] Application time: 1.0051022 seconds
[2025-06-06T09:53:49.782+0200][964.394s][info][safepoint    ] Entering safepoint region: Cleanup
[2025-06-06T09:53:49.782+0200][964.394s][info][safepoint    ] Leaving safepoint region
[2025-06-06T09:53:49.782+0200][964.394s][info][safepoint    ] Total time for which application threads were stopped: 0.0006468 seconds, Stopping threads took: 0.0003241 seconds
[2025-06-06T09:53:50.782+0200][965.395s][info][safepoint    ] Application time: 1.0002943 seconds
[2025-06-06T09:53:50.783+0200][965.396s][info][safepoint    ] Entering safepoint region: Cleanup
[2025-06-06T09:53:50.784+0200][965.396s][info][safepoint    ] Leaving safepoint region
[2025-06-06T09:53:50.784+0200][965.396s][info][safepoint    ] Total time for which application threads were stopped: 0.0012932 seconds, Stopping threads took: 0.0006391 seconds
[2025-06-06T09:53:51.788+0200][966.400s][info][safepoint    ] Application time: 1.0037583 seconds
[2025-06-06T09:53:51.788+0200][966.401s][info][safepoint    ] Entering safepoint region: Cleanup
[2025-06-06T09:53:51.789+0200][966.401s][info][safepoint    ] Leaving safepoint region
[2025-06-06T09:53:51.789+0200][966.401s][info][safepoint    ] Total time for which application threads were stopped: 0.0005624 seconds, Stopping threads took: 0.0002522 seconds
[2025-06-06T09:53:52.793+0200][967.405s][info][safepoint    ] Application time: 1.0042109 seconds
[2025-06-06T09:53:52.793+0200][967.406s][info][safepoint    ] Entering safepoint region: Cleanup
[2025-06-06T09:53:52.794+0200][967.406s][info][safepoint    ] Leaving safepoint region
[2025-06-06T09:53:52.794+0200][967.406s][info][safepoint    ] Total time for which application threads were stopped: 0.0004958 seconds, Stopping threads took: 0.0001068 seconds
[2025-06-06T09:53:53.795+0200][968.407s][info][safepoint    ] Application time: 1.0010563 seconds
[2025-06-06T09:53:53.795+0200][968.408s][info][safepoint    ] Entering safepoint region: Cleanup
[2025-06-06T09:53:53.795+0200][968.408s][info][safepoint    ] Leaving safepoint region
[2025-06-06T09:53:53.795+0200][968.408s][info][safepoint    ] Total time for which application threads were stopped: 0.0006585 seconds, Stopping threads took: 0.0003344 seconds
[2025-06-06T09:53:54.800+0200][969.413s][info][safepoint    ] Application time: 1.0048413 seconds
[2025-06-06T09:53:54.801+0200][969.413s][info][safepoint    ] Entering safepoint region: Cleanup
[2025-06-06T09:53:54.801+0200][969.413s][info][safepoint    ] Leaving safepoint region
[2025-06-06T09:53:54.801+0200][969.413s][info][safepoint    ] Total time for which application threads were stopped: 0.0002487 seconds, Stopping threads took: 0.0001092 seconds
[2025-06-06T09:53:55.803+0200][970.416s][info][safepoint    ] Application time: 1.0025299 seconds
[2025-06-06T09:53:55.804+0200][970.416s][info][safepoint    ] Entering safepoint region: Cleanup
[2025-06-06T09:53:55.804+0200][970.416s][info][safepoint    ] Leaving safepoint region
[2025-06-06T09:53:55.804+0200][970.416s][info][safepoint    ] Total time for which application threads were stopped: 0.0001358 seconds, Stopping threads took: 0.0000388 seconds
[2025-06-06T09:53:56.809+0200][971.421s][info][safepoint    ] Application time: 1.0051954 seconds
[2025-06-06T09:53:56.809+0200][971.422s][info][safepoint    ] Entering safepoint region: Cleanup
[2025-06-06T09:53:56.811+0200][971.423s][info][safepoint    ] Leaving safepoint region
[2025-06-06T09:53:56.811+0200][971.423s][info][safepoint    ] Total time for which application threads were stopped: 0.0017598 seconds, Stopping threads took: 0.0003372 seconds
[2025-06-06T09:53:57.815+0200][972.428s][info][safepoint    ] Application time: 1.0039068 seconds
[2025-06-06T09:53:57.818+0200][972.431s][info][safepoint    ] Entering safepoint region: Cleanup
[2025-06-06T09:53:57.829+0200][972.441s][info][safepoint    ] Leaving safepoint region
[2025-06-06T09:53:57.829+0200][972.441s][info][safepoint    ] Total time for which application threads were stopped: 0.0128167 seconds, Stopping threads took: 0.0022164 seconds
[2025-06-06T09:53:58.834+0200][973.446s][info][safepoint    ] Application time: 1.0048060 seconds
[2025-06-06T09:53:58.834+0200][973.446s][info][safepoint    ] Entering safepoint region: Cleanup
[2025-06-06T09:53:58.834+0200][973.446s][info][safepoint    ] Leaving safepoint region
[2025-06-06T09:53:58.834+0200][973.446s][info][safepoint    ] Total time for which application threads were stopped: 0.0002703 seconds, Stopping threads took: 0.0000464 seconds
[2025-06-06T09:53:59.839+0200][974.451s][info][safepoint    ] Application time: 1.0046082 seconds
[2025-06-06T09:53:59.839+0200][974.452s][info][safepoint    ] Entering safepoint region: Cleanup
[2025-06-06T09:53:59.840+0200][974.452s][info][safepoint    ] Leaving safepoint region
[2025-06-06T09:53:59.840+0200][974.452s][info][safepoint    ] Total time for which application threads were stopped: 0.0009127 seconds, Stopping threads took: 0.0003828 seconds
[2025-06-06T09:54:00.845+0200][975.458s][info][safepoint    ] Application time: 1.0050408 seconds
[2025-06-06T09:54:00.845+0200][975.458s][info][safepoint    ] Entering safepoint region: Cleanup
[2025-06-06T09:54:00.845+0200][975.458s][info][safepoint    ] Leaving safepoint region
[2025-06-06T09:54:00.845+0200][975.458s][info][safepoint    ] Total time for which application threads were stopped: 0.0002713 seconds, Stopping threads took: 0.0000725 seconds
[2025-06-06T09:54:01.850+0200][976.463s][info][safepoint    ] Application time: 1.0050356 seconds
[2025-06-06T09:54:01.851+0200][976.463s][info][safepoint    ] Entering safepoint region: Cleanup
[2025-06-06T09:54:01.851+0200][976.463s][info][safepoint    ] Leaving safepoint region
[2025-06-06T09:54:01.851+0200][976.463s][info][safepoint    ] Total time for which application threads were stopped: 0.0002692 seconds, Stopping threads took: 0.0000975 seconds
[2025-06-06T09:54:02.851+0200][977.464s][info][safepoint    ] Application time: 1.0004705 seconds
[2025-06-06T09:54:02.851+0200][977.464s][info][safepoint    ] Entering safepoint region: Cleanup
[2025-06-06T09:54:02.852+0200][977.464s][info][safepoint    ] Leaving safepoint region
[2025-06-06T09:54:02.852+0200][977.464s][info][safepoint    ] Total time for which application threads were stopped: 0.0002127 seconds, Stopping threads took: 0.0000757 seconds
[2025-06-06T09:54:03.856+0200][978.469s][info][safepoint    ] Application time: 1.0045665 seconds
[2025-06-06T09:54:03.857+0200][978.469s][info][safepoint    ] Entering safepoint region: Cleanup
[2025-06-06T09:54:03.857+0200][978.469s][info][safepoint    ] Leaving safepoint region
[2025-06-06T09:54:03.857+0200][978.469s][info][safepoint    ] Total time for which application threads were stopped: 0.0005156 seconds, Stopping threads took: 0.0001415 seconds
[2025-06-06T09:54:04.862+0200][979.475s][info][safepoint    ] Application time: 1.0050527 seconds
[2025-06-06T09:54:04.862+0200][979.475s][info][safepoint    ] Entering safepoint region: Cleanup
[2025-06-06T09:54:04.862+0200][979.475s][info][safepoint    ] Leaving safepoint region
[2025-06-06T09:54:04.862+0200][979.475s][info][safepoint    ] Total time for which application threads were stopped: 0.0002854 seconds, Stopping threads took: 0.0000225 seconds
[2025-06-06T09:54:05.867+0200][980.480s][info][safepoint    ] Application time: 1.0050287 seconds
[2025-06-06T09:54:05.868+0200][980.480s][info][safepoint    ] Entering safepoint region: Cleanup
[2025-06-06T09:54:05.868+0200][980.480s][info][safepoint    ] Leaving safepoint region
[2025-06-06T09:54:05.868+0200][980.481s][info][safepoint    ] Total time for which application threads were stopped: 0.0004122 seconds, Stopping threads took: 0.0000734 seconds
[2025-06-06T09:54:06.872+0200][981.485s][info][safepoint    ] Application time: 1.0040985 seconds
[2025-06-06T09:54:06.872+0200][981.485s][info][safepoint    ] Entering safepoint region: Cleanup
[2025-06-06T09:54:06.872+0200][981.485s][info][safepoint    ] Leaving safepoint region
[2025-06-06T09:54:06.873+0200][981.485s][info][safepoint    ] Total time for which application threads were stopped: 0.0002682 seconds, Stopping threads took: 0.0001312 seconds
[2025-06-06T09:54:07.877+0200][982.489s][info][safepoint    ] Application time: 1.0044077 seconds
[2025-06-06T09:54:07.877+0200][982.490s][info][safepoint    ] Entering safepoint region: Cleanup
[2025-06-06T09:54:07.878+0200][982.490s][info][safepoint    ] Leaving safepoint region
[2025-06-06T09:54:07.878+0200][982.490s][info][safepoint    ] Total time for which application threads were stopped: 0.0004225 seconds, Stopping threads took: 0.0001507 seconds
[2025-06-06T09:54:08.883+0200][983.495s][info][safepoint    ] Application time: 1.0050518 seconds
[2025-06-06T09:54:08.883+0200][983.495s][info][safepoint    ] Entering safepoint region: Cleanup
[2025-06-06T09:54:08.883+0200][983.496s][info][safepoint    ] Leaving safepoint region
[2025-06-06T09:54:08.883+0200][983.496s][info][safepoint    ] Total time for which application threads were stopped: 0.0002789 seconds, Stopping threads took: 0.0000777 seconds
[2025-06-06T09:54:09.887+0200][984.499s][info][safepoint    ] Application time: 1.0038307 seconds
[2025-06-06T09:54:09.887+0200][984.500s][info][safepoint    ] Entering safepoint region: Cleanup
[2025-06-06T09:54:09.888+0200][984.500s][info][safepoint    ] Leaving safepoint region
[2025-06-06T09:54:09.888+0200][984.500s][info][safepoint    ] Total time for which application threads were stopped: 0.0004560 seconds, Stopping threads took: 0.0001617 seconds
[2025-06-06T09:54:10.889+0200][985.502s][info][safepoint    ] Application time: 1.0015167 seconds
[2025-06-06T09:54:10.889+0200][985.502s][info][safepoint    ] Entering safepoint region: Cleanup
[2025-06-06T09:54:10.890+0200][985.502s][info][safepoint    ] Leaving safepoint region
[2025-06-06T09:54:10.890+0200][985.502s][info][safepoint    ] Total time for which application threads were stopped: 0.0003489 seconds, Stopping threads took: 0.0001362 seconds
[2025-06-06T09:54:11.895+0200][986.507s][info][safepoint    ] Application time: 1.0049914 seconds
[2025-06-06T09:54:11.895+0200][986.507s][info][safepoint    ] Entering safepoint region: Cleanup
[2025-06-06T09:54:11.895+0200][986.508s][info][safepoint    ] Leaving safepoint region
[2025-06-06T09:54:11.895+0200][986.508s][info][safepoint    ] Total time for which application threads were stopped: 0.0004997 seconds, Stopping threads took: 0.0001590 seconds
[2025-06-06T09:54:12.807+0200][987.420s][info][safepoint    ] Application time: 0.9117925 seconds
[2025-06-06T09:54:12.807+0200][987.420s][info][safepoint    ] Entering safepoint region: GenCollectForAllocation
[2025-06-06T09:54:12.809+0200][987.421s][info][gc,start     ] GC(1) Pause Young (Allocation Failure)
[2025-06-06T09:54:12.812+0200][987.425s][info][gc,task      ] GC(1) Using 8 workers of 8 for evacuation
[2025-06-06T09:54:12.978+0200][987.590s][debug][gc,age       ] GC(1) Desired survivor size 393216000 bytes, new threshold 6 (max threshold 6)
[2025-06-06T09:54:12.978+0200][987.591s][trace][gc,age       ] GC(1) Age table with threshold 6 (max threshold 6)
[2025-06-06T09:54:12.978+0200][987.591s][trace][gc,age       ] GC(1) - age   1:   14600768 bytes,   14600768 total
[2025-06-06T09:54:12.978+0200][987.591s][info ][gc,heap      ] GC(1) ParNew: 6144000K->14395K(6912000K)
[2025-06-06T09:54:12.978+0200][987.591s][info ][gc,heap      ] GC(1) CMS: 0K->0K(708608K)
[2025-06-06T09:54:12.978+0200][987.591s][info ][gc,metaspace ] GC(1) Metaspace: 35205K(36080K)->35205K(36080K) NonClass: 31237K(31728K)->31237K(31728K) Class: 3968K(4352K)->3968K(4352K)
[2025-06-06T09:54:12.979+0200][987.591s][info ][gc           ] GC(1) Pause Young (Allocation Failure) 6000M->14M(7442M) 169.758ms
[2025-06-06T09:54:12.979+0200][987.591s][info ][gc,cpu       ] GC(1) User=0.13s Sys=0.14s Real=0.17s
[2025-06-06T09:54:12.979+0200][987.591s][info ][safepoint    ] Leaving safepoint region
[2025-06-06T09:54:12.979+0200][987.591s][info ][safepoint    ] Total time for which application threads were stopped: 0.1713276 seconds, Stopping threads took: 0.0000505 seconds
[2025-06-06T09:54:12.980+0200][987.593s][info ][safepoint    ] Application time: 0.0018379 seconds
[2025-06-06T09:54:12.981+0200][987.593s][info ][safepoint    ] Entering safepoint region: BulkRevokeBias
[2025-06-06T09:54:12.981+0200][987.594s][info ][safepoint    ] Leaving safepoint region
[2025-06-06T09:54:12.981+0200][987.594s][info ][safepoint    ] Total time for which application threads were stopped: 0.0006176 seconds, Stopping threads took: 0.0001740 seconds
[2025-06-06T09:54:12.981+0200][987.594s][info ][safepoint    ] Application time: 0.0000643 seconds
[2025-06-06T09:54:12.981+0200][987.594s][info ][safepoint    ] Entering safepoint region: RevokeBias
[2025-06-06T09:54:12.981+0200][987.594s][info ][safepoint    ] Leaving safepoint region
[2025-06-06T09:54:12.981+0200][987.594s][info ][safepoint    ] Total time for which application threads were stopped: 0.0002529 seconds, Stopping threads took: 0.0002300 seconds
[2025-06-06T09:54:12.982+0200][987.595s][info ][safepoint    ] Application time: 0.0007082 seconds
[2025-06-06T09:54:12.982+0200][987.595s][info ][safepoint    ] Entering safepoint region: RevokeBias
[2025-06-06T09:54:12.982+0200][987.595s][info ][safepoint    ] Leaving safepoint region
[2025-06-06T09:54:12.982+0200][987.595s][info ][safepoint    ] Total time for which application threads were stopped: 0.0002297 seconds, Stopping threads took: 0.0002122 seconds
[2025-06-06T09:54:12.982+0200][987.595s][info ][safepoint    ] Application time: 0.0000535 seconds
[2025-06-06T09:54:12.983+0200][987.595s][info ][safepoint    ] Entering safepoint region: RevokeBias
[2025-06-06T09:54:12.983+0200][987.595s][info ][safepoint    ] Leaving safepoint region
[2025-06-06T09:54:12.983+0200][987.595s][info ][safepoint    ] Total time for which application threads were stopped: 0.0001605 seconds, Stopping threads took: 0.0001457 seconds
[2025-06-06T09:54:12.983+0200][987.596s][info ][safepoint    ] Application time: 0.0004050 seconds
[2025-06-06T09:54:12.983+0200][987.596s][info ][safepoint    ] Entering safepoint region: RevokeBias
[2025-06-06T09:54:12.983+0200][987.596s][info ][safepoint    ] Leaving safepoint region
[2025-06-06T09:54:12.983+0200][987.596s][info ][safepoint    ] Total time for which application threads were stopped: 0.0000587 seconds, Stopping threads took: 0.0000443 seconds
[2025-06-06T09:54:12.983+0200][987.596s][info ][safepoint    ] Application time: 0.0000101 seconds
[2025-06-06T09:54:12.983+0200][987.596s][info ][safepoint    ] Entering safepoint region: RevokeBias
[2025-06-06T09:54:12.983+0200][987.596s][info ][safepoint    ] Leaving safepoint region
[2025-06-06T09:54:12.983+0200][987.596s][info ][safepoint    ] Total time for which application threads were stopped: 0.0002083 seconds, Stopping threads took: 0.0001942 seconds
[2025-06-06T09:54:12.983+0200][987.596s][info ][safepoint    ] Application time: 0.0001722 seconds
[2025-06-06T09:54:12.983+0200][987.596s][info ][safepoint    ] Entering safepoint region: RevokeBias
[2025-06-06T09:54:12.984+0200][987.596s][info ][safepoint    ] Leaving safepoint region
[2025-06-06T09:54:12.984+0200][987.596s][info ][safepoint    ] Total time for which application threads were stopped: 0.0000185 seconds, Stopping threads took: 0.0000045 seconds
[2025-06-06T09:54:12.984+0200][987.597s][info ][safepoint    ] Application time: 0.0009226 seconds
[2025-06-06T09:54:12.984+0200][987.597s][info ][safepoint    ] Entering safepoint region: RevokeBias
[2025-06-06T09:54:12.984+0200][987.597s][info ][safepoint    ] Leaving safepoint region
[2025-06-06T09:54:12.984+0200][987.597s][info ][safepoint    ] Total time for which application threads were stopped: 0.0000274 seconds, Stopping threads took: 0.0000075 seconds
[2025-06-06T09:54:14.991+0200][989.604s][info ][safepoint    ] Application time: 2.0069947 seconds
[2025-06-06T09:54:14.992+0200][989.604s][info ][safepoint    ] Entering safepoint region: Cleanup
[2025-06-06T09:54:14.992+0200][989.605s][info ][safepoint    ] Leaving safepoint region
[2025-06-06T09:54:14.992+0200][989.605s][info ][safepoint    ] Total time for which application threads were stopped: 0.0003870 seconds, Stopping threads took: 0.0000920 seconds
[2025-06-06T09:54:15.993+0200][990.605s][info ][safepoint    ] Application time: 1.0006594 seconds
[2025-06-06T09:54:15.993+0200][990.606s][info ][safepoint    ] Entering safepoint region: Cleanup
[2025-06-06T09:54:15.994+0200][990.606s][info ][safepoint    ] Leaving safepoint region
[2025-06-06T09:54:15.994+0200][990.606s][info ][safepoint    ] Total time for which application threads were stopped: 0.0006427 seconds, Stopping threads took: 0.0002616 seconds
[2025-06-06T09:54:45.093+0200][1019.706s][info ][safepoint    ] Application time: 29.0991941 seconds
[2025-06-06T09:54:45.095+0200][1019.707s][info ][safepoint    ] Entering safepoint region: Cleanup
[2025-06-06T09:54:45.095+0200][1019.708s][info ][safepoint    ] Leaving safepoint region
[2025-06-06T09:54:45.095+0200][1019.708s][info ][safepoint    ] Total time for which application threads were stopped: 0.0011523 seconds, Stopping threads took: 0.0005115 seconds
[2025-06-06T09:55:16.037+0200][1050.649s][info ][safepoint    ] Application time: 30.9414975 seconds
[2025-06-06T09:55:16.039+0200][1050.651s][info ][safepoint    ] Entering safepoint region: RevokeBias
[2025-06-06T09:55:16.040+0200][1050.652s][info ][safepoint    ] Leaving safepoint region
[2025-06-06T09:55:16.040+0200][1050.652s][info ][safepoint    ] Total time for which application threads were stopped: 0.0013520 seconds, Stopping threads took: 0.0004442 seconds
[2025-06-06T09:55:16.228+0200][1050.840s][info ][safepoint    ] Application time: 0.1878405 seconds
[2025-06-06T09:55:16.228+0200][1050.840s][info ][safepoint    ] Entering safepoint region: RevokeBias
[2025-06-06T09:55:16.228+0200][1050.840s][info ][safepoint    ] Leaving safepoint region
[2025-06-06T09:55:16.228+0200][1050.840s][info ][safepoint    ] Total time for which application threads were stopped: 0.0000984 seconds, Stopping threads took: 0.0000135 seconds
[2025-06-06T09:55:16.304+0200][1050.917s][info ][safepoint    ] Application time: 0.0763623 seconds
[2025-06-06T09:55:16.304+0200][1050.917s][info ][safepoint    ] Entering safepoint region: RevokeBias
[2025-06-06T09:55:16.304+0200][1050.917s][info ][safepoint    ] Leaving safepoint region
[2025-06-06T09:55:16.304+0200][1050.917s][info ][safepoint    ] Total time for which application threads were stopped: 0.0000834 seconds, Stopping threads took: 0.0000206 seconds
[2025-06-06T09:55:16.326+0200][1050.939s][info ][safepoint    ] Application time: 0.0219305 seconds
[2025-06-06T09:55:16.326+0200][1050.939s][info ][safepoint    ] Entering safepoint region: RevokeBias
[2025-06-06T09:55:16.326+0200][1050.939s][info ][safepoint    ] Leaving safepoint region
[2025-06-06T09:55:16.326+0200][1050.939s][info ][safepoint    ] Total time for which application threads were stopped: 0.0000828 seconds, Stopping threads took: 0.0000121 seconds
[2025-06-06T09:55:17.336+0200][1051.949s][info ][safepoint    ] Application time: 1.0100505 seconds
[2025-06-06T09:55:17.337+0200][1051.950s][info ][safepoint    ] Entering safepoint region: Cleanup
[2025-06-06T09:55:17.338+0200][1051.950s][info ][safepoint    ] Leaving safepoint region
[2025-06-06T09:55:17.338+0200][1051.950s][info ][safepoint    ] Total time for which application threads were stopped: 0.0008421 seconds, Stopping threads took: 0.0004278 seconds
[2025-06-06T10:21:29.311+0200][1439.019s][info ][safepoint    ] Application time: 387.0683280 seconds
[2025-06-06T10:21:29.313+0200][1439.021s][info ][safepoint    ] Entering safepoint region: RevokeBias
[2025-06-06T10:21:29.319+0200][1439.026s][info ][safepoint    ] Leaving safepoint region
[2025-06-06T10:21:29.319+0200][1439.026s][info ][safepoint    ] Total time for which application threads were stopped: 0.0056131 seconds, Stopping threads took: 0.0003240 seconds
[2025-06-06T10:21:29.329+0200][1439.036s][info ][safepoint    ] Application time: 0.0100081 seconds
[2025-06-06T10:21:29.329+0200][1439.037s][info ][safepoint    ] Entering safepoint region: RevokeBias
[2025-06-06T10:21:29.329+0200][1439.037s][info ][safepoint    ] Leaving safepoint region
[2025-06-06T10:21:29.329+0200][1439.037s][info ][safepoint    ] Total time for which application threads were stopped: 0.0005808 seconds, Stopping threads took: 0.0001309 seconds
[2025-06-06T10:21:29.329+0200][1439.037s][info ][safepoint    ] Application time: 0.0001100 seconds
[2025-06-06T10:21:29.329+0200][1439.037s][info ][safepoint    ] Entering safepoint region: RevokeBias
[2025-06-06T10:21:29.330+0200][1439.037s][info ][safepoint    ] Leaving safepoint region
[2025-06-06T10:21:29.330+0200][1439.037s][info ][safepoint    ] Total time for which application threads were stopped: 0.0002722 seconds, Stopping threads took: 0.0000130 seconds
[2025-06-06T10:21:29.820+0200][1439.527s][info ][safepoint    ] Application time: 0.4900812 seconds
[2025-06-06T10:21:29.820+0200][1439.528s][info ][safepoint    ] Entering safepoint region: RevokeBias
[2025-06-06T10:21:29.821+0200][1439.529s][info ][safepoint    ] Leaving safepoint region
[2025-06-06T10:21:29.821+0200][1439.529s][info ][safepoint    ] Total time for which application threads were stopped: 0.0010127 seconds, Stopping threads took: 0.0003614 seconds
[2025-06-06T10:21:29.821+0200][1439.529s][info ][safepoint    ] Application time: 0.0001923 seconds
[2025-06-06T10:21:29.822+0200][1439.530s][info ][safepoint    ] Entering safepoint region: RevokeBias
[2025-06-06T10:21:29.823+0200][1439.530s][info ][safepoint    ] Leaving safepoint region
[2025-06-06T10:21:29.823+0200][1439.530s][info ][safepoint    ] Total time for which application threads were stopped: 0.0015248 seconds, Stopping threads took: 0.0009410 seconds
[2025-06-06T10:21:29.823+0200][1439.530s][info ][safepoint    ] Application time: 0.0001113 seconds
[2025-06-06T10:21:29.823+0200][1439.530s][info ][safepoint    ] Entering safepoint region: BulkRevokeBias
[2025-06-06T10:21:29.824+0200][1439.531s][info ][safepoint    ] Leaving safepoint region
[2025-06-06T10:21:29.824+0200][1439.531s][info ][safepoint    ] Total time for which application threads were stopped: 0.0008477 seconds, Stopping threads took: 0.0000350 seconds
[2025-06-06T10:21:29.835+0200][1439.543s][info ][safepoint    ] Application time: 0.0118113 seconds
[2025-06-06T10:21:29.836+0200][1439.544s][info ][safepoint    ] Entering safepoint region: RevokeBias
[2025-06-06T10:21:29.836+0200][1439.544s][info ][safepoint    ] Leaving safepoint region
[2025-06-06T10:21:29.836+0200][1439.544s][info ][safepoint    ] Total time for which application threads were stopped: 0.0008409 seconds, Stopping threads took: 0.0007555 seconds
[2025-06-06T10:21:29.859+0200][1439.567s][info ][safepoint    ] Application time: 0.0226465 seconds
[2025-06-06T10:21:29.859+0200][1439.567s][info ][safepoint    ] Entering safepoint region: BulkRevokeBias
[2025-06-06T10:21:29.859+0200][1439.567s][info ][safepoint    ] Leaving safepoint region
[2025-06-06T10:21:29.859+0200][1439.567s][info ][safepoint    ] Total time for which application threads were stopped: 0.0003010 seconds, Stopping threads took: 0.0000610 seconds
[2025-06-06T10:21:29.859+0200][1439.567s][info ][safepoint    ] Application time: 0.0000276 seconds
[2025-06-06T10:21:29.860+0200][1439.567s][info ][safepoint    ] Entering safepoint region: BulkRevokeBias
[2025-06-06T10:21:29.860+0200][1439.568s][info ][safepoint    ] Leaving safepoint region
[2025-06-06T10:21:29.860+0200][1439.568s][info ][safepoint    ] Total time for which application threads were stopped: 0.0006302 seconds, Stopping threads took: 0.0003454 seconds
[2025-06-06T10:21:29.860+0200][1439.568s][info ][safepoint    ] Application time: 0.0001533 seconds
[2025-06-06T10:21:29.860+0200][1439.568s][info ][safepoint    ] Entering safepoint region: RevokeBias
[2025-06-06T10:21:29.860+0200][1439.568s][info ][safepoint    ] Leaving safepoint region
[2025-06-06T10:21:29.860+0200][1439.568s][info ][safepoint    ] Total time for which application threads were stopped: 0.0001940 seconds, Stopping threads took: 0.0001618 seconds
[2025-06-06T10:21:29.897+0200][1439.605s][info ][safepoint    ] Application time: 0.0369441 seconds
[2025-06-06T10:21:29.897+0200][1439.605s][info ][safepoint    ] Entering safepoint region: RevokeBias
[2025-06-06T10:21:29.897+0200][1439.605s][info ][safepoint    ] Leaving safepoint region
[2025-06-06T10:21:29.898+0200][1439.605s][info ][safepoint    ] Total time for which application threads were stopped: 0.0000637 seconds, Stopping threads took: 0.0000116 seconds
[2025-06-06T10:21:29.898+0200][1439.605s][info ][safepoint    ] Application time: 0.0000172 seconds
[2025-06-06T10:21:29.898+0200][1439.605s][info ][safepoint    ] Entering safepoint region: RevokeBias
[2025-06-06T10:21:29.898+0200][1439.605s][info ][safepoint    ] Leaving safepoint region
[2025-06-06T10:21:29.898+0200][1439.605s][info ][safepoint    ] Total time for which application threads were stopped: 0.0000338 seconds, Stopping threads took: 0.0000076 seconds
[2025-06-06T10:21:29.903+0200][1439.610s][info ][safepoint    ] Application time: 0.0050520 seconds
[2025-06-06T10:21:29.903+0200][1439.610s][info ][safepoint    ] Entering safepoint region: RevokeBias
[2025-06-06T10:21:29.903+0200][1439.610s][info ][safepoint    ] Leaving safepoint region
[2025-06-06T10:21:29.903+0200][1439.610s][info ][safepoint    ] Total time for which application threads were stopped: 0.0000450 seconds, Stopping threads took: 0.0000090 seconds
[2025-06-06T10:21:29.903+0200][1439.611s][info ][safepoint    ] Application time: 0.0007914 seconds
[2025-06-06T10:21:29.904+0200][1439.611s][info ][safepoint    ] Entering safepoint region: RevokeBias
[2025-06-06T10:21:29.904+0200][1439.611s][info ][safepoint    ] Leaving safepoint region
[2025-06-06T10:21:29.904+0200][1439.611s][info ][safepoint    ] Total time for which application threads were stopped: 0.0001873 seconds, Stopping threads took: 0.0001600 seconds
[2025-06-06T10:21:29.938+0200][1439.646s][info ][safepoint    ] Application time: 0.0344827 seconds
[2025-06-06T10:21:29.938+0200][1439.646s][info ][safepoint    ] Entering safepoint region: RevokeBias
[2025-06-06T10:21:29.938+0200][1439.646s][info ][safepoint    ] Leaving safepoint region
[2025-06-06T10:21:29.938+0200][1439.646s][info ][safepoint    ] Total time for which application threads were stopped: 0.0001356 seconds, Stopping threads took: 0.0000113 seconds
[2025-06-06T10:21:30.008+0200][1439.715s][info ][safepoint    ] Application time: 0.0691952 seconds
[2025-06-06T10:21:30.009+0200][1439.716s][info ][safepoint    ] Entering safepoint region: RevokeBias
[2025-06-06T10:21:30.009+0200][1439.716s][info ][safepoint    ] Leaving safepoint region
[2025-06-06T10:21:30.009+0200][1439.716s][info ][safepoint    ] Total time for which application threads were stopped: 0.0010997 seconds, Stopping threads took: 0.0009009 seconds
[2025-06-06T10:21:30.016+0200][1439.723s][info ][safepoint    ] Application time: 0.0067144 seconds
[2025-06-06T10:21:30.016+0200][1439.724s][info ][safepoint    ] Entering safepoint region: RevokeBias
[2025-06-06T10:21:30.016+0200][1439.724s][info ][safepoint    ] Leaving safepoint region
[2025-06-06T10:21:30.016+0200][1439.724s][info ][safepoint    ] Total time for which application threads were stopped: 0.0008534 seconds, Stopping threads took: 0.0005223 seconds
[2025-06-06T10:21:30.016+0200][1439.724s][info ][safepoint    ] Application time: 0.0000195 seconds
[2025-06-06T10:21:30.016+0200][1439.724s][info ][safepoint    ] Entering safepoint region: RevokeBias
[2025-06-06T10:21:30.017+0200][1439.724s][info ][safepoint    ] Leaving safepoint region
[2025-06-06T10:21:30.017+0200][1439.724s][info ][safepoint    ] Total time for which application threads were stopped: 0.0000662 seconds, Stopping threads took: 0.0000087 seconds
[2025-06-06T10:21:30.017+0200][1439.724s][info ][safepoint    ] Application time: 0.0000399 seconds
[2025-06-06T10:21:30.017+0200][1439.724s][info ][safepoint    ] Entering safepoint region: RevokeBias
[2025-06-06T10:21:30.017+0200][1439.724s][info ][safepoint    ] Leaving safepoint region
[2025-06-06T10:21:30.017+0200][1439.724s][info ][safepoint    ] Total time for which application threads were stopped: 0.0000560 seconds, Stopping threads took: 0.0000061 seconds
[2025-06-06T10:21:30.017+0200][1439.725s][info ][safepoint    ] Application time: 0.0003339 seconds
[2025-06-06T10:21:30.017+0200][1439.725s][info ][safepoint    ] Entering safepoint region: RevokeBias
[2025-06-06T10:21:30.017+0200][1439.725s][info ][safepoint    ] Leaving safepoint region
[2025-06-06T10:21:30.017+0200][1439.725s][info ][safepoint    ] Total time for which application threads were stopped: 0.0001816 seconds, Stopping threads took: 0.0000934 seconds
[2025-06-06T10:21:30.017+0200][1439.725s][info ][safepoint    ] Application time: 0.0000231 seconds
[2025-06-06T10:21:30.017+0200][1439.725s][info ][safepoint    ] Entering safepoint region: RevokeBias
[2025-06-06T10:21:30.017+0200][1439.725s][info ][safepoint    ] Leaving safepoint region
[2025-06-06T10:21:30.017+0200][1439.725s][info ][safepoint    ] Total time for which application threads were stopped: 0.0001141 seconds, Stopping threads took: 0.0000074 seconds
[2025-06-06T10:21:30.017+0200][1439.725s][info ][safepoint    ] Application time: 0.0000680 seconds
[2025-06-06T10:21:30.019+0200][1439.726s][info ][safepoint    ] Entering safepoint region: RevokeBias
[2025-06-06T10:21:30.019+0200][1439.726s][info ][safepoint    ] Leaving safepoint region
[2025-06-06T10:21:30.019+0200][1439.726s][info ][safepoint    ] Total time for which application threads were stopped: 0.0012303 seconds, Stopping threads took: 0.0011225 seconds
[2025-06-06T10:21:30.048+0200][1439.755s][info ][safepoint    ] Application time: 0.0289887 seconds
[2025-06-06T10:21:30.065+0200][1439.773s][info ][safepoint    ] Entering safepoint region: RevokeBias
[2025-06-06T10:21:30.067+0200][1439.774s][info ][safepoint    ] Leaving safepoint region
[2025-06-06T10:21:30.067+0200][1439.775s][info ][safepoint    ] Total time for which application threads were stopped: 0.0191063 seconds, Stopping threads took: 0.0176007 seconds
[2025-06-06T10:21:30.068+0200][1439.775s][info ][safepoint    ] Application time: 0.0007415 seconds
[2025-06-06T10:21:30.068+0200][1439.775s][info ][safepoint    ] Entering safepoint region: RevokeBias
[2025-06-06T10:21:30.069+0200][1439.776s][info ][safepoint    ] Leaving safepoint region
[2025-06-06T10:21:30.069+0200][1439.776s][info ][safepoint    ] Total time for which application threads were stopped: 0.0010567 seconds, Stopping threads took: 0.0002325 seconds
[2025-06-06T10:21:30.069+0200][1439.777s][info ][safepoint    ] Application time: 0.0007137 seconds
[2025-06-06T10:21:30.070+0200][1439.778s][info ][safepoint    ] Entering safepoint region: RevokeBias
[2025-06-06T10:21:30.071+0200][1439.778s][info ][safepoint    ] Leaving safepoint region
[2025-06-06T10:21:30.071+0200][1439.778s][info ][safepoint    ] Total time for which application threads were stopped: 0.0010115 seconds, Stopping threads took: 0.0008500 seconds
[2025-06-06T10:21:30.073+0200][1439.780s][info ][safepoint    ] Application time: 0.0021499 seconds
[2025-06-06T10:21:30.073+0200][1439.781s][info ][safepoint    ] Entering safepoint region: RevokeBias
[2025-06-06T10:21:30.073+0200][1439.781s][info ][safepoint    ] Leaving safepoint region
[2025-06-06T10:21:30.073+0200][1439.781s][info ][safepoint    ] Total time for which application threads were stopped: 0.0004216 seconds, Stopping threads took: 0.0003085 seconds
[2025-06-06T10:21:30.073+0200][1439.781s][info ][safepoint    ] Application time: 0.0000697 seconds
[2025-06-06T10:21:30.074+0200][1439.781s][info ][safepoint    ] Entering safepoint region: RevokeBias
[2025-06-06T10:21:30.074+0200][1439.781s][info ][safepoint    ] Leaving safepoint region
[2025-06-06T10:21:30.074+0200][1439.781s][info ][safepoint    ] Total time for which application threads were stopped: 0.0002417 seconds, Stopping threads took: 0.0001703 seconds
[2025-06-06T10:21:30.074+0200][1439.781s][info ][safepoint    ] Application time: 0.0001260 seconds
[2025-06-06T10:21:30.074+0200][1439.782s][info ][safepoint    ] Entering safepoint region: RevokeBias
[2025-06-06T10:21:30.074+0200][1439.782s][info ][safepoint    ] Leaving safepoint region
[2025-06-06T10:21:30.074+0200][1439.782s][info ][safepoint    ] Total time for which application threads were stopped: 0.0002754 seconds, Stopping threads took: 0.0001976 seconds
[2025-06-06T10:21:30.075+0200][1439.783s][info ][safepoint    ] Application time: 0.0012525 seconds
[2025-06-06T10:21:30.076+0200][1439.784s][info ][safepoint    ] Entering safepoint region: RevokeBias
[2025-06-06T10:21:30.076+0200][1439.784s][info ][safepoint    ] Leaving safepoint region
[2025-06-06T10:21:30.076+0200][1439.784s][info ][safepoint    ] Total time for which application threads were stopped: 0.0006768 seconds, Stopping threads took: 0.0006236 seconds
[2025-06-06T10:21:30.076+0200][1439.784s][info ][safepoint    ] Application time: 0.0000831 seconds
[2025-06-06T10:21:30.076+0200][1439.784s][info ][safepoint    ] Entering safepoint region: RevokeBias
[2025-06-06T10:21:30.076+0200][1439.784s][info ][safepoint    ] Leaving safepoint region
[2025-06-06T10:21:30.076+0200][1439.784s][info ][safepoint    ] Total time for which application threads were stopped: 0.0000795 seconds, Stopping threads took: 0.0000488 seconds
[2025-06-06T10:21:30.076+0200][1439.784s][info ][safepoint    ] Application time: 0.0000551 seconds
[2025-06-06T10:21:30.077+0200][1439.784s][info ][safepoint    ] Entering safepoint region: RevokeBias
[2025-06-06T10:21:30.077+0200][1439.784s][info ][safepoint    ] Leaving safepoint region
[2025-06-06T10:21:30.077+0200][1439.784s][info ][safepoint    ] Total time for which application threads were stopped: 0.0002949 seconds, Stopping threads took: 0.0002623 seconds
[2025-06-06T10:21:30.079+0200][1439.786s][info ][safepoint    ] Application time: 0.0020714 seconds
[2025-06-06T10:21:30.079+0200][1439.786s][info ][safepoint    ] Entering safepoint region: RevokeBias
[2025-06-06T10:21:30.079+0200][1439.787s][info ][safepoint    ] Leaving safepoint region
[2025-06-06T10:21:30.079+0200][1439.787s][info ][safepoint    ] Total time for which application threads were stopped: 0.0002298 seconds, Stopping threads took: 0.0001718 seconds
[2025-06-06T10:21:30.079+0200][1439.787s][info ][safepoint    ] Application time: 0.0000864 seconds
[2025-06-06T10:21:30.079+0200][1439.787s][info ][safepoint    ] Entering safepoint region: RevokeBias
[2025-06-06T10:21:30.079+0200][1439.787s][info ][safepoint    ] Leaving safepoint region
[2025-06-06T10:21:30.079+0200][1439.787s][info ][safepoint    ] Total time for which application threads were stopped: 0.0000719 seconds, Stopping threads took: 0.0000436 seconds
[2025-06-06T10:21:30.079+0200][1439.787s][info ][safepoint    ] Application time: 0.0002420 seconds
[2025-06-06T10:21:30.079+0200][1439.787s][info ][safepoint    ] Entering safepoint region: RevokeBias
[2025-06-06T10:21:30.079+0200][1439.787s][info ][safepoint    ] Leaving safepoint region
[2025-06-06T10:21:30.079+0200][1439.787s][info ][safepoint    ] Total time for which application threads were stopped: 0.0001132 seconds, Stopping threads took: 0.0000665 seconds
[2025-06-06T10:21:30.084+0200][1439.792s][info ][safepoint    ] Application time: 0.0044226 seconds
[2025-06-06T10:21:30.084+0200][1439.792s][info ][safepoint    ] Entering safepoint region: RevokeBias
[2025-06-06T10:21:30.084+0200][1439.792s][info ][safepoint    ] Leaving safepoint region
[2025-06-06T10:21:30.084+0200][1439.792s][info ][safepoint    ] Total time for which application threads were stopped: 0.0001556 seconds, Stopping threads took: 0.0001014 seconds
[2025-06-06T10:21:30.084+0200][1439.792s][info ][safepoint    ] Application time: 0.0000387 seconds
[2025-06-06T10:21:30.084+0200][1439.792s][info ][safepoint    ] Entering safepoint region: RevokeBias
[2025-06-06T10:21:30.084+0200][1439.792s][info ][safepoint    ] Leaving safepoint region
[2025-06-06T10:21:30.084+0200][1439.792s][info ][safepoint    ] Total time for which application threads were stopped: 0.0000963 seconds, Stopping threads took: 0.0000655 seconds
[2025-06-06T10:21:30.092+0200][1439.800s][info ][safepoint    ] Application time: 0.0080087 seconds
[2025-06-06T10:21:30.092+0200][1439.800s][info ][safepoint    ] Entering safepoint region: RevokeBias
[2025-06-06T10:21:30.093+0200][1439.800s][info ][safepoint    ] Leaving safepoint region
[2025-06-06T10:21:30.093+0200][1439.800s][info ][safepoint    ] Total time for which application threads were stopped: 0.0003382 seconds, Stopping threads took: 0.0001495 seconds
[2025-06-06T10:21:30.093+0200][1439.801s][info ][safepoint    ] Application time: 0.0007904 seconds
[2025-06-06T10:21:30.093+0200][1439.801s][info ][safepoint    ] Entering safepoint region: RevokeBias
[2025-06-06T10:21:30.094+0200][1439.801s][info ][safepoint    ] Leaving safepoint region
[2025-06-06T10:21:30.094+0200][1439.801s][info ][safepoint    ] Total time for which application threads were stopped: 0.0001155 seconds, Stopping threads took: 0.0000597 seconds
[2025-06-06T10:21:30.094+0200][1439.801s][info ][safepoint    ] Application time: 0.0000360 seconds
[2025-06-06T10:21:30.094+0200][1439.801s][info ][safepoint    ] Entering safepoint region: RevokeBias
[2025-06-06T10:21:30.094+0200][1439.801s][info ][safepoint    ] Leaving safepoint region
[2025-06-06T10:21:30.094+0200][1439.801s][info ][safepoint    ] Total time for which application threads were stopped: 0.0001704 seconds, Stopping threads took: 0.0000873 seconds
[2025-06-06T10:21:30.099+0200][1439.806s][info ][safepoint    ] Application time: 0.0048889 seconds
[2025-06-06T10:21:30.099+0200][1439.807s][info ][safepoint    ] Entering safepoint region: RevokeBias
[2025-06-06T10:21:30.099+0200][1439.807s][info ][safepoint    ] Leaving safepoint region
[2025-06-06T10:21:30.099+0200][1439.807s][info ][safepoint    ] Total time for which application threads were stopped: 0.0002647 seconds, Stopping threads took: 0.0001781 seconds
[2025-06-06T10:21:30.101+0200][1439.809s][info ][safepoint    ] Application time: 0.0023750 seconds
[2025-06-06T10:21:30.102+0200][1439.809s][info ][safepoint    ] Entering safepoint region: RevokeBias
[2025-06-06T10:21:30.102+0200][1439.809s][info ][safepoint    ] Leaving safepoint region
[2025-06-06T10:21:30.102+0200][1439.809s][info ][safepoint    ] Total time for which application threads were stopped: 0.0001138 seconds, Stopping threads took: 0.0000117 seconds
[2025-06-06T10:21:30.102+0200][1439.809s][info ][safepoint    ] Application time: 0.0000874 seconds
[2025-06-06T10:21:30.102+0200][1439.809s][info ][safepoint    ] Entering safepoint region: RevokeBias
[2025-06-06T10:21:30.102+0200][1439.809s][info ][safepoint    ] Leaving safepoint region
[2025-06-06T10:21:30.102+0200][1439.809s][info ][safepoint    ] Total time for which application threads were stopped: 0.0000691 seconds, Stopping threads took: 0.0000367 seconds
[2025-06-06T10:21:30.103+0200][1439.810s][info ][safepoint    ] Application time: 0.0007507 seconds
[2025-06-06T10:21:30.103+0200][1439.810s][info ][safepoint    ] Entering safepoint region: RevokeBias
[2025-06-06T10:21:30.103+0200][1439.810s][info ][safepoint    ] Leaving safepoint region
[2025-06-06T10:21:30.103+0200][1439.810s][info ][safepoint    ] Total time for which application threads were stopped: 0.0002017 seconds, Stopping threads took: 0.0000741 seconds
[2025-06-06T10:21:30.104+0200][1439.812s][info ][safepoint    ] Application time: 0.0010645 seconds
[2025-06-06T10:21:30.104+0200][1439.812s][info ][safepoint    ] Entering safepoint region: RevokeBias
[2025-06-06T10:21:30.104+0200][1439.812s][info ][safepoint    ] Leaving safepoint region
[2025-06-06T10:21:30.104+0200][1439.812s][info ][safepoint    ] Total time for which application threads were stopped: 0.0001682 seconds, Stopping threads took: 0.0000728 seconds
[2025-06-06T10:21:30.104+0200][1439.812s][info ][safepoint    ] Application time: 0.0002952 seconds
[2025-06-06T10:21:30.104+0200][1439.812s][info ][safepoint    ] Entering safepoint region: RevokeBias
[2025-06-06T10:21:30.105+0200][1439.812s][info ][safepoint    ] Leaving safepoint region
[2025-06-06T10:21:30.105+0200][1439.812s][info ][safepoint    ] Total time for which application threads were stopped: 0.0001283 seconds, Stopping threads took: 0.0000814 seconds
[2025-06-06T10:21:30.105+0200][1439.812s][info ][safepoint    ] Application time: 0.0000315 seconds
[2025-06-06T10:21:30.105+0200][1439.812s][info ][safepoint    ] Entering safepoint region: RevokeBias
[2025-06-06T10:21:30.105+0200][1439.812s][info ][safepoint    ] Leaving safepoint region
[2025-06-06T10:21:30.105+0200][1439.812s][info ][safepoint    ] Total time for which application threads were stopped: 0.0000291 seconds, Stopping threads took: 0.0000052 seconds
[2025-06-06T10:21:30.105+0200][1439.812s][info ][safepoint    ] Application time: 0.0000798 seconds
[2025-06-06T10:21:30.105+0200][1439.812s][info ][safepoint    ] Entering safepoint region: RevokeBias
[2025-06-06T10:21:30.105+0200][1439.813s][info ][safepoint    ] Leaving safepoint region
[2025-06-06T10:21:30.105+0200][1439.813s][info ][safepoint    ] Total time for which application threads were stopped: 0.0004524 seconds, Stopping threads took: 0.0000798 seconds
[2025-06-06T10:21:30.105+0200][1439.813s][info ][safepoint    ] Application time: 0.0000280 seconds
[2025-06-06T10:21:30.105+0200][1439.813s][info ][safepoint    ] Entering safepoint region: RevokeBias
[2025-06-06T10:21:30.105+0200][1439.813s][info ][safepoint    ] Leaving safepoint region
[2025-06-06T10:21:30.105+0200][1439.813s][info ][safepoint    ] Total time for which application threads were stopped: 0.0001085 seconds, Stopping threads took: 0.0000055 seconds
[2025-06-06T10:21:30.111+0200][1439.819s][info ][safepoint    ] Application time: 0.0058304 seconds
[2025-06-06T10:21:30.111+0200][1439.819s][info ][safepoint    ] Entering safepoint region: RevokeBias
[2025-06-06T10:21:30.111+0200][1439.819s][info ][safepoint    ] Leaving safepoint region
[2025-06-06T10:21:30.111+0200][1439.819s][info ][safepoint    ] Total time for which application threads were stopped: 0.0002621 seconds, Stopping threads took: 0.0001828 seconds
[2025-06-06T10:21:30.112+0200][1439.820s][info ][safepoint    ] Application time: 0.0010409 seconds
[2025-06-06T10:21:30.113+0200][1439.820s][info ][safepoint    ] Entering safepoint region: RevokeBias
[2025-06-06T10:21:30.113+0200][1439.820s][info ][safepoint    ] Leaving safepoint region
[2025-06-06T10:21:30.113+0200][1439.820s][info ][safepoint    ] Total time for which application threads were stopped: 0.0002664 seconds, Stopping threads took: 0.0002252 seconds
[2025-06-06T10:21:30.113+0200][1439.821s][info ][safepoint    ] Application time: 0.0001944 seconds
[2025-06-06T10:21:30.113+0200][1439.821s][info ][safepoint    ] Entering safepoint region: BulkRevokeBias
[2025-06-06T10:21:30.113+0200][1439.821s][info ][safepoint    ] Leaving safepoint region
[2025-06-06T10:21:30.113+0200][1439.821s][info ][safepoint    ] Total time for which application threads were stopped: 0.0004200 seconds, Stopping threads took: 0.0002814 seconds
[2025-06-06T10:21:30.114+0200][1439.821s][info ][safepoint    ] Application time: 0.0003878 seconds
[2025-06-06T10:21:30.114+0200][1439.822s][info ][safepoint    ] Entering safepoint region: RevokeBias
[2025-06-06T10:21:30.114+0200][1439.822s][info ][safepoint    ] Leaving safepoint region
[2025-06-06T10:21:30.114+0200][1439.822s][info ][safepoint    ] Total time for which application threads were stopped: 0.0002212 seconds, Stopping threads took: 0.0001806 seconds
[2025-06-06T10:21:30.114+0200][1439.822s][info ][safepoint    ] Application time: 0.0004230 seconds
[2025-06-06T10:21:30.115+0200][1439.822s][info ][safepoint    ] Entering safepoint region: RevokeBias
[2025-06-06T10:21:30.115+0200][1439.823s][info ][safepoint    ] Leaving safepoint region
[2025-06-06T10:21:30.115+0200][1439.823s][info ][safepoint    ] Total time for which application threads were stopped: 0.0004165 seconds, Stopping threads took: 0.0003825 seconds
[2025-06-06T10:21:30.115+0200][1439.823s][info ][safepoint    ] Application time: 0.0002699 seconds
[2025-06-06T10:21:30.115+0200][1439.823s][info ][safepoint    ] Entering safepoint region: RevokeBias
[2025-06-06T10:21:30.115+0200][1439.823s][info ][safepoint    ] Leaving safepoint region
[2025-06-06T10:21:30.115+0200][1439.823s][info ][safepoint    ] Total time for which application threads were stopped: 0.0000907 seconds, Stopping threads took: 0.0000573 seconds
[2025-06-06T10:21:30.117+0200][1439.825s][info ][safepoint    ] Application time: 0.0018720 seconds
[2025-06-06T10:21:30.117+0200][1439.825s][info ][safepoint    ] Entering safepoint region: RevokeBias
[2025-06-06T10:21:30.118+0200][1439.826s][info ][safepoint    ] Leaving safepoint region
[2025-06-06T10:21:30.118+0200][1439.826s][info ][safepoint    ] Total time for which application threads were stopped: 0.0007152 seconds, Stopping threads took: 0.0000218 seconds
[2025-06-06T10:21:30.119+0200][1439.827s][info ][safepoint    ] Application time: 0.0009443 seconds
[2025-06-06T10:21:30.119+0200][1439.827s][info ][safepoint    ] Entering safepoint region: RevokeBias
[2025-06-06T10:21:30.119+0200][1439.827s][info ][safepoint    ] Leaving safepoint region
[2025-06-06T10:21:30.119+0200][1439.827s][info ][safepoint    ] Total time for which application threads were stopped: 0.0000869 seconds, Stopping threads took: 0.0000230 seconds
[2025-06-06T10:21:30.136+0200][1439.844s][info ][safepoint    ] Application time: 0.0174968 seconds
[2025-06-06T10:21:30.137+0200][1439.844s][info ][safepoint    ] Entering safepoint region: RevokeBias
[2025-06-06T10:21:30.137+0200][1439.844s][info ][safepoint    ] Leaving safepoint region
[2025-06-06T10:21:30.137+0200][1439.844s][info ][safepoint    ] Total time for which application threads were stopped: 0.0000989 seconds, Stopping threads took: 0.0000117 seconds
[2025-06-06T10:21:30.342+0200][1440.050s][info ][safepoint    ] Application time: 0.2055814 seconds
[2025-06-06T10:21:30.342+0200][1440.050s][info ][safepoint    ] Entering safepoint region: RevokeBias
[2025-06-06T10:21:30.343+0200][1440.050s][info ][safepoint    ] Leaving safepoint region
[2025-06-06T10:21:30.343+0200][1440.050s][info ][safepoint    ] Total time for which application threads were stopped: 0.0003654 seconds, Stopping threads took: 0.0000896 seconds
[2025-06-06T10:21:30.343+0200][1440.050s][info ][safepoint    ] Application time: 0.0001574 seconds
[2025-06-06T10:21:30.343+0200][1440.051s][info ][safepoint    ] Entering safepoint region: RevokeBias
[2025-06-06T10:21:30.343+0200][1440.051s][info ][safepoint    ] Leaving safepoint region
[2025-06-06T10:21:30.343+0200][1440.051s][info ][safepoint    ] Total time for which application threads were stopped: 0.0000482 seconds, Stopping threads took: 0.0000089 seconds
[2025-06-06T10:21:30.357+0200][1440.065s][info ][safepoint    ] Application time: 0.0144494 seconds
[2025-06-06T10:21:30.358+0200][1440.065s][info ][safepoint    ] Entering safepoint region: RevokeBias
[2025-06-06T10:21:30.358+0200][1440.066s][info ][safepoint    ] Leaving safepoint region
[2025-06-06T10:21:30.358+0200][1440.066s][info ][safepoint    ] Total time for which application threads were stopped: 0.0005275 seconds, Stopping threads took: 0.0002636 seconds
[2025-06-06T10:21:30.359+0200][1440.066s][info ][safepoint    ] Application time: 0.0005554 seconds
[2025-06-06T10:21:30.359+0200][1440.066s][info ][safepoint    ] Entering safepoint region: RevokeBias
[2025-06-06T10:21:30.359+0200][1440.067s][info ][safepoint    ] Leaving safepoint region
[2025-06-06T10:21:30.359+0200][1440.067s][info ][safepoint    ] Total time for which application threads were stopped: 0.0002767 seconds, Stopping threads took: 0.0000265 seconds
[2025-06-06T10:21:30.362+0200][1440.070s][info ][safepoint    ] Application time: 0.0028889 seconds
[2025-06-06T10:21:30.362+0200][1440.070s][info ][safepoint    ] Entering safepoint region: RevokeBias
[2025-06-06T10:21:30.362+0200][1440.070s][info ][safepoint    ] Leaving safepoint region
[2025-06-06T10:21:30.362+0200][1440.070s][info ][safepoint    ] Total time for which application threads were stopped: 0.0001036 seconds, Stopping threads took: 0.0000115 seconds
[2025-06-06T10:21:30.403+0200][1440.110s][info ][safepoint    ] Application time: 0.0407019 seconds
[2025-06-06T10:21:30.403+0200][1440.110s][info ][safepoint    ] Entering safepoint region: RevokeBias
[2025-06-06T10:21:30.403+0200][1440.110s][info ][safepoint    ] Leaving safepoint region
[2025-06-06T10:21:30.403+0200][1440.110s][info ][safepoint    ] Total time for which application threads were stopped: 0.0000941 seconds, Stopping threads took: 0.0000125 seconds
[2025-06-06T10:21:30.443+0200][1440.150s][info ][safepoint    ] Application time: 0.0396937 seconds
[2025-06-06T10:21:30.443+0200][1440.150s][info ][safepoint    ] Entering safepoint region: RevokeBias
[2025-06-06T10:21:30.443+0200][1440.150s][info ][safepoint    ] Leaving safepoint region
[2025-06-06T10:21:30.443+0200][1440.150s][info ][safepoint    ] Total time for which application threads were stopped: 0.0001213 seconds, Stopping threads took: 0.0000125 seconds
[2025-06-06T10:21:30.471+0200][1440.178s][info ][safepoint    ] Application time: 0.0280518 seconds
[2025-06-06T10:21:30.473+0200][1440.181s][info ][safepoint    ] Entering safepoint region: RevokeBias
[2025-06-06T10:21:30.473+0200][1440.181s][info ][safepoint    ] Leaving safepoint region
[2025-06-06T10:21:30.473+0200][1440.181s][info ][safepoint    ] Total time for which application threads were stopped: 0.0021697 seconds, Stopping threads took: 0.0020935 seconds
[2025-06-06T10:21:30.474+0200][1440.181s][info ][safepoint    ] Application time: 0.0008180 seconds
[2025-06-06T10:21:30.474+0200][1440.181s][info ][safepoint    ] Entering safepoint region: RevokeBias
[2025-06-06T10:21:30.474+0200][1440.181s][info ][safepoint    ] Leaving safepoint region
[2025-06-06T10:21:30.474+0200][1440.181s][info ][safepoint    ] Total time for which application threads were stopped: 0.0000643 seconds, Stopping threads took: 0.0000201 seconds
[2025-06-06T10:21:30.487+0200][1440.195s][info ][safepoint    ] Application time: 0.0131081 seconds
[2025-06-06T10:21:30.487+0200][1440.195s][info ][safepoint    ] Entering safepoint region: RevokeBias
[2025-06-06T10:21:30.489+0200][1440.196s][info ][safepoint    ] Leaving safepoint region
[2025-06-06T10:21:30.489+0200][1440.196s][info ][safepoint    ] Total time for which application threads were stopped: 0.0015048 seconds, Stopping threads took: 0.0000406 seconds
[2025-06-06T10:21:30.489+0200][1440.197s][info ][safepoint    ] Application time: 0.0003909 seconds
[2025-06-06T10:21:30.489+0200][1440.197s][info ][safepoint    ] Entering safepoint region: RevokeBias
[2025-06-06T10:21:30.489+0200][1440.197s][info ][safepoint    ] Leaving safepoint region
[2025-06-06T10:21:30.489+0200][1440.197s][info ][safepoint    ] Total time for which application threads were stopped: 0.0001457 seconds, Stopping threads took: 0.0000170 seconds
[2025-06-06T10:21:30.489+0200][1440.197s][info ][safepoint    ] Application time: 0.0000499 seconds
[2025-06-06T10:21:30.489+0200][1440.197s][info ][safepoint    ] Entering safepoint region: RevokeBias
[2025-06-06T10:21:30.489+0200][1440.197s][info ][safepoint    ] Leaving safepoint region
[2025-06-06T10:21:30.489+0200][1440.197s][info ][safepoint    ] Total time for which application threads were stopped: 0.0000452 seconds, Stopping threads took: 0.0000058 seconds
[2025-06-06T10:21:30.490+0200][1440.198s][info ][safepoint    ] Application time: 0.0005151 seconds
[2025-06-06T10:21:30.490+0200][1440.198s][info ][safepoint    ] Entering safepoint region: RevokeBias
[2025-06-06T10:21:30.490+0200][1440.198s][info ][safepoint    ] Leaving safepoint region
[2025-06-06T10:21:30.490+0200][1440.198s][info ][safepoint    ] Total time for which application threads were stopped: 0.0001350 seconds, Stopping threads took: 0.0000977 seconds
[2025-06-06T10:21:31.495+0200][1441.203s][info ][safepoint    ] Application time: 1.0050365 seconds
[2025-06-06T10:21:31.497+0200][1441.204s][info ][safepoint    ] Entering safepoint region: Cleanup
[2025-06-06T10:21:31.497+0200][1441.205s][info ][safepoint    ] Leaving safepoint region
[2025-06-06T10:21:31.497+0200][1441.205s][info ][safepoint    ] Total time for which application threads were stopped: 0.0016618 seconds, Stopping threads took: 0.0011345 seconds
[2025-06-06T10:21:32.498+0200][1442.206s][info ][safepoint    ] Application time: 1.0009513 seconds
[2025-06-06T10:21:32.498+0200][1442.206s][info ][safepoint    ] Entering safepoint region: Cleanup
[2025-06-06T10:21:32.499+0200][1442.207s][info ][safepoint    ] Leaving safepoint region
[2025-06-06T10:21:32.499+0200][1442.207s][info ][safepoint    ] Total time for which application threads were stopped: 0.0005625 seconds, Stopping threads took: 0.0001971 seconds
[2025-06-06T10:21:32.866+0200][1442.574s][info ][safepoint    ] Application time: 0.3671027 seconds
[2025-06-06T10:21:32.867+0200][1442.575s][info ][safepoint    ] Entering safepoint region: BulkRevokeBias
[2025-06-06T10:21:32.867+0200][1442.575s][info ][safepoint    ] Leaving safepoint region
[2025-06-06T10:21:32.867+0200][1442.575s][info ][safepoint    ] Total time for which application threads were stopped: 0.0012446 seconds, Stopping threads took: 0.0007809 seconds
[2025-06-06T10:21:33.871+0200][1443.579s][info ][safepoint    ] Application time: 1.0040323 seconds
[2025-06-06T10:21:33.872+0200][1443.579s][info ][safepoint    ] Entering safepoint region: Cleanup
[2025-06-06T10:21:33.872+0200][1443.580s][info ][safepoint    ] Leaving safepoint region
[2025-06-06T10:21:33.872+0200][1443.580s][info ][safepoint    ] Total time for which application threads were stopped: 0.0002748 seconds, Stopping threads took: 0.0000755 seconds
[2025-06-06T10:21:34.875+0200][1444.583s][info ][safepoint    ] Application time: 1.0029090 seconds
[2025-06-06T10:21:34.875+0200][1444.583s][info ][safepoint    ] Entering safepoint region: Cleanup
[2025-06-06T10:21:34.875+0200][1444.583s][info ][safepoint    ] Leaving safepoint region
[2025-06-06T10:21:34.875+0200][1444.583s][info ][safepoint    ] Total time for which application threads were stopped: 0.0002539 seconds, Stopping threads took: 0.0000613 seconds
[2025-06-06T10:21:35.877+0200][1445.585s][info ][safepoint    ] Application time: 1.0020826 seconds
[2025-06-06T10:21:35.878+0200][1445.585s][info ][safepoint    ] Entering safepoint region: Cleanup
[2025-06-06T10:21:35.878+0200][1445.586s][info ][safepoint    ] Leaving safepoint region
[2025-06-06T10:21:35.878+0200][1445.586s][info ][safepoint    ] Total time for which application threads were stopped: 0.0004282 seconds, Stopping threads took: 0.0000365 seconds
[2025-06-06T10:21:36.883+0200][1446.591s][info ][safepoint    ] Application time: 1.0047573 seconds
[2025-06-06T10:21:36.883+0200][1446.591s][info ][safepoint    ] Entering safepoint region: Cleanup
[2025-06-06T10:21:36.884+0200][1446.592s][info ][safepoint    ] Leaving safepoint region
[2025-06-06T10:21:36.884+0200][1446.592s][info ][safepoint    ] Total time for which application threads were stopped: 0.0010722 seconds, Stopping threads took: 0.0003185 seconds
[2025-06-06T10:21:37.889+0200][1447.596s][info ][safepoint    ] Application time: 1.0045075 seconds
[2025-06-06T10:21:37.889+0200][1447.597s][info ][safepoint    ] Entering safepoint region: Cleanup
[2025-06-06T10:21:37.889+0200][1447.597s][info ][safepoint    ] Leaving safepoint region
[2025-06-06T10:21:37.889+0200][1447.597s][info ][safepoint    ] Total time for which application threads were stopped: 0.0005145 seconds, Stopping threads took: 0.0001160 seconds
[2025-06-06T10:21:38.893+0200][1448.600s][info ][safepoint    ] Application time: 1.0031216 seconds
[2025-06-06T10:21:38.893+0200][1448.600s][info ][safepoint    ] Entering safepoint region: Cleanup
[2025-06-06T10:21:38.893+0200][1448.601s][info ][safepoint    ] Leaving safepoint region
[2025-06-06T10:21:38.893+0200][1448.601s][info ][safepoint    ] Total time for which application threads were stopped: 0.0003042 seconds, Stopping threads took: 0.0000832 seconds
[2025-06-06T10:21:39.896+0200][1449.603s][info ][safepoint    ] Application time: 1.0027498 seconds
[2025-06-06T10:21:39.896+0200][1449.604s][info ][safepoint    ] Entering safepoint region: Cleanup
[2025-06-06T10:21:39.896+0200][1449.604s][info ][safepoint    ] Leaving safepoint region
[2025-06-06T10:21:39.896+0200][1449.604s][info ][safepoint    ] Total time for which application threads were stopped: 0.0002045 seconds, Stopping threads took: 0.0000888 seconds
[2025-06-06T10:21:40.898+0200][1450.605s][info ][safepoint    ] Application time: 1.0015985 seconds
[2025-06-06T10:21:40.898+0200][1450.605s][info ][safepoint    ] Entering safepoint region: Cleanup
[2025-06-06T10:21:40.898+0200][1450.605s][info ][safepoint    ] Leaving safepoint region
[2025-06-06T10:21:40.898+0200][1450.605s][info ][safepoint    ] Total time for which application threads were stopped: 0.0001345 seconds, Stopping threads took: 0.0000305 seconds
[2025-06-06T10:21:41.903+0200][1451.611s][info ][safepoint    ] Application time: 1.0050182 seconds
[2025-06-06T10:21:41.903+0200][1451.611s][info ][safepoint    ] Entering safepoint region: Cleanup
[2025-06-06T10:21:41.903+0200][1451.611s][info ][safepoint    ] Leaving safepoint region
[2025-06-06T10:21:41.903+0200][1451.611s][info ][safepoint    ] Total time for which application threads were stopped: 0.0000708 seconds, Stopping threads took: 0.0000169 seconds
[2025-06-06T10:21:42.905+0200][1452.613s][info ][safepoint    ] Application time: 1.0019270 seconds
[2025-06-06T10:21:42.905+0200][1452.613s][info ][safepoint    ] Entering safepoint region: Cleanup
[2025-06-06T10:21:42.905+0200][1452.613s][info ][safepoint    ] Leaving safepoint region
[2025-06-06T10:21:42.905+0200][1452.613s][info ][safepoint    ] Total time for which application threads were stopped: 0.0001090 seconds, Stopping threads took: 0.0000315 seconds
[2025-06-06T10:21:43.905+0200][1453.613s][info ][safepoint    ] Application time: 1.0001084 seconds
[2025-06-06T10:21:43.905+0200][1453.613s][info ][safepoint    ] Entering safepoint region: Cleanup
[2025-06-06T10:21:43.906+0200][1453.613s][info ][safepoint    ] Leaving safepoint region
[2025-06-06T10:21:43.906+0200][1453.613s][info ][safepoint    ] Total time for which application threads were stopped: 0.0002450 seconds, Stopping threads took: 0.0000848 seconds
[2025-06-06T10:21:44.911+0200][1454.618s][info ][safepoint    ] Application time: 1.0050494 seconds
[2025-06-06T10:21:44.911+0200][1454.619s][info ][safepoint    ] Entering safepoint region: Cleanup
[2025-06-06T10:21:44.912+0200][1454.619s][info ][safepoint    ] Leaving safepoint region
[2025-06-06T10:21:44.912+0200][1454.619s][info ][safepoint    ] Total time for which application threads were stopped: 0.0006378 seconds, Stopping threads took: 0.0002082 seconds
[2025-06-06T10:21:45.917+0200][1455.624s][info ][safepoint    ] Application time: 1.0050396 seconds
[2025-06-06T10:21:45.917+0200][1455.624s][info ][safepoint    ] Entering safepoint region: Cleanup
[2025-06-06T10:21:45.917+0200][1455.625s][info ][safepoint    ] Leaving safepoint region
[2025-06-06T10:21:45.917+0200][1455.625s][info ][safepoint    ] Total time for which application threads were stopped: 0.0002858 seconds, Stopping threads took: 0.0000663 seconds
[2025-06-06T10:21:46.922+0200][1456.630s][info ][safepoint    ] Application time: 1.0050365 seconds
[2025-06-06T10:21:46.922+0200][1456.630s][info ][safepoint    ] Entering safepoint region: Cleanup
[2025-06-06T10:21:46.922+0200][1456.630s][info ][safepoint    ] Leaving safepoint region
[2025-06-06T10:21:46.922+0200][1456.630s][info ][safepoint    ] Total time for which application threads were stopped: 0.0002209 seconds, Stopping threads took: 0.0000468 seconds
[2025-06-06T10:21:47.926+0200][1457.634s][info ][safepoint    ] Application time: 1.0036047 seconds
[2025-06-06T10:21:47.926+0200][1457.634s][info ][safepoint    ] Entering safepoint region: Cleanup
[2025-06-06T10:21:47.926+0200][1457.634s][info ][safepoint    ] Leaving safepoint region
[2025-06-06T10:21:47.926+0200][1457.634s][info ][safepoint    ] Total time for which application threads were stopped: 0.0002056 seconds, Stopping threads took: 0.0000412 seconds
[2025-06-06T10:21:48.927+0200][1458.635s][info ][safepoint    ] Application time: 1.0009004 seconds
[2025-06-06T10:21:48.927+0200][1458.635s][info ][safepoint    ] Entering safepoint region: Cleanup
[2025-06-06T10:21:48.928+0200][1458.635s][info ][safepoint    ] Leaving safepoint region
[2025-06-06T10:21:48.928+0200][1458.635s][info ][safepoint    ] Total time for which application threads were stopped: 0.0002489 seconds, Stopping threads took: 0.0000590 seconds
[2025-06-06T10:21:49.933+0200][1459.640s][info ][safepoint    ] Application time: 1.0050489 seconds
[2025-06-06T10:21:49.933+0200][1459.641s][info ][safepoint    ] Entering safepoint region: Cleanup
[2025-06-06T10:21:49.934+0200][1459.642s][info ][safepoint    ] Leaving safepoint region
[2025-06-06T10:21:49.934+0200][1459.642s][info ][safepoint    ] Total time for which application threads were stopped: 0.0010213 seconds, Stopping threads took: 0.0004691 seconds
[2025-06-06T10:21:50.935+0200][1460.642s][info ][safepoint    ] Application time: 1.0005471 seconds
[2025-06-06T10:21:50.935+0200][1460.642s][info ][safepoint    ] Entering safepoint region: Cleanup
[2025-06-06T10:21:50.935+0200][1460.642s][info ][safepoint    ] Leaving safepoint region
[2025-06-06T10:21:50.935+0200][1460.642s][info ][safepoint    ] Total time for which application threads were stopped: 0.0000758 seconds, Stopping threads took: 0.0000163 seconds
[2025-06-06T10:21:51.939+0200][1461.647s][info ][safepoint    ] Application time: 1.0043053 seconds
[2025-06-06T10:21:51.939+0200][1461.647s][info ][safepoint    ] Entering safepoint region: Cleanup
[2025-06-06T10:21:51.939+0200][1461.647s][info ][safepoint    ] Leaving safepoint region
[2025-06-06T10:21:51.940+0200][1461.647s][info ][safepoint    ] Total time for which application threads were stopped: 0.0004296 seconds, Stopping threads took: 0.0000952 seconds
[2025-06-06T10:21:52.941+0200][1462.649s][info ][safepoint    ] Application time: 1.0017554 seconds
[2025-06-06T10:21:52.941+0200][1462.649s][info ][safepoint    ] Entering safepoint region: Cleanup
[2025-06-06T10:21:52.942+0200][1462.649s][info ][safepoint    ] Leaving safepoint region
[2025-06-06T10:21:52.942+0200][1462.649s][info ][safepoint    ] Total time for which application threads were stopped: 0.0003628 seconds, Stopping threads took: 0.0000739 seconds
[2025-06-06T10:21:53.946+0200][1463.653s][info ][safepoint    ] Application time: 1.0039241 seconds
[2025-06-06T10:21:53.946+0200][1463.654s][info ][safepoint    ] Entering safepoint region: Cleanup
[2025-06-06T10:21:53.946+0200][1463.654s][info ][safepoint    ] Leaving safepoint region
[2025-06-06T10:21:53.946+0200][1463.654s][info ][safepoint    ] Total time for which application threads were stopped: 0.0003171 seconds, Stopping threads took: 0.0000745 seconds
[2025-06-06T10:21:54.951+0200][1464.659s][info ][safepoint    ] Application time: 1.0050418 seconds
[2025-06-06T10:21:54.951+0200][1464.659s][info ][safepoint    ] Entering safepoint region: Cleanup
[2025-06-06T10:21:54.952+0200][1464.659s][info ][safepoint    ] Leaving safepoint region
[2025-06-06T10:21:54.952+0200][1464.659s][info ][safepoint    ] Total time for which application threads were stopped: 0.0002707 seconds, Stopping threads took: 0.0000838 seconds
[2025-06-06T10:21:55.957+0200][1465.664s][info ][safepoint    ] Application time: 1.0048891 seconds
[2025-06-06T10:21:55.957+0200][1465.665s][info ][safepoint    ] Entering safepoint region: Cleanup
[2025-06-06T10:21:55.957+0200][1465.665s][info ][safepoint    ] Leaving safepoint region
[2025-06-06T10:21:55.957+0200][1465.665s][info ][safepoint    ] Total time for which application threads were stopped: 0.0004030 seconds, Stopping threads took: 0.0001210 seconds
[2025-06-06T10:21:56.962+0200][1466.670s][info ][safepoint    ] Application time: 1.0050577 seconds
[2025-06-06T10:21:56.962+0200][1466.670s][info ][safepoint    ] Entering safepoint region: Cleanup
[2025-06-06T10:21:56.963+0200][1466.670s][info ][safepoint    ] Leaving safepoint region
[2025-06-06T10:21:56.963+0200][1466.670s][info ][safepoint    ] Total time for which application threads were stopped: 0.0001442 seconds, Stopping threads took: 0.0000331 seconds
[2025-06-06T10:21:57.968+0200][1467.675s][info ][safepoint    ] Application time: 1.0051511 seconds
[2025-06-06T10:21:57.968+0200][1467.676s][info ][safepoint    ] Entering safepoint region: Cleanup
[2025-06-06T10:21:57.968+0200][1467.676s][info ][safepoint    ] Leaving safepoint region
[2025-06-06T10:21:57.968+0200][1467.676s][info ][safepoint    ] Total time for which application threads were stopped: 0.0004709 seconds, Stopping threads took: 0.0001184 seconds
[2025-06-06T10:21:58.972+0200][1468.679s][info ][safepoint    ] Application time: 1.0033950 seconds
[2025-06-06T10:21:58.972+0200][1468.680s][info ][safepoint    ] Entering safepoint region: Cleanup
[2025-06-06T10:21:58.972+0200][1468.680s][info ][safepoint    ] Leaving safepoint region
[2025-06-06T10:21:58.972+0200][1468.680s][info ][safepoint    ] Total time for which application threads were stopped: 0.0004348 seconds, Stopping threads took: 0.0001622 seconds
[2025-06-06T10:21:59.977+0200][1469.684s][info ][safepoint    ] Application time: 1.0041551 seconds
[2025-06-06T10:21:59.977+0200][1469.684s][info ][safepoint    ] Entering safepoint region: Cleanup
[2025-06-06T10:21:59.977+0200][1469.685s][info ][safepoint    ] Leaving safepoint region
[2025-06-06T10:21:59.977+0200][1469.685s][info ][safepoint    ] Total time for which application threads were stopped: 0.0004171 seconds, Stopping threads took: 0.0000861 seconds
[2025-06-06T10:22:00.979+0200][1470.687s][info ][safepoint    ] Application time: 1.0021991 seconds
[2025-06-06T10:22:00.979+0200][1470.687s][info ][safepoint    ] Entering safepoint region: Cleanup
[2025-06-06T10:22:00.979+0200][1470.687s][info ][safepoint    ] Leaving safepoint region
[2025-06-06T10:22:00.979+0200][1470.687s][info ][safepoint    ] Total time for which application threads were stopped: 0.0001363 seconds, Stopping threads took: 0.0000260 seconds
[2025-06-06T10:22:01.984+0200][1471.692s][info ][safepoint    ] Application time: 1.0046292 seconds
[2025-06-06T10:22:01.984+0200][1471.692s][info ][safepoint    ] Entering safepoint region: Cleanup
[2025-06-06T10:22:01.984+0200][1471.692s][info ][safepoint    ] Leaving safepoint region
[2025-06-06T10:22:01.984+0200][1471.692s][info ][safepoint    ] Total time for which application threads were stopped: 0.0001213 seconds, Stopping threads took: 0.0000317 seconds
[2025-06-06T10:22:02.989+0200][1472.697s][info ][safepoint    ] Application time: 1.0050429 seconds
[2025-06-06T10:22:02.990+0200][1472.697s][info ][safepoint    ] Entering safepoint region: Cleanup
[2025-06-06T10:22:02.990+0200][1472.698s][info ][safepoint    ] Leaving safepoint region
[2025-06-06T10:22:02.990+0200][1472.698s][info ][safepoint    ] Total time for which application threads were stopped: 0.0004320 seconds, Stopping threads took: 0.0000737 seconds
[2025-06-06T10:22:03.992+0200][1473.700s][info ][safepoint    ] Application time: 1.0023125 seconds
[2025-06-06T10:22:03.992+0200][1473.700s][info ][safepoint    ] Entering safepoint region: Cleanup
[2025-06-06T10:22:03.993+0200][1473.700s][info ][safepoint    ] Leaving safepoint region
[2025-06-06T10:22:03.993+0200][1473.700s][info ][safepoint    ] Total time for which application threads were stopped: 0.0002820 seconds, Stopping threads took: 0.0000733 seconds
[2025-06-06T10:22:04.997+0200][1474.705s][info ][safepoint    ] Application time: 1.0047583 seconds
[2025-06-06T10:22:04.998+0200][1474.705s][info ][safepoint    ] Entering safepoint region: Cleanup
[2025-06-06T10:22:04.998+0200][1474.706s][info ][safepoint    ] Leaving safepoint region
[2025-06-06T10:22:04.998+0200][1474.706s][info ][safepoint    ] Total time for which application threads were stopped: 0.0007233 seconds, Stopping threads took: 0.0002652 seconds
[2025-06-06T10:22:06.003+0200][1475.711s][info ][safepoint    ] Application time: 1.0046585 seconds
[2025-06-06T10:22:06.003+0200][1475.711s][info ][safepoint    ] Entering safepoint region: Cleanup
[2025-06-06T10:22:06.004+0200][1475.711s][info ][safepoint    ] Leaving safepoint region
[2025-06-06T10:22:06.004+0200][1475.711s][info ][safepoint    ] Total time for which application threads were stopped: 0.0003989 seconds, Stopping threads took: 0.0000903 seconds
[2025-06-06T10:22:07.006+0200][1476.713s][info ][safepoint    ] Application time: 1.0021657 seconds
[2025-06-06T10:22:07.006+0200][1476.714s][info ][safepoint    ] Entering safepoint region: Cleanup
[2025-06-06T10:22:07.006+0200][1476.714s][info ][safepoint    ] Leaving safepoint region
[2025-06-06T10:22:07.006+0200][1476.714s][info ][safepoint    ] Total time for which application threads were stopped: 0.0004028 seconds, Stopping threads took: 0.0000947 seconds
[2025-06-06T10:22:08.012+0200][1477.719s][info ][safepoint    ] Application time: 1.0050694 seconds
[2025-06-06T10:22:08.012+0200][1477.719s][info ][safepoint    ] Entering safepoint region: Cleanup
[2025-06-06T10:22:08.012+0200][1477.720s][info ][safepoint    ] Leaving safepoint region
[2025-06-06T10:22:08.012+0200][1477.720s][info ][safepoint    ] Total time for which application threads were stopped: 0.0005608 seconds, Stopping threads took: 0.0001891 seconds
[2025-06-06T10:22:09.014+0200][1478.721s][info ][safepoint    ] Application time: 1.0015357 seconds
[2025-06-06T10:22:09.014+0200][1478.722s][info ][safepoint    ] Entering safepoint region: Cleanup
[2025-06-06T10:22:09.014+0200][1478.722s][info ][safepoint    ] Leaving safepoint region
[2025-06-06T10:22:09.014+0200][1478.722s][info ][safepoint    ] Total time for which application threads were stopped: 0.0002998 seconds, Stopping threads took: 0.0000683 seconds
[2025-06-06T10:22:10.016+0200][1479.724s][info ][safepoint    ] Application time: 1.0015697 seconds
[2025-06-06T10:22:10.016+0200][1479.724s][info ][safepoint    ] Entering safepoint region: Cleanup
[2025-06-06T10:22:10.017+0200][1479.724s][info ][safepoint    ] Leaving safepoint region
[2025-06-06T10:22:10.017+0200][1479.725s][info ][safepoint    ] Total time for which application threads were stopped: 0.0007563 seconds, Stopping threads took: 0.0001568 seconds
[2025-06-06T10:22:11.022+0200][1480.729s][info ][safepoint    ] Application time: 1.0042883 seconds
[2025-06-06T10:22:11.022+0200][1480.730s][info ][safepoint    ] Entering safepoint region: Cleanup
[2025-06-06T10:22:11.023+0200][1480.730s][info ][safepoint    ] Leaving safepoint region
[2025-06-06T10:22:11.023+0200][1480.730s][info ][safepoint    ] Total time for which application threads were stopped: 0.0003195 seconds, Stopping threads took: 0.0000931 seconds
[2025-06-06T10:22:12.027+0200][1481.735s][info ][safepoint    ] Application time: 1.0045814 seconds
[2025-06-06T10:22:12.028+0200][1481.735s][info ][safepoint    ] Entering safepoint region: Cleanup
[2025-06-06T10:22:12.028+0200][1481.736s][info ][safepoint    ] Leaving safepoint region
[2025-06-06T10:22:12.028+0200][1481.736s][info ][safepoint    ] Total time for which application threads were stopped: 0.0006328 seconds, Stopping threads took: 0.0001939 seconds
[2025-06-06T10:22:13.032+0200][1482.740s][info ][safepoint    ] Application time: 1.0040645 seconds
[2025-06-06T10:22:13.032+0200][1482.740s][info ][safepoint    ] Entering safepoint region: Cleanup
[2025-06-06T10:22:13.033+0200][1482.740s][info ][safepoint    ] Leaving safepoint region
[2025-06-06T10:22:13.033+0200][1482.740s][info ][safepoint    ] Total time for which application threads were stopped: 0.0002018 seconds, Stopping threads took: 0.0000531 seconds
[2025-06-06T10:22:14.035+0200][1483.742s][info ][safepoint    ] Application time: 1.0020258 seconds
[2025-06-06T10:22:14.035+0200][1483.742s][info ][safepoint    ] Entering safepoint region: Cleanup
[2025-06-06T10:22:14.035+0200][1483.742s][info ][safepoint    ] Leaving safepoint region
[2025-06-06T10:22:14.035+0200][1483.743s][info ][safepoint    ] Total time for which application threads were stopped: 0.0002480 seconds, Stopping threads took: 0.0000734 seconds
[2025-06-06T10:22:15.038+0200][1484.746s][info ][safepoint    ] Application time: 1.0030653 seconds
[2025-06-06T10:22:15.038+0200][1484.746s][info ][safepoint    ] Entering safepoint region: Cleanup
[2025-06-06T10:22:15.039+0200][1484.746s][info ][safepoint    ] Leaving safepoint region
[2025-06-06T10:22:15.039+0200][1484.746s][info ][safepoint    ] Total time for which application threads were stopped: 0.0003785 seconds, Stopping threads took: 0.0001245 seconds
[2025-06-06T10:22:16.039+0200][1485.747s][info ][safepoint    ] Application time: 1.0004212 seconds
[2025-06-06T10:22:16.039+0200][1485.747s][info ][safepoint    ] Entering safepoint region: Cleanup
[2025-06-06T10:22:16.040+0200][1485.747s][info ][safepoint    ] Leaving safepoint region
[2025-06-06T10:22:16.040+0200][1485.747s][info ][safepoint    ] Total time for which application threads were stopped: 0.0004307 seconds, Stopping threads took: 0.0002152 seconds
[2025-06-06T10:22:17.043+0200][1486.750s][info ][safepoint    ] Application time: 1.0030322 seconds
[2025-06-06T10:22:17.043+0200][1486.750s][info ][safepoint    ] Entering safepoint region: Cleanup
[2025-06-06T10:22:17.043+0200][1486.751s][info ][safepoint    ] Leaving safepoint region
[2025-06-06T10:22:17.043+0200][1486.751s][info ][safepoint    ] Total time for which application threads were stopped: 0.0003358 seconds, Stopping threads took: 0.0000477 seconds
[2025-06-06T10:22:18.047+0200][1487.754s][info ][safepoint    ] Application time: 1.0037383 seconds
[2025-06-06T10:22:18.047+0200][1487.755s][info ][safepoint    ] Entering safepoint region: Cleanup
[2025-06-06T10:22:18.047+0200][1487.755s][info ][safepoint    ] Leaving safepoint region
[2025-06-06T10:22:18.047+0200][1487.755s][info ][safepoint    ] Total time for which application threads were stopped: 0.0002392 seconds, Stopping threads took: 0.0000687 seconds
[2025-06-06T10:22:19.056+0200][1488.764s][info ][safepoint    ] Application time: 1.0091600 seconds
[2025-06-06T10:22:19.057+0200][1488.764s][info ][safepoint    ] Entering safepoint region: Cleanup
[2025-06-06T10:22:19.057+0200][1488.764s][info ][safepoint    ] Leaving safepoint region
[2025-06-06T10:22:19.057+0200][1488.764s][info ][safepoint    ] Total time for which application threads were stopped: 0.0002105 seconds, Stopping threads took: 0.0000702 seconds
[2025-06-06T10:22:20.062+0200][1489.769s][info ][safepoint    ] Application time: 1.0048622 seconds
[2025-06-06T10:22:20.062+0200][1489.770s][info ][safepoint    ] Entering safepoint region: Cleanup
[2025-06-06T10:22:20.063+0200][1489.770s][info ][safepoint    ] Leaving safepoint region
[2025-06-06T10:22:20.063+0200][1489.770s][info ][safepoint    ] Total time for which application threads were stopped: 0.0005504 seconds, Stopping threads took: 0.0002030 seconds
[2025-06-06T10:22:21.064+0200][1490.772s][info ][safepoint    ] Application time: 1.0017965 seconds
[2025-06-06T10:22:21.065+0200][1490.772s][info ][safepoint    ] Entering safepoint region: Cleanup
[2025-06-06T10:22:21.065+0200][1490.772s][info ][safepoint    ] Leaving safepoint region
[2025-06-06T10:22:21.065+0200][1490.773s][info ][safepoint    ] Total time for which application threads were stopped: 0.0004329 seconds, Stopping threads took: 0.0001941 seconds
[2025-06-06T10:22:22.070+0200][1491.778s][info ][safepoint    ] Application time: 1.0050388 seconds
[2025-06-06T10:22:22.070+0200][1491.778s][info ][safepoint    ] Entering safepoint region: Cleanup
[2025-06-06T10:22:22.071+0200][1491.778s][info ][safepoint    ] Leaving safepoint region
[2025-06-06T10:22:22.071+0200][1491.778s][info ][safepoint    ] Total time for which application threads were stopped: 0.0003610 seconds, Stopping threads took: 0.0000798 seconds
[2025-06-06T10:22:23.072+0200][1492.780s][info ][safepoint    ] Application time: 1.0012910 seconds
[2025-06-06T10:22:23.072+0200][1492.780s][info ][safepoint    ] Entering safepoint region: Cleanup
[2025-06-06T10:22:23.073+0200][1492.780s][info ][safepoint    ] Leaving safepoint region
[2025-06-06T10:22:23.073+0200][1492.780s][info ][safepoint    ] Total time for which application threads were stopped: 0.0003854 seconds, Stopping threads took: 0.0000917 seconds
[2025-06-06T10:22:24.078+0200][1493.785s][info ][safepoint    ] Application time: 1.0050200 seconds
[2025-06-06T10:22:24.078+0200][1493.785s][info ][safepoint    ] Entering safepoint region: Cleanup
[2025-06-06T10:22:24.078+0200][1493.785s][info ][safepoint    ] Leaving safepoint region
[2025-06-06T10:22:24.078+0200][1493.785s][info ][safepoint    ] Total time for which application threads were stopped: 0.0000886 seconds, Stopping threads took: 0.0000238 seconds
[2025-06-06T10:22:25.083+0200][1494.790s][info ][safepoint    ] Application time: 1.0050450 seconds
[2025-06-06T10:22:25.083+0200][1494.791s][info ][safepoint    ] Entering safepoint region: Cleanup
[2025-06-06T10:22:25.083+0200][1494.791s][info ][safepoint    ] Leaving safepoint region
[2025-06-06T10:22:25.083+0200][1494.791s][info ][safepoint    ] Total time for which application threads were stopped: 0.0004370 seconds, Stopping threads took: 0.0000955 seconds
[2025-06-06T10:22:26.088+0200][1495.796s][info ][safepoint    ] Application time: 1.0046644 seconds
[2025-06-06T10:22:26.089+0200][1495.796s][info ][safepoint    ] Entering safepoint region: Cleanup
[2025-06-06T10:22:26.089+0200][1495.797s][info ][safepoint    ] Leaving safepoint region
[2025-06-06T10:22:26.089+0200][1495.797s][info ][safepoint    ] Total time for which application threads were stopped: 0.0007525 seconds, Stopping threads took: 0.0004096 seconds
[2025-06-06T10:22:27.094+0200][1496.802s][info ][safepoint    ] Application time: 1.0050629 seconds
[2025-06-06T10:22:27.095+0200][1496.802s][info ][safepoint    ] Entering safepoint region: Cleanup
[2025-06-06T10:22:27.095+0200][1496.803s][info ][safepoint    ] Leaving safepoint region
[2025-06-06T10:22:27.095+0200][1496.803s][info ][safepoint    ] Total time for which application threads were stopped: 0.0005327 seconds, Stopping threads took: 0.0001223 seconds
[2025-06-06T10:22:28.098+0200][1497.806s][info ][safepoint    ] Application time: 1.0032181 seconds
[2025-06-06T10:22:28.099+0200][1497.806s][info ][safepoint    ] Entering safepoint region: Cleanup
[2025-06-06T10:22:28.099+0200][1497.806s][info ][safepoint    ] Leaving safepoint region
[2025-06-06T10:22:28.099+0200][1497.806s][info ][safepoint    ] Total time for which application threads were stopped: 0.0003664 seconds, Stopping threads took: 0.0000910 seconds
[2025-06-06T10:22:29.103+0200][1498.811s][info ][safepoint    ] Application time: 1.0046662 seconds
[2025-06-06T10:22:29.104+0200][1498.811s][info ][safepoint    ] Entering safepoint region: Cleanup
[2025-06-06T10:22:29.104+0200][1498.812s][info ][safepoint    ] Leaving safepoint region
[2025-06-06T10:22:29.104+0200][1498.812s][info ][safepoint    ] Total time for which application threads were stopped: 0.0005162 seconds, Stopping threads took: 0.0001125 seconds
[2025-06-06T10:22:30.109+0200][1499.817s][info ][safepoint    ] Application time: 1.0050721 seconds
[2025-06-06T10:22:30.110+0200][1499.817s][info ][safepoint    ] Entering safepoint region: Cleanup
[2025-06-06T10:22:30.110+0200][1499.818s][info ][safepoint    ] Leaving safepoint region
[2025-06-06T10:22:30.110+0200][1499.818s][info ][safepoint    ] Total time for which application threads were stopped: 0.0005019 seconds, Stopping threads took: 0.0001668 seconds
[2025-06-06T10:22:31.111+0200][1500.818s][info ][safepoint    ] Application time: 1.0006597 seconds
[2025-06-06T10:22:31.111+0200][1500.818s][info ][safepoint    ] Entering safepoint region: Cleanup
[2025-06-06T10:22:31.111+0200][1500.819s][info ][safepoint    ] Leaving safepoint region
[2025-06-06T10:22:31.111+0200][1500.819s][info ][safepoint    ] Total time for which application threads were stopped: 0.0004220 seconds, Stopping threads took: 0.0001010 seconds
[2025-06-06T10:22:32.113+0200][1501.821s][info ][safepoint    ] Application time: 1.0018421 seconds
[2025-06-06T10:22:32.113+0200][1501.821s][info ][safepoint    ] Entering safepoint region: Cleanup
[2025-06-06T10:22:32.114+0200][1501.821s][info ][safepoint    ] Leaving safepoint region
[2025-06-06T10:22:32.114+0200][1501.821s][info ][safepoint    ] Total time for which application threads were stopped: 0.0002421 seconds, Stopping threads took: 0.0000640 seconds
[2025-06-06T10:22:33.115+0200][1502.823s][info ][safepoint    ] Application time: 1.0016873 seconds
[2025-06-06T10:22:33.115+0200][1502.823s][info ][safepoint    ] Entering safepoint region: Cleanup
[2025-06-06T10:22:33.116+0200][1502.823s][info ][safepoint    ] Leaving safepoint region
[2025-06-06T10:22:33.116+0200][1502.823s][info ][safepoint    ] Total time for which application threads were stopped: 0.0003642 seconds, Stopping threads took: 0.0001184 seconds
[2025-06-06T10:22:34.122+0200][1503.830s][info ][safepoint    ] Application time: 1.0062547 seconds
[2025-06-06T10:22:34.122+0200][1503.830s][info ][safepoint    ] Entering safepoint region: Cleanup
[2025-06-06T10:22:34.123+0200][1503.830s][info ][safepoint    ] Leaving safepoint region
[2025-06-06T10:22:34.123+0200][1503.830s][info ][safepoint    ] Total time for which application threads were stopped: 0.0003803 seconds, Stopping threads took: 0.0000826 seconds
[2025-06-06T10:22:35.128+0200][1504.835s][info ][safepoint    ] Application time: 1.0050399 seconds
[2025-06-06T10:22:35.128+0200][1504.835s][info ][safepoint    ] Entering safepoint region: Cleanup
[2025-06-06T10:22:35.128+0200][1504.836s][info ][safepoint    ] Leaving safepoint region
[2025-06-06T10:22:35.128+0200][1504.836s][info ][safepoint    ] Total time for which application threads were stopped: 0.0002845 seconds, Stopping threads took: 0.0000780 seconds
[2025-06-06T10:22:36.131+0200][1505.839s][info ][safepoint    ] Application time: 1.0029153 seconds
[2025-06-06T10:22:36.133+0200][1505.840s][info ][safepoint    ] Entering safepoint region: Cleanup
[2025-06-06T10:22:36.135+0200][1505.842s][info ][safepoint    ] Leaving safepoint region
[2025-06-06T10:22:36.135+0200][1505.842s][info ][safepoint    ] Total time for which application threads were stopped: 0.0031943 seconds, Stopping threads took: 0.0014346 seconds
[2025-06-06T10:22:37.136+0200][1506.844s][info ][safepoint    ] Application time: 1.0013264 seconds
[2025-06-06T10:22:37.136+0200][1506.844s][info ][safepoint    ] Entering safepoint region: Cleanup
[2025-06-06T10:22:37.137+0200][1506.844s][info ][safepoint    ] Leaving safepoint region
[2025-06-06T10:22:37.137+0200][1506.844s][info ][safepoint    ] Total time for which application threads were stopped: 0.0004394 seconds, Stopping threads took: 0.0000881 seconds
[2025-06-06T10:22:38.138+0200][1507.846s][info ][safepoint    ] Application time: 1.0016809 seconds
[2025-06-06T10:22:38.138+0200][1507.846s][info ][safepoint    ] Entering safepoint region: Cleanup
[2025-06-06T10:22:38.139+0200][1507.846s][info ][safepoint    ] Leaving safepoint region
[2025-06-06T10:22:38.139+0200][1507.846s][info ][safepoint    ] Total time for which application threads were stopped: 0.0005809 seconds, Stopping threads took: 0.0000817 seconds
[2025-06-06T10:22:39.144+0200][1508.851s][info ][safepoint    ] Application time: 1.0048263 seconds
[2025-06-06T10:22:39.144+0200][1508.852s][info ][safepoint    ] Entering safepoint region: Cleanup
[2025-06-06T10:22:39.145+0200][1508.852s][info ][safepoint    ] Leaving safepoint region
[2025-06-06T10:22:39.145+0200][1508.852s][info ][safepoint    ] Total time for which application threads were stopped: 0.0005101 seconds, Stopping threads took: 0.0000980 seconds
[2025-06-06T10:22:40.146+0200][1509.853s][info ][safepoint    ] Application time: 1.0008755 seconds
[2025-06-06T10:22:40.146+0200][1509.853s][info ][safepoint    ] Entering safepoint region: Cleanup
[2025-06-06T10:22:40.146+0200][1509.854s][info ][safepoint    ] Leaving safepoint region
[2025-06-06T10:22:40.146+0200][1509.854s][info ][safepoint    ] Total time for which application threads were stopped: 0.0004245 seconds, Stopping threads took: 0.0000984 seconds
[2025-06-06T10:22:41.151+0200][1510.859s][info ][safepoint    ] Application time: 1.0050670 seconds
[2025-06-06T10:22:41.151+0200][1510.859s][info ][safepoint    ] Entering safepoint region: Cleanup
[2025-06-06T10:22:41.152+0200][1510.859s][info ][safepoint    ] Leaving safepoint region
[2025-06-06T10:22:41.152+0200][1510.859s][info ][safepoint    ] Total time for which application threads were stopped: 0.0004199 seconds, Stopping threads took: 0.0000980 seconds
[2025-06-06T10:22:42.154+0200][1511.861s][info ][safepoint    ] Application time: 1.0017204 seconds
[2025-06-06T10:22:42.154+0200][1511.861s][info ][safepoint    ] Entering safepoint region: Cleanup
[2025-06-06T10:22:42.154+0200][1511.862s][info ][safepoint    ] Leaving safepoint region
[2025-06-06T10:22:42.154+0200][1511.862s][info ][safepoint    ] Total time for which application threads were stopped: 0.0005021 seconds, Stopping threads took: 0.0001951 seconds
[2025-06-06T10:22:43.157+0200][1512.865s][info ][safepoint    ] Application time: 1.0028510 seconds
[2025-06-06T10:22:43.157+0200][1512.865s][info ][safepoint    ] Entering safepoint region: Cleanup
[2025-06-06T10:22:43.158+0200][1512.865s][info ][safepoint    ] Leaving safepoint region
[2025-06-06T10:22:43.158+0200][1512.865s][info ][safepoint    ] Total time for which application threads were stopped: 0.0004376 seconds, Stopping threads took: 0.0001172 seconds
[2025-06-06T10:22:44.162+0200][1513.870s][info ][safepoint    ] Application time: 1.0042622 seconds
[2025-06-06T10:22:44.162+0200][1513.870s][info ][safepoint    ] Entering safepoint region: Cleanup
[2025-06-06T10:22:44.163+0200][1513.870s][info ][safepoint    ] Leaving safepoint region
[2025-06-06T10:22:44.163+0200][1513.870s][info ][safepoint    ] Total time for which application threads were stopped: 0.0004278 seconds, Stopping threads took: 0.0001058 seconds
[2025-06-06T10:22:45.168+0200][1514.875s][info ][safepoint    ] Application time: 1.0050613 seconds
[2025-06-06T10:22:45.168+0200][1514.876s][info ][safepoint    ] Entering safepoint region: Cleanup
[2025-06-06T10:22:45.169+0200][1514.876s][info ][safepoint    ] Leaving safepoint region
[2025-06-06T10:22:45.169+0200][1514.876s][info ][safepoint    ] Total time for which application threads were stopped: 0.0006542 seconds, Stopping threads took: 0.0002505 seconds
[2025-06-06T10:22:46.170+0200][1515.878s][info ][safepoint    ] Application time: 1.0013271 seconds
[2025-06-06T10:22:46.170+0200][1515.878s][info ][safepoint    ] Entering safepoint region: Cleanup
[2025-06-06T10:22:46.170+0200][1515.878s][info ][safepoint    ] Leaving safepoint region
[2025-06-06T10:22:46.170+0200][1515.878s][info ][safepoint    ] Total time for which application threads were stopped: 0.0002527 seconds, Stopping threads took: 0.0000611 seconds
[2025-06-06T10:22:47.175+0200][1516.883s][info ][safepoint    ] Application time: 1.0050519 seconds
[2025-06-06T10:22:47.176+0200][1516.883s][info ][safepoint    ] Entering safepoint region: Cleanup
[2025-06-06T10:22:47.176+0200][1516.884s][info ][safepoint    ] Leaving safepoint region
[2025-06-06T10:22:47.176+0200][1516.884s][info ][safepoint    ] Total time for which application threads were stopped: 0.0004343 seconds, Stopping threads took: 0.0001070 seconds
[2025-06-06T10:22:48.179+0200][1517.886s][info ][safepoint    ] Application time: 1.0026617 seconds
[2025-06-06T10:22:48.179+0200][1517.887s][info ][safepoint    ] Entering safepoint region: Cleanup
[2025-06-06T10:22:48.179+0200][1517.887s][info ][safepoint    ] Leaving safepoint region
[2025-06-06T10:22:48.179+0200][1517.887s][info ][safepoint    ] Total time for which application threads were stopped: 0.0004267 seconds, Stopping threads took: 0.0001083 seconds
[2025-06-06T10:22:49.183+0200][1518.890s][info ][safepoint    ] Application time: 1.0031580 seconds
[2025-06-06T10:22:49.183+0200][1518.890s][info ][safepoint    ] Entering safepoint region: Cleanup
[2025-06-06T10:22:49.183+0200][1518.891s][info ][safepoint    ] Leaving safepoint region
[2025-06-06T10:22:49.183+0200][1518.891s][info ][safepoint    ] Total time for which application threads were stopped: 0.0002329 seconds, Stopping threads took: 0.0000725 seconds
[2025-06-06T10:22:50.187+0200][1519.894s][info ][safepoint    ] Application time: 1.0034923 seconds
[2025-06-06T10:22:50.187+0200][1519.894s][info ][safepoint    ] Entering safepoint region: Cleanup
[2025-06-06T10:22:50.187+0200][1519.895s][info ][safepoint    ] Leaving safepoint region
[2025-06-06T10:22:50.187+0200][1519.895s][info ][safepoint    ] Total time for which application threads were stopped: 0.0004563 seconds, Stopping threads took: 0.0001019 seconds
[2025-06-06T10:22:51.188+0200][1520.895s][info ][safepoint    ] Application time: 1.0002445 seconds
[2025-06-06T10:22:51.188+0200][1520.895s][info ][safepoint    ] Entering safepoint region: Cleanup
[2025-06-06T10:22:51.188+0200][1520.896s][info ][safepoint    ] Leaving safepoint region
[2025-06-06T10:22:51.189+0200][1520.896s][info ][safepoint    ] Total time for which application threads were stopped: 0.0007354 seconds, Stopping threads took: 0.0001763 seconds
[2025-06-06T10:22:52.194+0200][1521.901s][info ][safepoint    ] Application time: 1.0050547 seconds
[2025-06-06T10:22:52.194+0200][1521.901s][info ][safepoint    ] Entering safepoint region: Cleanup
[2025-06-06T10:22:52.194+0200][1521.902s][info ][safepoint    ] Leaving safepoint region
[2025-06-06T10:22:52.195+0200][1521.902s][info ][safepoint    ] Total time for which application threads were stopped: 0.0005502 seconds, Stopping threads took: 0.0001042 seconds
[2025-06-06T10:22:53.200+0200][1522.907s][info ][safepoint    ] Application time: 1.0050524 seconds
[2025-06-06T10:22:53.200+0200][1522.907s][info ][safepoint    ] Entering safepoint region: Cleanup
[2025-06-06T10:22:53.200+0200][1522.908s][info ][safepoint    ] Leaving safepoint region
[2025-06-06T10:22:53.200+0200][1522.908s][info ][safepoint    ] Total time for which application threads were stopped: 0.0004757 seconds, Stopping threads took: 0.0001138 seconds
[2025-06-06T10:22:54.203+0200][1523.911s][info ][safepoint    ] Application time: 1.0029589 seconds
[2025-06-06T10:22:54.204+0200][1523.911s][info ][safepoint    ] Entering safepoint region: Cleanup
[2025-06-06T10:22:54.204+0200][1523.911s][info ][safepoint    ] Leaving safepoint region
[2025-06-06T10:22:54.204+0200][1523.912s][info ][safepoint    ] Total time for which application threads were stopped: 0.0006156 seconds, Stopping threads took: 0.0000788 seconds
[2025-06-06T10:22:55.208+0200][1524.916s][info ][safepoint    ] Application time: 1.0039165 seconds
[2025-06-06T10:22:55.209+0200][1524.916s][info ][safepoint    ] Entering safepoint region: Cleanup
[2025-06-06T10:22:55.209+0200][1524.916s][info ][safepoint    ] Leaving safepoint region
[2025-06-06T10:22:55.209+0200][1524.917s][info ][safepoint    ] Total time for which application threads were stopped: 0.0004743 seconds, Stopping threads took: 0.0001237 seconds
[2025-06-06T10:22:56.214+0200][1525.922s][info ][safepoint    ] Application time: 1.0051347 seconds
[2025-06-06T10:22:56.215+0200][1525.923s][info ][safepoint    ] Entering safepoint region: Cleanup
[2025-06-06T10:22:56.216+0200][1525.923s][info ][safepoint    ] Leaving safepoint region
[2025-06-06T10:22:56.216+0200][1525.923s][info ][safepoint    ] Total time for which application threads were stopped: 0.0006122 seconds, Stopping threads took: 0.0002843 seconds
[2025-06-06T10:22:57.221+0200][1526.928s][info ][safepoint    ] Application time: 1.0050380 seconds
[2025-06-06T10:22:57.221+0200][1526.929s][info ][safepoint    ] Entering safepoint region: Cleanup
[2025-06-06T10:22:57.222+0200][1526.930s][info ][safepoint    ] Leaving safepoint region
[2025-06-06T10:22:57.222+0200][1526.930s][info ][safepoint    ] Total time for which application threads were stopped: 0.0010785 seconds, Stopping threads took: 0.0003385 seconds
[2025-06-06T10:22:58.227+0200][1527.935s][info ][safepoint    ] Application time: 1.0050432 seconds
[2025-06-06T10:22:58.228+0200][1527.935s][info ][safepoint    ] Entering safepoint region: Cleanup
[2025-06-06T10:22:58.228+0200][1527.935s][info ][safepoint    ] Leaving safepoint region
[2025-06-06T10:22:58.228+0200][1527.936s][info ][safepoint    ] Total time for which application threads were stopped: 0.0004893 seconds, Stopping threads took: 0.0001213 seconds
[2025-06-06T10:22:59.229+0200][1528.936s][info ][safepoint    ] Application time: 1.0005773 seconds
[2025-06-06T10:22:59.229+0200][1528.936s][info ][safepoint    ] Entering safepoint region: Cleanup
[2025-06-06T10:22:59.229+0200][1528.937s][info ][safepoint    ] Leaving safepoint region
[2025-06-06T10:22:59.229+0200][1528.937s][info ][safepoint    ] Total time for which application threads were stopped: 0.0004363 seconds, Stopping threads took: 0.0001199 seconds
[2025-06-06T10:23:00.230+0200][1529.937s][info ][safepoint    ] Application time: 1.0006226 seconds
[2025-06-06T10:23:00.230+0200][1529.938s][info ][safepoint    ] Entering safepoint region: Cleanup
[2025-06-06T10:23:00.230+0200][1529.938s][info ][safepoint    ] Leaving safepoint region
[2025-06-06T10:23:00.230+0200][1529.938s][info ][safepoint    ] Total time for which application threads were stopped: 0.0002292 seconds, Stopping threads took: 0.0000533 seconds
[2025-06-06T10:23:01.235+0200][1530.943s][info ][safepoint    ] Application time: 1.0049562 seconds
[2025-06-06T10:23:01.237+0200][1530.944s][info ][safepoint    ] Entering safepoint region: Cleanup
[2025-06-06T10:23:01.237+0200][1530.945s][info ][safepoint    ] Leaving safepoint region
[2025-06-06T10:23:01.238+0200][1530.945s][info ][safepoint    ] Total time for which application threads were stopped: 0.0006053 seconds, Stopping threads took: 0.0001493 seconds
[2025-06-06T10:23:02.243+0200][1531.950s][info ][safepoint    ] Application time: 1.0050615 seconds
[2025-06-06T10:23:02.243+0200][1531.951s][info ][safepoint    ] Entering safepoint region: Cleanup
[2025-06-06T10:23:02.244+0200][1531.951s][info ][safepoint    ] Leaving safepoint region
[2025-06-06T10:23:02.244+0200][1531.951s][info ][safepoint    ] Total time for which application threads were stopped: 0.0006937 seconds, Stopping threads took: 0.0002230 seconds
[2025-06-06T10:23:03.246+0200][1532.953s][info ][safepoint    ] Application time: 1.0022506 seconds
[2025-06-06T10:23:03.246+0200][1532.954s][info ][safepoint    ] Entering safepoint region: Cleanup
[2025-06-06T10:23:03.246+0200][1532.954s][info ][safepoint    ] Leaving safepoint region
[2025-06-06T10:23:03.246+0200][1532.954s][info ][safepoint    ] Total time for which application threads were stopped: 0.0003507 seconds, Stopping threads took: 0.0000762 seconds
[2025-06-06T10:23:04.248+0200][1533.956s][info ][safepoint    ] Application time: 1.0017005 seconds
[2025-06-06T10:23:04.248+0200][1533.956s][info ][safepoint    ] Entering safepoint region: Cleanup
[2025-06-06T10:23:04.249+0200][1533.956s][info ][safepoint    ] Leaving safepoint region
[2025-06-06T10:23:04.249+0200][1533.956s][info ][safepoint    ] Total time for which application threads were stopped: 0.0003507 seconds, Stopping threads took: 0.0000804 seconds
[2025-06-06T10:23:05.254+0200][1534.961s][info ][safepoint    ] Application time: 1.0050559 seconds
[2025-06-06T10:23:05.254+0200][1534.961s][info ][safepoint    ] Entering safepoint region: Cleanup
[2025-06-06T10:23:05.254+0200][1534.962s][info ][safepoint    ] Leaving safepoint region
[2025-06-06T10:23:05.254+0200][1534.962s][info ][safepoint    ] Total time for which application threads were stopped: 0.0005664 seconds, Stopping threads took: 0.0000968 seconds
[2025-06-06T10:23:06.255+0200][1535.963s][info ][safepoint    ] Application time: 1.0009745 seconds
[2025-06-06T10:23:06.256+0200][1535.963s][info ][safepoint    ] Entering safepoint region: Cleanup
[2025-06-06T10:23:06.256+0200][1535.963s][info ][safepoint    ] Leaving safepoint region
[2025-06-06T10:23:06.256+0200][1535.963s][info ][safepoint    ] Total time for which application threads were stopped: 0.0002813 seconds, Stopping threads took: 0.0000937 seconds
[2025-06-06T10:23:07.260+0200][1536.967s][info ][safepoint    ] Application time: 1.0041703 seconds
[2025-06-06T10:23:07.260+0200][1536.968s][info ][safepoint    ] Entering safepoint region: Cleanup
[2025-06-06T10:23:07.261+0200][1536.968s][info ][safepoint    ] Leaving safepoint region
[2025-06-06T10:23:07.261+0200][1536.968s][info ][safepoint    ] Total time for which application threads were stopped: 0.0003964 seconds, Stopping threads took: 0.0000982 seconds
[2025-06-06T10:23:08.265+0200][1537.973s][info ][safepoint    ] Application time: 1.0047341 seconds
[2025-06-06T10:23:08.266+0200][1537.973s][info ][safepoint    ] Entering safepoint region: Cleanup
[2025-06-06T10:23:08.266+0200][1537.974s][info ][safepoint    ] Leaving safepoint region
[2025-06-06T10:23:08.266+0200][1537.974s][info ][safepoint    ] Total time for which application threads were stopped: 0.0003991 seconds, Stopping threads took: 0.0001266 seconds
[2025-06-06T10:23:09.270+0200][1538.977s][info ][safepoint    ] Application time: 1.0036042 seconds
[2025-06-06T10:23:09.270+0200][1538.978s][info ][safepoint    ] Entering safepoint region: Cleanup
[2025-06-06T10:23:09.271+0200][1538.978s][info ][safepoint    ] Leaving safepoint region
[2025-06-06T10:23:09.271+0200][1538.978s][info ][safepoint    ] Total time for which application threads were stopped: 0.0004789 seconds, Stopping threads took: 0.0001322 seconds
[2025-06-06T10:23:10.274+0200][1539.982s][info ][safepoint    ] Application time: 1.0032323 seconds
[2025-06-06T10:23:10.275+0200][1539.982s][info ][safepoint    ] Entering safepoint region: Cleanup
[2025-06-06T10:23:10.275+0200][1539.982s][info ][safepoint    ] Leaving safepoint region
[2025-06-06T10:23:10.275+0200][1539.982s][info ][safepoint    ] Total time for which application threads were stopped: 0.0003247 seconds, Stopping threads took: 0.0000890 seconds
[2025-06-06T10:23:11.279+0200][1540.986s][info ][safepoint    ] Application time: 1.0036802 seconds
[2025-06-06T10:23:11.279+0200][1540.986s][info ][safepoint    ] Entering safepoint region: Cleanup
[2025-06-06T10:23:11.279+0200][1540.987s][info ][safepoint    ] Leaving safepoint region
[2025-06-06T10:23:11.279+0200][1540.987s][info ][safepoint    ] Total time for which application threads were stopped: 0.0004390 seconds, Stopping threads took: 0.0001353 seconds
[2025-06-06T10:23:12.285+0200][1541.992s][info ][safepoint    ] Application time: 1.0050630 seconds
[2025-06-06T10:23:12.285+0200][1541.992s][info ][safepoint    ] Entering safepoint region: Cleanup
[2025-06-06T10:23:12.285+0200][1541.993s][info ][safepoint    ] Leaving safepoint region
[2025-06-06T10:23:12.285+0200][1541.993s][info ][safepoint    ] Total time for which application threads were stopped: 0.0003974 seconds, Stopping threads took: 0.0001139 seconds
[2025-06-06T10:23:13.287+0200][1542.995s][info ][safepoint    ] Application time: 1.0022094 seconds
[2025-06-06T10:23:13.288+0200][1542.995s][info ][safepoint    ] Entering safepoint region: Cleanup
[2025-06-06T10:23:13.288+0200][1542.996s][info ][safepoint    ] Leaving safepoint region
[2025-06-06T10:23:13.288+0200][1542.996s][info ][safepoint    ] Total time for which application threads were stopped: 0.0004986 seconds, Stopping threads took: 0.0001412 seconds
[2025-06-06T10:23:14.293+0200][1544.001s][info ][safepoint    ] Application time: 1.0050455 seconds
[2025-06-06T10:23:14.294+0200][1544.001s][info ][safepoint    ] Entering safepoint region: Cleanup
[2025-06-06T10:23:14.294+0200][1544.002s][info ][safepoint    ] Leaving safepoint region
[2025-06-06T10:23:14.294+0200][1544.002s][info ][safepoint    ] Total time for which application threads were stopped: 0.0004772 seconds, Stopping threads took: 0.0001310 seconds
[2025-06-06T10:23:15.296+0200][1545.003s][info ][safepoint    ] Application time: 1.0013439 seconds
[2025-06-06T10:23:15.296+0200][1545.003s][info ][safepoint    ] Entering safepoint region: Cleanup
[2025-06-06T10:23:15.297+0200][1545.004s][info ][safepoint    ] Leaving safepoint region
[2025-06-06T10:23:15.297+0200][1545.004s][info ][safepoint    ] Total time for which application threads were stopped: 0.0006068 seconds, Stopping threads took: 0.0001574 seconds
[2025-06-06T10:23:16.301+0200][1546.009s][info ][safepoint    ] Application time: 1.0044486 seconds
[2025-06-06T10:23:16.302+0200][1546.009s][info ][safepoint    ] Entering safepoint region: Cleanup
[2025-06-06T10:23:16.302+0200][1546.009s][info ][safepoint    ] Leaving safepoint region
[2025-06-06T10:23:16.302+0200][1546.009s][info ][safepoint    ] Total time for which application threads were stopped: 0.0003684 seconds, Stopping threads took: 0.0000840 seconds
[2025-06-06T10:23:17.304+0200][1547.012s][info ][safepoint    ] Application time: 1.0023519 seconds
[2025-06-06T10:23:17.305+0200][1547.012s][info ][safepoint    ] Entering safepoint region: Cleanup
[2025-06-06T10:23:17.305+0200][1547.012s][info ][safepoint    ] Leaving safepoint region
[2025-06-06T10:23:17.305+0200][1547.012s][info ][safepoint    ] Total time for which application threads were stopped: 0.0004140 seconds, Stopping threads took: 0.0001247 seconds
[2025-06-06T10:23:18.310+0200][1548.017s][info ][safepoint    ] Application time: 1.0050685 seconds
[2025-06-06T10:23:18.310+0200][1548.018s][info ][safepoint    ] Entering safepoint region: Cleanup
[2025-06-06T10:23:18.311+0200][1548.018s][info ][safepoint    ] Leaving safepoint region
[2025-06-06T10:23:18.311+0200][1548.018s][info ][safepoint    ] Total time for which application threads were stopped: 0.0004550 seconds, Stopping threads took: 0.0001090 seconds
[2025-06-06T10:23:19.311+0200][1549.019s][info ][safepoint    ] Application time: 1.0004411 seconds
[2025-06-06T10:23:19.312+0200][1549.019s][info ][safepoint    ] Entering safepoint region: Cleanup
[2025-06-06T10:23:19.312+0200][1549.020s][info ][safepoint    ] Leaving safepoint region
[2025-06-06T10:23:19.312+0200][1549.020s][info ][safepoint    ] Total time for which application threads were stopped: 0.0011159 seconds, Stopping threads took: 0.0005455 seconds
[2025-06-06T10:23:20.317+0200][1550.024s][info ][safepoint    ] Application time: 1.0043005 seconds
[2025-06-06T10:23:20.317+0200][1550.024s][info ][safepoint    ] Entering safepoint region: Cleanup
[2025-06-06T10:23:20.317+0200][1550.025s][info ][safepoint    ] Leaving safepoint region
[2025-06-06T10:23:20.317+0200][1550.025s][info ][safepoint    ] Total time for which application threads were stopped: 0.0004051 seconds, Stopping threads took: 0.0001100 seconds
[2025-06-06T10:23:21.322+0200][1551.030s][info ][safepoint    ] Application time: 1.0049179 seconds
[2025-06-06T10:23:21.323+0200][1551.030s][info ][safepoint    ] Entering safepoint region: Cleanup
[2025-06-06T10:23:21.323+0200][1551.030s][info ][safepoint    ] Leaving safepoint region
[2025-06-06T10:23:21.323+0200][1551.030s][info ][safepoint    ] Total time for which application threads were stopped: 0.0004507 seconds, Stopping threads took: 0.0001194 seconds
[2025-06-06T10:23:22.324+0200][1552.031s][info ][safepoint    ] Application time: 1.0007661 seconds
[2025-06-06T10:23:22.324+0200][1552.031s][info ][safepoint    ] Entering safepoint region: Cleanup
[2025-06-06T10:23:22.324+0200][1552.031s][info ][safepoint    ] Leaving safepoint region
[2025-06-06T10:23:22.324+0200][1552.031s][info ][safepoint    ] Total time for which application threads were stopped: 0.0001596 seconds, Stopping threads took: 0.0000432 seconds
[2025-06-06T10:23:23.329+0200][1553.036s][info ][safepoint    ] Application time: 1.0044723 seconds
[2025-06-06T10:23:23.329+0200][1553.036s][info ][safepoint    ] Entering safepoint region: Cleanup
[2025-06-06T10:23:23.329+0200][1553.036s][info ][safepoint    ] Leaving safepoint region
[2025-06-06T10:23:23.329+0200][1553.036s][info ][safepoint    ] Total time for which application threads were stopped: 0.0003153 seconds, Stopping threads took: 0.0000738 seconds
[2025-06-06T10:23:24.333+0200][1554.041s][info ][safepoint    ] Application time: 1.0042465 seconds
[2025-06-06T10:23:24.334+0200][1554.041s][info ][safepoint    ] Entering safepoint region: Cleanup
[2025-06-06T10:23:24.334+0200][1554.042s][info ][safepoint    ] Leaving safepoint region
[2025-06-06T10:23:24.334+0200][1554.042s][info ][safepoint    ] Total time for which application threads were stopped: 0.0004856 seconds, Stopping threads took: 0.0001232 seconds
[2025-06-06T10:23:25.337+0200][1555.044s][info ][safepoint    ] Application time: 1.0022818 seconds
[2025-06-06T10:23:25.337+0200][1555.044s][info ][safepoint    ] Entering safepoint region: Cleanup
[2025-06-06T10:23:25.337+0200][1555.045s][info ][safepoint    ] Leaving safepoint region
[2025-06-06T10:23:25.337+0200][1555.045s][info ][safepoint    ] Total time for which application threads were stopped: 0.0004545 seconds, Stopping threads took: 0.0001070 seconds
[2025-06-06T10:23:26.342+0200][1556.050s][info ][safepoint    ] Application time: 1.0050251 seconds
[2025-06-06T10:23:26.343+0200][1556.050s][info ][safepoint    ] Entering safepoint region: Cleanup
[2025-06-06T10:23:26.343+0200][1556.050s][info ][safepoint    ] Leaving safepoint region
[2025-06-06T10:23:26.343+0200][1556.050s][info ][safepoint    ] Total time for which application threads were stopped: 0.0003554 seconds, Stopping threads took: 0.0000883 seconds
[2025-06-06T10:23:27.343+0200][1557.051s][info ][safepoint    ] Application time: 1.0005143 seconds
[2025-06-06T10:23:27.343+0200][1557.051s][info ][safepoint    ] Entering safepoint region: Cleanup
[2025-06-06T10:23:27.344+0200][1557.051s][info ][safepoint    ] Leaving safepoint region
[2025-06-06T10:23:27.344+0200][1557.051s][info ][safepoint    ] Total time for which application threads were stopped: 0.0002791 seconds, Stopping threads took: 0.0000732 seconds
[2025-06-06T10:23:28.349+0200][1558.056s][info ][safepoint    ] Application time: 1.0050439 seconds
[2025-06-06T10:23:28.349+0200][1558.056s][info ][safepoint    ] Entering safepoint region: Cleanup
[2025-06-06T10:23:28.349+0200][1558.056s][info ][safepoint    ] Leaving safepoint region
[2025-06-06T10:23:28.349+0200][1558.057s][info ][safepoint    ] Total time for which application threads were stopped: 0.0002717 seconds, Stopping threads took: 0.0000610 seconds
[2025-06-06T10:23:29.354+0200][1559.062s][info ][safepoint    ] Application time: 1.0051223 seconds
[2025-06-06T10:23:29.372+0200][1559.079s][info ][safepoint    ] Entering safepoint region: Cleanup
[2025-06-06T10:23:29.372+0200][1559.080s][info ][safepoint    ] Leaving safepoint region
[2025-06-06T10:23:29.372+0200][1559.080s][info ][safepoint    ] Total time for which application threads were stopped: 0.0177710 seconds, Stopping threads took: 0.0170968 seconds
[2025-06-06T10:23:30.373+0200][1560.080s][info ][safepoint    ] Application time: 1.0004259 seconds
[2025-06-06T10:23:30.374+0200][1560.081s][info ][safepoint    ] Entering safepoint region: Cleanup
[2025-06-06T10:23:30.374+0200][1560.081s][info ][safepoint    ] Leaving safepoint region
[2025-06-06T10:23:30.374+0200][1560.081s][info ][safepoint    ] Total time for which application threads were stopped: 0.0002495 seconds, Stopping threads took: 0.0000711 seconds
[2025-06-06T10:23:31.376+0200][1561.083s][info ][safepoint    ] Application time: 1.0018198 seconds
[2025-06-06T10:23:31.376+0200][1561.083s][info ][safepoint    ] Entering safepoint region: Cleanup
[2025-06-06T10:23:31.376+0200][1561.084s][info ][safepoint    ] Leaving safepoint region
[2025-06-06T10:23:31.376+0200][1561.084s][info ][safepoint    ] Total time for which application threads were stopped: 0.0003484 seconds, Stopping threads took: 0.0000756 seconds
[2025-06-06T10:23:32.381+0200][1562.089s][info ][safepoint    ] Application time: 1.0050503 seconds
[2025-06-06T10:23:32.382+0200][1562.089s][info ][safepoint    ] Entering safepoint region: Cleanup
[2025-06-06T10:23:32.382+0200][1562.089s][info ][safepoint    ] Leaving safepoint region
[2025-06-06T10:23:32.382+0200][1562.089s][info ][safepoint    ] Total time for which application threads were stopped: 0.0004733 seconds, Stopping threads took: 0.0001001 seconds
[2025-06-06T10:23:33.387+0200][1563.095s][info ][safepoint    ] Application time: 1.0050654 seconds
[2025-06-06T10:23:33.388+0200][1563.095s][info ][safepoint    ] Entering safepoint region: Cleanup
[2025-06-06T10:23:33.388+0200][1563.095s][info ][safepoint    ] Leaving safepoint region
[2025-06-06T10:23:33.388+0200][1563.095s][info ][safepoint    ] Total time for which application threads were stopped: 0.0004093 seconds, Stopping threads took: 0.0001138 seconds
[2025-06-06T10:23:34.393+0200][1564.100s][info ][safepoint    ] Application time: 1.0050632 seconds
[2025-06-06T10:23:34.393+0200][1564.101s][info ][safepoint    ] Entering safepoint region: Cleanup
[2025-06-06T10:23:34.394+0200][1564.101s][info ][safepoint    ] Leaving safepoint region
[2025-06-06T10:23:34.394+0200][1564.101s][info ][safepoint    ] Total time for which application threads were stopped: 0.0004235 seconds, Stopping threads took: 0.0000960 seconds
[2025-06-06T10:23:35.399+0200][1565.106s][info ][safepoint    ] Application time: 1.0050530 seconds
[2025-06-06T10:23:35.399+0200][1565.106s][info ][safepoint    ] Entering safepoint region: Cleanup
[2025-06-06T10:23:35.399+0200][1565.107s][info ][safepoint    ] Leaving safepoint region
[2025-06-06T10:23:35.400+0200][1565.107s][info ][safepoint    ] Total time for which application threads were stopped: 0.0005439 seconds, Stopping threads took: 0.0001447 seconds
[2025-06-06T10:23:36.405+0200][1566.112s][info ][safepoint    ] Application time: 1.0051209 seconds
[2025-06-06T10:23:36.407+0200][1566.114s][info ][safepoint    ] Entering safepoint region: Cleanup
[2025-06-06T10:23:36.408+0200][1566.115s][info ][safepoint    ] Leaving safepoint region
[2025-06-06T10:23:36.408+0200][1566.115s][info ][safepoint    ] Total time for which application threads were stopped: 0.0020354 seconds, Stopping threads took: 0.0015508 seconds
[2025-06-06T10:23:37.412+0200][1567.119s][info ][safepoint    ] Application time: 1.0041848 seconds
[2025-06-06T10:23:37.412+0200][1567.119s][info ][safepoint    ] Entering safepoint region: Cleanup
[2025-06-06T10:23:37.412+0200][1567.120s][info ][safepoint    ] Leaving safepoint region
[2025-06-06T10:23:37.412+0200][1567.120s][info ][safepoint    ] Total time for which application threads were stopped: 0.0003231 seconds, Stopping threads took: 0.0000808 seconds
[2025-06-06T10:23:38.417+0200][1568.124s][info ][safepoint    ] Application time: 1.0042947 seconds
[2025-06-06T10:23:38.417+0200][1568.124s][info ][safepoint    ] Entering safepoint region: Cleanup
[2025-06-06T10:23:38.417+0200][1568.124s][info ][safepoint    ] Leaving safepoint region
[2025-06-06T10:23:38.417+0200][1568.125s][info ][safepoint    ] Total time for which application threads were stopped: 0.0004141 seconds, Stopping threads took: 0.0001001 seconds
[2025-06-06T10:23:39.421+0200][1569.128s][info ][safepoint    ] Application time: 1.0034530 seconds
[2025-06-06T10:23:39.421+0200][1569.128s][info ][safepoint    ] Entering safepoint region: Cleanup
[2025-06-06T10:23:39.421+0200][1569.129s][info ][safepoint    ] Leaving safepoint region
[2025-06-06T10:23:39.421+0200][1569.129s][info ][safepoint    ] Total time for which application threads were stopped: 0.0005026 seconds, Stopping threads took: 0.0001760 seconds
[2025-06-06T10:23:40.424+0200][1570.131s][info ][safepoint    ] Application time: 1.0024085 seconds
[2025-06-06T10:23:40.424+0200][1570.132s][info ][safepoint    ] Entering safepoint region: Cleanup
[2025-06-06T10:23:40.425+0200][1570.132s][info ][safepoint    ] Leaving safepoint region
[2025-06-06T10:23:40.425+0200][1570.132s][info ][safepoint    ] Total time for which application threads were stopped: 0.0004858 seconds, Stopping threads took: 0.0001168 seconds
[2025-06-06T10:23:41.429+0200][1571.136s][info ][safepoint    ] Application time: 1.0038065 seconds
[2025-06-06T10:23:41.429+0200][1571.136s][info ][safepoint    ] Entering safepoint region: Cleanup
[2025-06-06T10:23:41.429+0200][1571.136s][info ][safepoint    ] Leaving safepoint region
[2025-06-06T10:23:41.429+0200][1571.136s][info ][safepoint    ] Total time for which application threads were stopped: 0.0004013 seconds, Stopping threads took: 0.0001083 seconds
[2025-06-06T10:23:42.434+0200][1572.142s][info ][safepoint    ] Application time: 1.0050615 seconds
[2025-06-06T10:23:42.435+0200][1572.142s][info ][safepoint    ] Entering safepoint region: Cleanup
[2025-06-06T10:23:42.435+0200][1572.142s][info ][safepoint    ] Leaving safepoint region
[2025-06-06T10:23:42.435+0200][1572.142s][info ][safepoint    ] Total time for which application threads were stopped: 0.0005034 seconds, Stopping threads took: 0.0001395 seconds
[2025-06-06T10:23:43.437+0200][1573.145s][info ][safepoint    ] Application time: 1.0022500 seconds
[2025-06-06T10:23:43.438+0200][1573.145s][info ][safepoint    ] Entering safepoint region: Cleanup
[2025-06-06T10:23:43.439+0200][1573.146s][info ][safepoint    ] Leaving safepoint region
[2025-06-06T10:23:43.439+0200][1573.146s][info ][safepoint    ] Total time for which application threads were stopped: 0.0011942 seconds, Stopping threads took: 0.0003903 seconds
[2025-06-06T10:23:44.442+0200][1574.149s][info ][safepoint    ] Application time: 1.0028050 seconds
[2025-06-06T10:23:44.442+0200][1574.149s][info ][safepoint    ] Entering safepoint region: Cleanup
[2025-06-06T10:23:44.442+0200][1574.150s][info ][safepoint    ] Leaving safepoint region
[2025-06-06T10:23:44.442+0200][1574.150s][info ][safepoint    ] Total time for which application threads were stopped: 0.0004947 seconds, Stopping threads took: 0.0001157 seconds
[2025-06-06T10:23:45.446+0200][1575.153s][info ][safepoint    ] Application time: 1.0033078 seconds
[2025-06-06T10:23:45.446+0200][1575.153s][info ][safepoint    ] Entering safepoint region: Cleanup
[2025-06-06T10:23:45.446+0200][1575.154s][info ][safepoint    ] Leaving safepoint region
[2025-06-06T10:23:45.446+0200][1575.154s][info ][safepoint    ] Total time for which application threads were stopped: 0.0004362 seconds, Stopping threads took: 0.0001072 seconds
[2025-06-06T10:23:46.448+0200][1576.155s][info ][safepoint    ] Application time: 1.0016972 seconds
[2025-06-06T10:23:46.448+0200][1576.156s][info ][safepoint    ] Entering safepoint region: Cleanup
[2025-06-06T10:23:46.449+0200][1576.156s][info ][safepoint    ] Leaving safepoint region
[2025-06-06T10:23:46.449+0200][1576.156s][info ][safepoint    ] Total time for which application threads were stopped: 0.0004296 seconds, Stopping threads took: 0.0000985 seconds
[2025-06-06T10:23:47.453+0200][1577.160s][info ][safepoint    ] Application time: 1.0041667 seconds
[2025-06-06T10:23:47.453+0200][1577.160s][info ][safepoint    ] Entering safepoint region: Cleanup
[2025-06-06T10:23:47.454+0200][1577.161s][info ][safepoint    ] Leaving safepoint region
[2025-06-06T10:23:47.454+0200][1577.161s][info ][safepoint    ] Total time for which application threads were stopped: 0.0004305 seconds, Stopping threads took: 0.0001168 seconds
[2025-06-06T10:23:48.457+0200][1578.165s][info ][safepoint    ] Application time: 1.0038301 seconds
[2025-06-06T10:23:48.458+0200][1578.165s][info ][safepoint    ] Entering safepoint region: Cleanup
[2025-06-06T10:23:48.458+0200][1578.166s][info ][safepoint    ] Leaving safepoint region
[2025-06-06T10:23:48.458+0200][1578.166s][info ][safepoint    ] Total time for which application threads were stopped: 0.0004535 seconds, Stopping threads took: 0.0001205 seconds
[2025-06-06T10:23:49.463+0200][1579.171s][info ][safepoint    ] Application time: 1.0050503 seconds
[2025-06-06T10:23:49.464+0200][1579.171s][info ][safepoint    ] Entering safepoint region: Cleanup
[2025-06-06T10:23:49.464+0200][1579.171s][info ][safepoint    ] Leaving safepoint region
[2025-06-06T10:23:49.464+0200][1579.171s][info ][safepoint    ] Total time for which application threads were stopped: 0.0003164 seconds, Stopping threads took: 0.0000728 seconds
[2025-06-06T10:23:50.469+0200][1580.176s][info ][safepoint    ] Application time: 1.0050596 seconds
[2025-06-06T10:23:50.469+0200][1580.176s][info ][safepoint    ] Entering safepoint region: Cleanup
[2025-06-06T10:23:50.470+0200][1580.177s][info ][safepoint    ] Leaving safepoint region
[2025-06-06T10:23:50.470+0200][1580.177s][info ][safepoint    ] Total time for which application threads were stopped: 0.0004835 seconds, Stopping threads took: 0.0001095 seconds
[2025-06-06T10:23:51.471+0200][1581.178s][info ][safepoint    ] Application time: 1.0009818 seconds
[2025-06-06T10:23:51.471+0200][1581.178s][info ][safepoint    ] Entering safepoint region: Cleanup
[2025-06-06T10:23:51.471+0200][1581.178s][info ][safepoint    ] Leaving safepoint region
[2025-06-06T10:23:51.471+0200][1581.179s][info ][safepoint    ] Total time for which application threads were stopped: 0.0004732 seconds, Stopping threads took: 0.0000988 seconds
[2025-06-06T10:23:52.474+0200][1582.181s][info ][safepoint    ] Application time: 1.0028170 seconds
[2025-06-06T10:23:52.474+0200][1582.182s][info ][safepoint    ] Entering safepoint region: Cleanup
[2025-06-06T10:23:52.475+0200][1582.182s][info ][safepoint    ] Leaving safepoint region
[2025-06-06T10:23:52.475+0200][1582.182s][info ][safepoint    ] Total time for which application threads were stopped: 0.0004532 seconds, Stopping threads took: 0.0001052 seconds
[2025-06-06T10:23:53.480+0200][1583.187s][info ][safepoint    ] Application time: 1.0051224 seconds
[2025-06-06T10:23:53.480+0200][1583.187s][info ][safepoint    ] Entering safepoint region: Cleanup
[2025-06-06T10:23:53.481+0200][1583.188s][info ][safepoint    ] Leaving safepoint region
[2025-06-06T10:23:53.481+0200][1583.188s][info ][safepoint    ] Total time for which application threads were stopped: 0.0004181 seconds, Stopping threads took: 0.0001132 seconds
[2025-06-06T10:23:54.486+0200][1584.193s][info ][safepoint    ] Application time: 1.0050845 seconds
[2025-06-06T10:23:54.486+0200][1584.194s][info ][safepoint    ] Entering safepoint region: Cleanup
[2025-06-06T10:23:54.487+0200][1584.194s][info ][safepoint    ] Leaving safepoint region
[2025-06-06T10:23:54.487+0200][1584.194s][info ][safepoint    ] Total time for which application threads were stopped: 0.0007679 seconds, Stopping threads took: 0.0002966 seconds
[2025-06-06T10:23:55.487+0200][1585.194s][info ][safepoint    ] Application time: 1.0001665 seconds
[2025-06-06T10:23:55.487+0200][1585.195s][info ][safepoint    ] Entering safepoint region: Cleanup
[2025-06-06T10:23:55.488+0200][1585.195s][info ][safepoint    ] Leaving safepoint region
[2025-06-06T10:23:55.488+0200][1585.195s][info ][safepoint    ] Total time for which application threads were stopped: 0.0004061 seconds, Stopping threads took: 0.0001799 seconds
[2025-06-06T10:23:56.493+0200][1586.200s][info ][safepoint    ] Application time: 1.0053260 seconds
[2025-06-06T10:23:56.493+0200][1586.201s][info ][safepoint    ] Entering safepoint region: Cleanup
[2025-06-06T10:23:56.494+0200][1586.201s][info ][safepoint    ] Leaving safepoint region
[2025-06-06T10:23:56.494+0200][1586.201s][info ][safepoint    ] Total time for which application threads were stopped: 0.0004085 seconds, Stopping threads took: 0.0000969 seconds
[2025-06-06T10:23:57.499+0200][1587.206s][info ][safepoint    ] Application time: 1.0050440 seconds
[2025-06-06T10:23:57.499+0200][1587.206s][info ][safepoint    ] Entering safepoint region: Cleanup
[2025-06-06T10:23:57.499+0200][1587.207s][info ][safepoint    ] Leaving safepoint region
[2025-06-06T10:23:57.499+0200][1587.207s][info ][safepoint    ] Total time for which application threads were stopped: 0.0004763 seconds, Stopping threads took: 0.0001043 seconds
[2025-06-06T10:23:58.504+0200][1588.211s][info ][safepoint    ] Application time: 1.0045575 seconds
[2025-06-06T10:23:58.504+0200][1588.212s][info ][safepoint    ] Entering safepoint region: Cleanup
[2025-06-06T10:23:58.505+0200][1588.212s][info ][safepoint    ] Leaving safepoint region
[2025-06-06T10:23:58.505+0200][1588.212s][info ][safepoint    ] Total time for which application threads were stopped: 0.0004738 seconds, Stopping threads took: 0.0001716 seconds
[2025-06-06T10:23:59.508+0200][1589.215s][info ][safepoint    ] Application time: 1.0029118 seconds
[2025-06-06T10:23:59.508+0200][1589.215s][info ][safepoint    ] Entering safepoint region: Cleanup
[2025-06-06T10:23:59.508+0200][1589.215s][info ][safepoint    ] Leaving safepoint region
[2025-06-06T10:23:59.508+0200][1589.215s][info ][safepoint    ] Total time for which application threads were stopped: 0.0004172 seconds, Stopping threads took: 0.0000915 seconds
[2025-06-06T10:24:00.513+0200][1590.221s][info ][safepoint    ] Application time: 1.0050848 seconds
[2025-06-06T10:24:00.514+0200][1590.221s][info ][safepoint    ] Entering safepoint region: Cleanup
[2025-06-06T10:24:00.514+0200][1590.221s][info ][safepoint    ] Leaving safepoint region
[2025-06-06T10:24:00.514+0200][1590.221s][info ][safepoint    ] Total time for which application threads were stopped: 0.0004183 seconds, Stopping threads took: 0.0001267 seconds
[2025-06-06T10:24:01.519+0200][1591.226s][info ][safepoint    ] Application time: 1.0050486 seconds
[2025-06-06T10:24:01.519+0200][1591.227s][info ][safepoint    ] Entering safepoint region: Cleanup
[2025-06-06T10:24:01.520+0200][1591.227s][info ][safepoint    ] Leaving safepoint region
[2025-06-06T10:24:01.520+0200][1591.227s][info ][safepoint    ] Total time for which application threads were stopped: 0.0004564 seconds, Stopping threads took: 0.0001053 seconds
[2025-06-06T10:24:02.522+0200][1592.230s][info ][safepoint    ] Application time: 1.0024005 seconds
[2025-06-06T10:24:02.522+0200][1592.230s][info ][safepoint    ] Entering safepoint region: Cleanup
[2025-06-06T10:24:02.523+0200][1592.230s][info ][safepoint    ] Leaving safepoint region
[2025-06-06T10:24:02.523+0200][1592.230s][info ][safepoint    ] Total time for which application threads were stopped: 0.0003016 seconds, Stopping threads took: 0.0000621 seconds
[2025-06-06T10:24:03.528+0200][1593.235s][info ][safepoint    ] Application time: 1.0050745 seconds
[2025-06-06T10:24:03.528+0200][1593.235s][info ][safepoint    ] Entering safepoint region: Cleanup
[2025-06-06T10:24:03.528+0200][1593.236s][info ][safepoint    ] Leaving safepoint region
[2025-06-06T10:24:03.528+0200][1593.236s][info ][safepoint    ] Total time for which application threads were stopped: 0.0004706 seconds, Stopping threads took: 0.0001049 seconds
[2025-06-06T10:24:04.534+0200][1594.241s][info ][safepoint    ] Application time: 1.0050872 seconds
[2025-06-06T10:24:04.534+0200][1594.241s][info ][safepoint    ] Entering safepoint region: Cleanup
[2025-06-06T10:24:04.535+0200][1594.242s][info ][safepoint    ] Leaving safepoint region
[2025-06-06T10:24:04.535+0200][1594.242s][info ][safepoint    ] Total time for which application threads were stopped: 0.0007633 seconds, Stopping threads took: 0.0002565 seconds
[2025-06-06T10:24:05.538+0200][1595.245s][info ][safepoint    ] Application time: 1.0032911 seconds
[2025-06-06T10:24:05.538+0200][1595.245s][info ][safepoint    ] Entering safepoint region: Cleanup
[2025-06-06T10:24:05.539+0200][1595.246s][info ][safepoint    ] Leaving safepoint region
[2025-06-06T10:24:05.539+0200][1595.246s][info ][safepoint    ] Total time for which application threads were stopped: 0.0005311 seconds, Stopping threads took: 0.0001049 seconds
[2025-06-06T10:24:06.544+0200][1596.251s][info ][safepoint    ] Application time: 1.0050561 seconds
[2025-06-06T10:24:06.544+0200][1596.252s][info ][safepoint    ] Entering safepoint region: Cleanup
[2025-06-06T10:24:06.545+0200][1596.252s][info ][safepoint    ] Leaving safepoint region
[2025-06-06T10:24:06.545+0200][1596.252s][info ][safepoint    ] Total time for which application threads were stopped: 0.0003570 seconds, Stopping threads took: 0.0000984 seconds
[2025-06-06T10:24:07.550+0200][1597.257s][info ][safepoint    ] Application time: 1.0050478 seconds
[2025-06-06T10:24:07.550+0200][1597.257s][info ][safepoint    ] Entering safepoint region: Cleanup
[2025-06-06T10:24:07.550+0200][1597.257s][info ][safepoint    ] Leaving safepoint region
[2025-06-06T10:24:07.550+0200][1597.257s][info ][safepoint    ] Total time for which application threads were stopped: 0.0003501 seconds, Stopping threads took: 0.0000608 seconds
[2025-06-06T10:24:08.554+0200][1598.261s][info ][safepoint    ] Application time: 1.0037524 seconds
[2025-06-06T10:24:08.554+0200][1598.261s][info ][safepoint    ] Entering safepoint region: Cleanup
[2025-06-06T10:24:08.555+0200][1598.262s][info ][safepoint    ] Leaving safepoint region
[2025-06-06T10:24:08.555+0200][1598.262s][info ][safepoint    ] Total time for which application threads were stopped: 0.0003801 seconds, Stopping threads took: 0.0001147 seconds
[2025-06-06T10:24:09.558+0200][1599.266s][info ][safepoint    ] Application time: 1.0036722 seconds
[2025-06-06T10:24:09.559+0200][1599.266s][info ][safepoint    ] Entering safepoint region: Cleanup
[2025-06-06T10:24:09.559+0200][1599.266s][info ][safepoint    ] Leaving safepoint region
[2025-06-06T10:24:09.559+0200][1599.266s][info ][safepoint    ] Total time for which application threads were stopped: 0.0005815 seconds, Stopping threads took: 0.0001894 seconds
[2025-06-06T10:24:10.563+0200][1600.271s][info ][safepoint    ] Application time: 1.0040761 seconds
[2025-06-06T10:24:10.564+0200][1600.271s][info ][safepoint    ] Entering safepoint region: Cleanup
[2025-06-06T10:24:10.564+0200][1600.271s][info ][safepoint    ] Leaving safepoint region
[2025-06-06T10:24:10.564+0200][1600.271s][info ][safepoint    ] Total time for which application threads were stopped: 0.0004083 seconds, Stopping threads took: 0.0001047 seconds
[2025-06-06T10:24:11.565+0200][1601.272s][info ][safepoint    ] Application time: 1.0011189 seconds
[2025-06-06T10:24:11.565+0200][1601.272s][info ][safepoint    ] Entering safepoint region: Cleanup
[2025-06-06T10:24:11.565+0200][1601.273s][info ][safepoint    ] Leaving safepoint region
[2025-06-06T10:24:11.566+0200][1601.273s][info ][safepoint    ] Total time for which application threads were stopped: 0.0003583 seconds, Stopping threads took: 0.0000792 seconds
[2025-06-06T10:24:12.571+0200][1602.278s][info ][safepoint    ] Application time: 1.0049673 seconds
[2025-06-06T10:24:12.572+0200][1602.279s][info ][safepoint    ] Entering safepoint region: Cleanup
[2025-06-06T10:24:12.572+0200][1602.279s][info ][safepoint    ] Leaving safepoint region
[2025-06-06T10:24:12.572+0200][1602.279s][info ][safepoint    ] Total time for which application threads were stopped: 0.0003994 seconds, Stopping threads took: 0.0001192 seconds
[2025-06-06T10:24:13.576+0200][1603.283s][info ][safepoint    ] Application time: 1.0039366 seconds
[2025-06-06T10:24:13.576+0200][1603.283s][info ][safepoint    ] Entering safepoint region: Cleanup
[2025-06-06T10:24:13.577+0200][1603.284s][info ][safepoint    ] Leaving safepoint region
[2025-06-06T10:24:13.577+0200][1603.284s][info ][safepoint    ] Total time for which application threads were stopped: 0.0004399 seconds, Stopping threads took: 0.0001037 seconds
[2025-06-06T10:24:14.582+0200][1604.289s][info ][safepoint    ] Application time: 1.0050794 seconds
[2025-06-06T10:24:14.582+0200][1604.289s][info ][safepoint    ] Entering safepoint region: Cleanup
[2025-06-06T10:24:14.582+0200][1604.290s][info ][safepoint    ] Leaving safepoint region
[2025-06-06T10:24:14.582+0200][1604.290s][info ][safepoint    ] Total time for which application threads were stopped: 0.0004981 seconds, Stopping threads took: 0.0001185 seconds
[2025-06-06T10:24:15.588+0200][1605.295s][info ][safepoint    ] Application time: 1.0052267 seconds
[2025-06-06T10:24:15.588+0200][1605.295s][info ][safepoint    ] Entering safepoint region: Cleanup
[2025-06-06T10:24:15.589+0200][1605.296s][info ][safepoint    ] Leaving safepoint region
[2025-06-06T10:24:15.589+0200][1605.296s][info ][safepoint    ] Total time for which application threads were stopped: 0.0007735 seconds, Stopping threads took: 0.0003563 seconds
[2025-06-06T10:24:16.594+0200][1606.301s][info ][safepoint    ] Application time: 1.0050735 seconds
[2025-06-06T10:24:16.594+0200][1606.301s][info ][safepoint    ] Entering safepoint region: Cleanup
[2025-06-06T10:24:16.594+0200][1606.302s][info ][safepoint    ] Leaving safepoint region
[2025-06-06T10:24:16.595+0200][1606.302s][info ][safepoint    ] Total time for which application threads were stopped: 0.0005263 seconds, Stopping threads took: 0.0001428 seconds
[2025-06-06T10:24:17.595+0200][1607.302s][info ][safepoint    ] Application time: 1.0005912 seconds
[2025-06-06T10:24:17.597+0200][1607.304s][info ][safepoint    ] Entering safepoint region: Cleanup
[2025-06-06T10:24:17.597+0200][1607.304s][info ][safepoint    ] Leaving safepoint region
[2025-06-06T10:24:17.597+0200][1607.304s][info ][safepoint    ] Total time for which application threads were stopped: 0.0004063 seconds, Stopping threads took: 0.0001807 seconds
[2025-06-06T10:24:18.600+0200][1608.308s][info ][safepoint    ] Application time: 1.0032416 seconds
[2025-06-06T10:24:18.601+0200][1608.308s][info ][safepoint    ] Entering safepoint region: Cleanup
[2025-06-06T10:24:18.602+0200][1608.309s][info ][safepoint    ] Leaving safepoint region
[2025-06-06T10:24:18.602+0200][1608.309s][info ][safepoint    ] Total time for which application threads were stopped: 0.0013758 seconds, Stopping threads took: 0.0005613 seconds
[2025-06-06T10:24:19.605+0200][1609.313s][info ][safepoint    ] Application time: 1.0033550 seconds
[2025-06-06T10:24:19.606+0200][1609.313s][info ][safepoint    ] Entering safepoint region: Cleanup
[2025-06-06T10:24:19.606+0200][1609.313s][info ][safepoint    ] Leaving safepoint region
[2025-06-06T10:24:19.606+0200][1609.313s][info ][safepoint    ] Total time for which application threads were stopped: 0.0002392 seconds, Stopping threads took: 0.0000745 seconds
[2025-06-06T10:24:20.611+0200][1610.318s][info ][safepoint    ] Application time: 1.0050516 seconds
[2025-06-06T10:24:20.611+0200][1610.319s][info ][safepoint    ] Entering safepoint region: Cleanup
[2025-06-06T10:24:20.612+0200][1610.319s][info ][safepoint    ] Leaving safepoint region
[2025-06-06T10:24:20.612+0200][1610.319s][info ][safepoint    ] Total time for which application threads were stopped: 0.0003898 seconds, Stopping threads took: 0.0001701 seconds
[2025-06-06T10:24:21.613+0200][1611.320s][info ][safepoint    ] Application time: 1.0011714 seconds
[2025-06-06T10:24:21.614+0200][1611.321s][info ][safepoint    ] Entering safepoint region: Cleanup
[2025-06-06T10:24:21.614+0200][1611.321s][info ][safepoint    ] Leaving safepoint region
[2025-06-06T10:24:21.614+0200][1611.321s][info ][safepoint    ] Total time for which application threads were stopped: 0.0006322 seconds, Stopping threads took: 0.0002978 seconds
[2025-06-06T10:24:22.619+0200][1612.326s][info ][safepoint    ] Application time: 1.0050811 seconds
[2025-06-06T10:24:22.619+0200][1612.327s][info ][safepoint    ] Entering safepoint region: Cleanup
[2025-06-06T10:24:22.620+0200][1612.327s][info ][safepoint    ] Leaving safepoint region
[2025-06-06T10:24:22.620+0200][1612.327s][info ][safepoint    ] Total time for which application threads were stopped: 0.0005049 seconds, Stopping threads took: 0.0001265 seconds
[2025-06-06T10:24:23.625+0200][1613.332s][info ][safepoint    ] Application time: 1.0050470 seconds
[2025-06-06T10:24:23.625+0200][1613.332s][info ][safepoint    ] Entering safepoint region: Cleanup
[2025-06-06T10:24:23.625+0200][1613.332s][info ][safepoint    ] Leaving safepoint region
[2025-06-06T10:24:23.625+0200][1613.332s][info ][safepoint    ] Total time for which application threads were stopped: 0.0002090 seconds, Stopping threads took: 0.0000467 seconds
[2025-06-06T10:24:24.628+0200][1614.335s][info ][safepoint    ] Application time: 1.0030053 seconds
[2025-06-06T10:24:24.628+0200][1614.336s][info ][safepoint    ] Entering safepoint region: Cleanup
[2025-06-06T10:24:24.629+0200][1614.336s][info ][safepoint    ] Leaving safepoint region
[2025-06-06T10:24:24.629+0200][1614.336s][info ][safepoint    ] Total time for which application threads were stopped: 0.0003380 seconds, Stopping threads took: 0.0000802 seconds
[2025-06-06T10:24:25.633+0200][1615.340s][info ][safepoint    ] Application time: 1.0037789 seconds
[2025-06-06T10:24:25.633+0200][1615.340s][info ][safepoint    ] Entering safepoint region: Cleanup
[2025-06-06T10:24:25.633+0200][1615.340s][info ][safepoint    ] Leaving safepoint region
[2025-06-06T10:24:25.633+0200][1615.340s][info ][safepoint    ] Total time for which application threads were stopped: 0.0003560 seconds, Stopping threads took: 0.0000902 seconds
[2025-06-06T10:24:26.637+0200][1616.344s][info ][safepoint    ] Application time: 1.0039941 seconds
[2025-06-06T10:24:26.637+0200][1616.345s][info ][safepoint    ] Entering safepoint region: Cleanup
[2025-06-06T10:24:26.638+0200][1616.345s][info ][safepoint    ] Leaving safepoint region
[2025-06-06T10:24:26.638+0200][1616.345s][info ][safepoint    ] Total time for which application threads were stopped: 0.0002785 seconds, Stopping threads took: 0.0000973 seconds
[2025-06-06T10:24:27.643+0200][1617.350s][info ][safepoint    ] Application time: 1.0051802 seconds
[2025-06-06T10:24:27.643+0200][1617.350s][info ][safepoint    ] Entering safepoint region: Cleanup
[2025-06-06T10:24:27.644+0200][1617.351s][info ][safepoint    ] Leaving safepoint region
[2025-06-06T10:24:27.644+0200][1617.351s][info ][safepoint    ] Total time for which application threads were stopped: 0.0006419 seconds, Stopping threads took: 0.0001166 seconds
[2025-06-06T10:24:28.645+0200][1618.352s][info ][safepoint    ] Application time: 1.0015552 seconds
[2025-06-06T10:24:28.646+0200][1618.353s][info ][safepoint    ] Entering safepoint region: Cleanup
[2025-06-06T10:24:28.646+0200][1618.353s][info ][safepoint    ] Leaving safepoint region
[2025-06-06T10:24:28.646+0200][1618.353s][info ][safepoint    ] Total time for which application threads were stopped: 0.0002681 seconds, Stopping threads took: 0.0000764 seconds
[2025-06-06T10:24:29.651+0200][1619.358s][info ][safepoint    ] Application time: 1.0050492 seconds
[2025-06-06T10:24:29.651+0200][1619.359s][info ][safepoint    ] Entering safepoint region: Cleanup
[2025-06-06T10:24:29.652+0200][1619.359s][info ][safepoint    ] Leaving safepoint region
[2025-06-06T10:24:29.652+0200][1619.359s][info ][safepoint    ] Total time for which application threads were stopped: 0.0005026 seconds, Stopping threads took: 0.0001139 seconds
[2025-06-06T10:24:30.654+0200][1620.361s][info ][safepoint    ] Application time: 1.0020517 seconds
[2025-06-06T10:24:30.655+0200][1620.362s][info ][safepoint    ] Entering safepoint region: Cleanup
[2025-06-06T10:24:30.655+0200][1620.362s][info ][safepoint    ] Leaving safepoint region
[2025-06-06T10:24:30.655+0200][1620.362s][info ][safepoint    ] Total time for which application threads were stopped: 0.0008613 seconds, Stopping threads took: 0.0003931 seconds
[2025-06-06T10:24:31.660+0200][1621.367s][info ][safepoint    ] Application time: 1.0050652 seconds
[2025-06-06T10:24:31.660+0200][1621.368s][info ][safepoint    ] Entering safepoint region: Cleanup
[2025-06-06T10:24:31.661+0200][1621.368s][info ][safepoint    ] Leaving safepoint region
[2025-06-06T10:24:31.661+0200][1621.368s][info ][safepoint    ] Total time for which application threads were stopped: 0.0004087 seconds, Stopping threads took: 0.0001057 seconds
[2025-06-06T10:24:32.662+0200][1622.369s][info ][safepoint    ] Application time: 1.0008695 seconds
[2025-06-06T10:24:32.662+0200][1622.369s][info ][safepoint    ] Entering safepoint region: Cleanup
[2025-06-06T10:24:32.662+0200][1622.369s][info ][safepoint    ] Leaving safepoint region
[2025-06-06T10:24:32.662+0200][1622.369s][info ][safepoint    ] Total time for which application threads were stopped: 0.0003924 seconds, Stopping threads took: 0.0000960 seconds
[2025-06-06T10:24:33.667+0200][1623.375s][info ][safepoint    ] Application time: 1.0051137 seconds
[2025-06-06T10:24:33.668+0200][1623.375s][info ][safepoint    ] Entering safepoint region: Cleanup
[2025-06-06T10:24:33.668+0200][1623.375s][info ][safepoint    ] Leaving safepoint region
[2025-06-06T10:24:33.668+0200][1623.375s][info ][safepoint    ] Total time for which application threads were stopped: 0.0004039 seconds, Stopping threads took: 0.0000924 seconds
[2025-06-06T10:24:34.668+0200][1624.376s][info ][safepoint    ] Application time: 1.0004239 seconds
[2025-06-06T10:24:34.669+0200][1624.376s][info ][safepoint    ] Entering safepoint region: Cleanup
[2025-06-06T10:24:34.669+0200][1624.376s][info ][safepoint    ] Leaving safepoint region
[2025-06-06T10:24:34.669+0200][1624.376s][info ][safepoint    ] Total time for which application threads were stopped: 0.0003869 seconds, Stopping threads took: 0.0001058 seconds
[2025-06-06T10:24:35.674+0200][1625.381s][info ][safepoint    ] Application time: 1.0050613 seconds
[2025-06-06T10:24:35.674+0200][1625.382s][info ][safepoint    ] Entering safepoint region: Cleanup
[2025-06-06T10:24:35.675+0200][1625.382s][info ][safepoint    ] Leaving safepoint region
[2025-06-06T10:24:35.675+0200][1625.382s][info ][safepoint    ] Total time for which application threads were stopped: 0.0004049 seconds, Stopping threads took: 0.0000949 seconds
[2025-06-06T10:24:36.678+0200][1626.385s][info ][safepoint    ] Application time: 1.0033927 seconds
[2025-06-06T10:24:36.679+0200][1626.386s][info ][safepoint    ] Entering safepoint region: Cleanup
[2025-06-06T10:24:36.679+0200][1626.386s][info ][safepoint    ] Leaving safepoint region
[2025-06-06T10:24:36.679+0200][1626.386s][info ][safepoint    ] Total time for which application threads were stopped: 0.0008446 seconds, Stopping threads took: 0.0002844 seconds
[2025-06-06T10:24:37.684+0200][1627.392s][info ][safepoint    ] Application time: 1.0050710 seconds
[2025-06-06T10:24:37.685+0200][1627.392s][info ][safepoint    ] Entering safepoint region: Cleanup
[2025-06-06T10:24:37.685+0200][1627.392s][info ][safepoint    ] Leaving safepoint region
[2025-06-06T10:24:37.685+0200][1627.392s][info ][safepoint    ] Total time for which application threads were stopped: 0.0004760 seconds, Stopping threads took: 0.0000922 seconds
[2025-06-06T10:24:38.688+0200][1628.396s][info ][safepoint    ] Application time: 1.0032943 seconds
[2025-06-06T10:24:38.689+0200][1628.396s][info ][safepoint    ] Entering safepoint region: Cleanup
[2025-06-06T10:24:38.689+0200][1628.396s][info ][safepoint    ] Leaving safepoint region
[2025-06-06T10:24:38.689+0200][1628.396s][info ][safepoint    ] Total time for which application threads were stopped: 0.0004017 seconds, Stopping threads took: 0.0001050 seconds
[2025-06-06T10:24:39.694+0200][1629.401s][info ][safepoint    ] Application time: 1.0047833 seconds
[2025-06-06T10:24:39.694+0200][1629.401s][info ][safepoint    ] Entering safepoint region: Cleanup
[2025-06-06T10:24:39.694+0200][1629.401s][info ][safepoint    ] Leaving safepoint region
[2025-06-06T10:24:39.694+0200][1629.401s][info ][safepoint    ] Total time for which application threads were stopped: 0.0001905 seconds, Stopping threads took: 0.0000471 seconds
[2025-06-06T10:24:40.699+0200][1630.406s][info ][safepoint    ] Application time: 1.0048564 seconds
[2025-06-06T10:24:40.699+0200][1630.406s][info ][safepoint    ] Entering safepoint region: Cleanup
[2025-06-06T10:24:40.700+0200][1630.407s][info ][safepoint    ] Leaving safepoint region
[2025-06-06T10:24:40.700+0200][1630.407s][info ][safepoint    ] Total time for which application threads were stopped: 0.0004021 seconds, Stopping threads took: 0.0001048 seconds
[2025-06-06T10:24:41.704+0200][1631.411s][info ][safepoint    ] Application time: 1.0039798 seconds
[2025-06-06T10:24:41.704+0200][1631.411s][info ][safepoint    ] Entering safepoint region: Cleanup
[2025-06-06T10:24:41.704+0200][1631.411s][info ][safepoint    ] Leaving safepoint region
[2025-06-06T10:24:41.704+0200][1631.411s][info ][safepoint    ] Total time for which application threads were stopped: 0.0005118 seconds, Stopping threads took: 0.0000915 seconds
[2025-06-06T10:24:42.709+0200][1632.417s][info ][safepoint    ] Application time: 1.0050484 seconds
[2025-06-06T10:24:42.710+0200][1632.417s][info ][safepoint    ] Entering safepoint region: Cleanup
[2025-06-06T10:24:42.710+0200][1632.417s][info ][safepoint    ] Leaving safepoint region
[2025-06-06T10:24:42.710+0200][1632.417s][info ][safepoint    ] Total time for which application threads were stopped: 0.0002030 seconds, Stopping threads took: 0.0000568 seconds
[2025-06-06T10:24:43.712+0200][1633.419s][info ][safepoint    ] Application time: 1.0019530 seconds
[2025-06-06T10:24:43.712+0200][1633.419s][info ][safepoint    ] Entering safepoint region: Cleanup
[2025-06-06T10:24:43.712+0200][1633.419s][info ][safepoint    ] Leaving safepoint region
[2025-06-06T10:24:43.712+0200][1633.419s][info ][safepoint    ] Total time for which application threads were stopped: 0.0004036 seconds, Stopping threads took: 0.0001056 seconds
[2025-06-06T10:24:44.717+0200][1634.424s][info ][safepoint    ] Application time: 1.0050775 seconds
[2025-06-06T10:24:44.718+0200][1634.425s][info ][safepoint    ] Entering safepoint region: Cleanup
[2025-06-06T10:24:44.718+0200][1634.425s][info ][safepoint    ] Leaving safepoint region
[2025-06-06T10:24:44.718+0200][1634.425s][info ][safepoint    ] Total time for which application threads were stopped: 0.0004037 seconds, Stopping threads took: 0.0000986 seconds
[2025-06-06T10:24:45.723+0200][1635.430s][info ][safepoint    ] Application time: 1.0050607 seconds
[2025-06-06T10:24:45.723+0200][1635.430s][info ][safepoint    ] Entering safepoint region: Cleanup
[2025-06-06T10:24:45.724+0200][1635.431s][info ][safepoint    ] Leaving safepoint region
[2025-06-06T10:24:45.724+0200][1635.431s][info ][safepoint    ] Total time for which application threads were stopped: 0.0004385 seconds, Stopping threads took: 0.0001030 seconds
[2025-06-06T10:24:46.726+0200][1636.433s][info ][safepoint    ] Application time: 1.0022232 seconds
[2025-06-06T10:24:46.726+0200][1636.433s][info ][safepoint    ] Entering safepoint region: Cleanup
[2025-06-06T10:24:46.727+0200][1636.434s][info ][safepoint    ] Leaving safepoint region
[2025-06-06T10:24:46.727+0200][1636.434s][info ][safepoint    ] Total time for which application threads were stopped: 0.0004267 seconds, Stopping threads took: 0.0001050 seconds
[2025-06-06T10:24:47.728+0200][1637.435s][info ][safepoint    ] Application time: 1.0015063 seconds
[2025-06-06T10:24:47.728+0200][1637.435s][info ][safepoint    ] Entering safepoint region: Cleanup
[2025-06-06T10:24:47.729+0200][1637.436s][info ][safepoint    ] Leaving safepoint region
[2025-06-06T10:24:47.729+0200][1637.436s][info ][safepoint    ] Total time for which application threads were stopped: 0.0004468 seconds, Stopping threads took: 0.0000748 seconds
[2025-06-06T10:24:48.733+0200][1638.440s][info ][safepoint    ] Application time: 1.0044612 seconds
[2025-06-06T10:24:48.734+0200][1638.441s][info ][safepoint    ] Entering safepoint region: Cleanup
[2025-06-06T10:24:48.734+0200][1638.441s][info ][safepoint    ] Leaving safepoint region
[2025-06-06T10:24:48.734+0200][1638.441s][info ][safepoint    ] Total time for which application threads were stopped: 0.0007948 seconds, Stopping threads took: 0.0002671 seconds
[2025-06-06T10:24:49.738+0200][1639.445s][info ][safepoint    ] Application time: 1.0038300 seconds
[2025-06-06T10:24:49.738+0200][1639.445s][info ][safepoint    ] Entering safepoint region: Cleanup
[2025-06-06T10:24:49.739+0200][1639.446s][info ][safepoint    ] Leaving safepoint region
[2025-06-06T10:24:49.739+0200][1639.446s][info ][safepoint    ] Total time for which application threads were stopped: 0.0002741 seconds, Stopping threads took: 0.0000512 seconds
[2025-06-06T10:24:50.740+0200][1640.447s][info ][safepoint    ] Application time: 1.0008724 seconds
[2025-06-06T10:24:50.740+0200][1640.447s][info ][safepoint    ] Entering safepoint region: Cleanup
[2025-06-06T10:24:50.740+0200][1640.447s][info ][safepoint    ] Leaving safepoint region
[2025-06-06T10:24:50.740+0200][1640.447s][info ][safepoint    ] Total time for which application threads were stopped: 0.0004710 seconds, Stopping threads took: 0.0000885 seconds
[2025-06-06T10:24:51.743+0200][1641.450s][info ][safepoint    ] Application time: 1.0023449 seconds
[2025-06-06T10:24:51.743+0200][1641.450s][info ][safepoint    ] Entering safepoint region: Cleanup
[2025-06-06T10:24:51.744+0200][1641.451s][info ][safepoint    ] Leaving safepoint region
[2025-06-06T10:24:51.744+0200][1641.451s][info ][safepoint    ] Total time for which application threads were stopped: 0.0008601 seconds, Stopping threads took: 0.0002822 seconds
[2025-06-06T10:24:52.749+0200][1642.456s][info ][safepoint    ] Application time: 1.0050705 seconds
[2025-06-06T10:24:52.749+0200][1642.456s][info ][safepoint    ] Entering safepoint region: Cleanup
[2025-06-06T10:24:52.749+0200][1642.456s][info ][safepoint    ] Leaving safepoint region
[2025-06-06T10:24:52.749+0200][1642.456s][info ][safepoint    ] Total time for which application threads were stopped: 0.0001994 seconds, Stopping threads took: 0.0000466 seconds
[2025-06-06T10:24:53.754+0200][1643.462s][info ][safepoint    ] Application time: 1.0050755 seconds
[2025-06-06T10:24:53.755+0200][1643.462s][info ][safepoint    ] Entering safepoint region: Cleanup
[2025-06-06T10:24:53.755+0200][1643.462s][info ][safepoint    ] Leaving safepoint region
[2025-06-06T10:24:53.755+0200][1643.462s][info ][safepoint    ] Total time for which application threads were stopped: 0.0004268 seconds, Stopping threads took: 0.0001230 seconds
[2025-06-06T10:24:54.756+0200][1644.463s][info ][safepoint    ] Application time: 1.0009496 seconds
[2025-06-06T10:24:54.756+0200][1644.464s][info ][safepoint    ] Entering safepoint region: Cleanup
[2025-06-06T10:24:54.757+0200][1644.464s][info ][safepoint    ] Leaving safepoint region
[2025-06-06T10:24:54.757+0200][1644.464s][info ][safepoint    ] Total time for which application threads were stopped: 0.0004633 seconds, Stopping threads took: 0.0001559 seconds
[2025-06-06T10:24:55.759+0200][1645.466s][info ][safepoint    ] Application time: 1.0018701 seconds
[2025-06-06T10:24:55.759+0200][1645.466s][info ][safepoint    ] Entering safepoint region: Cleanup
[2025-06-06T10:24:55.759+0200][1645.466s][info ][safepoint    ] Leaving safepoint region
[2025-06-06T10:24:55.759+0200][1645.466s][info ][safepoint    ] Total time for which application threads were stopped: 0.0004318 seconds, Stopping threads took: 0.0001137 seconds
[2025-06-06T10:24:56.764+0200][1646.471s][info ][safepoint    ] Application time: 1.0050356 seconds
[2025-06-06T10:24:56.764+0200][1646.472s][info ][safepoint    ] Entering safepoint region: Cleanup
[2025-06-06T10:24:56.765+0200][1646.472s][info ][safepoint    ] Leaving safepoint region
[2025-06-06T10:24:56.765+0200][1646.472s][info ][safepoint    ] Total time for which application threads were stopped: 0.0001597 seconds, Stopping threads took: 0.0000467 seconds
[2025-06-06T10:24:57.765+0200][1647.472s][info ][safepoint    ] Application time: 1.0005268 seconds
[2025-06-06T10:24:57.765+0200][1647.473s][info ][safepoint    ] Entering safepoint region: Cleanup
[2025-06-06T10:24:57.766+0200][1647.473s][info ][safepoint    ] Leaving safepoint region
[2025-06-06T10:24:57.766+0200][1647.473s][info ][safepoint    ] Total time for which application threads were stopped: 0.0005834 seconds, Stopping threads took: 0.0001577 seconds
[2025-06-06T10:24:58.770+0200][1648.477s][info ][safepoint    ] Application time: 1.0042556 seconds
[2025-06-06T10:24:58.771+0200][1648.478s][info ][safepoint    ] Entering safepoint region: Cleanup
[2025-06-06T10:24:58.772+0200][1648.479s][info ][safepoint    ] Leaving safepoint region
[2025-06-06T10:24:58.772+0200][1648.479s][info ][safepoint    ] Total time for which application threads were stopped: 0.0013271 seconds, Stopping threads took: 0.0002779 seconds
[2025-06-06T10:24:59.777+0200][1649.484s][info ][safepoint    ] Application time: 1.0050573 seconds
[2025-06-06T10:24:59.777+0200][1649.484s][info ][safepoint    ] Entering safepoint region: Cleanup
[2025-06-06T10:24:59.778+0200][1649.485s][info ][safepoint    ] Leaving safepoint region
[2025-06-06T10:24:59.778+0200][1649.485s][info ][safepoint    ] Total time for which application threads were stopped: 0.0002848 seconds, Stopping threads took: 0.0000785 seconds
[2025-06-06T10:25:00.782+0200][1650.489s][info ][safepoint    ] Application time: 1.0039299 seconds
[2025-06-06T10:25:00.782+0200][1650.489s][info ][safepoint    ] Entering safepoint region: Cleanup
[2025-06-06T10:25:00.782+0200][1650.489s][info ][safepoint    ] Leaving safepoint region
[2025-06-06T10:25:00.782+0200][1650.489s][info ][safepoint    ] Total time for which application threads were stopped: 0.0003845 seconds, Stopping threads took: 0.0000925 seconds
[2025-06-06T10:25:01.787+0200][1651.494s][info ][safepoint    ] Application time: 1.0047130 seconds
[2025-06-06T10:25:01.787+0200][1651.494s][info ][safepoint    ] Entering safepoint region: Cleanup
[2025-06-06T10:25:01.787+0200][1651.495s][info ][safepoint    ] Leaving safepoint region
[2025-06-06T10:25:01.788+0200][1651.495s][info ][safepoint    ] Total time for which application threads were stopped: 0.0004947 seconds, Stopping threads took: 0.0001950 seconds
[2025-06-06T10:25:02.789+0200][1652.496s][info ][safepoint    ] Application time: 1.0012752 seconds
[2025-06-06T10:25:02.789+0200][1652.496s][info ][safepoint    ] Entering safepoint region: Cleanup
[2025-06-06T10:25:02.789+0200][1652.496s][info ][safepoint    ] Leaving safepoint region
[2025-06-06T10:25:02.789+0200][1652.496s][info ][safepoint    ] Total time for which application threads were stopped: 0.0003080 seconds, Stopping threads took: 0.0000600 seconds
[2025-06-06T10:25:03.790+0200][1653.497s][info ][safepoint    ] Application time: 1.0007701 seconds
[2025-06-06T10:25:03.790+0200][1653.497s][info ][safepoint    ] Entering safepoint region: Cleanup
[2025-06-06T10:25:03.791+0200][1653.498s][info ][safepoint    ] Leaving safepoint region
[2025-06-06T10:25:03.791+0200][1653.498s][info ][safepoint    ] Total time for which application threads were stopped: 0.0004437 seconds, Stopping threads took: 0.0000945 seconds
[2025-06-06T10:25:04.796+0200][1654.503s][info ][safepoint    ] Application time: 1.0050506 seconds
[2025-06-06T10:25:04.796+0200][1654.503s][info ][safepoint    ] Entering safepoint region: Cleanup
[2025-06-06T10:25:04.796+0200][1654.503s][info ][safepoint    ] Leaving safepoint region
[2025-06-06T10:25:04.796+0200][1654.503s][info ][safepoint    ] Total time for which application threads were stopped: 0.0003907 seconds, Stopping threads took: 0.0000862 seconds
[2025-06-06T10:25:05.801+0200][1655.508s][info ][safepoint    ] Application time: 1.0050519 seconds
[2025-06-06T10:25:05.802+0200][1655.509s][info ][safepoint    ] Entering safepoint region: Cleanup
[2025-06-06T10:25:05.802+0200][1655.509s][info ][safepoint    ] Leaving safepoint region
[2025-06-06T10:25:05.802+0200][1655.509s][info ][safepoint    ] Total time for which application threads were stopped: 0.0004256 seconds, Stopping threads took: 0.0000984 seconds
[2025-06-06T10:25:06.804+0200][1656.511s][info ][safepoint    ] Application time: 1.0018298 seconds
[2025-06-06T10:25:06.804+0200][1656.511s][info ][safepoint    ] Entering safepoint region: Cleanup
[2025-06-06T10:25:06.805+0200][1656.512s][info ][safepoint    ] Leaving safepoint region
[2025-06-06T10:25:06.805+0200][1656.512s][info ][safepoint    ] Total time for which application threads were stopped: 0.0008867 seconds, Stopping threads took: 0.0001024 seconds
[2025-06-06T10:25:07.810+0200][1657.517s][info ][safepoint    ] Application time: 1.0050608 seconds
[2025-06-06T10:25:07.810+0200][1657.517s][info ][safepoint    ] Entering safepoint region: Cleanup
[2025-06-06T10:25:07.811+0200][1657.518s][info ][safepoint    ] Leaving safepoint region
[2025-06-06T10:25:07.811+0200][1657.518s][info ][safepoint    ] Total time for which application threads were stopped: 0.0004466 seconds, Stopping threads took: 0.0000950 seconds
[2025-06-06T10:25:08.815+0200][1658.522s][info ][safepoint    ] Application time: 1.0044822 seconds
[2025-06-06T10:25:08.815+0200][1658.522s][info ][safepoint    ] Entering safepoint region: Cleanup
[2025-06-06T10:25:08.816+0200][1658.523s][info ][safepoint    ] Leaving safepoint region
[2025-06-06T10:25:08.816+0200][1658.523s][info ][safepoint    ] Total time for which application threads were stopped: 0.0003907 seconds, Stopping threads took: 0.0000951 seconds
[2025-06-06T10:25:09.821+0200][1659.528s][info ][safepoint    ] Application time: 1.0051066 seconds
[2025-06-06T10:25:09.821+0200][1659.528s][info ][safepoint    ] Entering safepoint region: Cleanup
[2025-06-06T10:25:09.821+0200][1659.528s][info ][safepoint    ] Leaving safepoint region
[2025-06-06T10:25:09.821+0200][1659.528s][info ][safepoint    ] Total time for which application threads were stopped: 0.0004622 seconds, Stopping threads took: 0.0002047 seconds
[2025-06-06T10:25:10.826+0200][1660.534s][info ][safepoint    ] Application time: 1.0050524 seconds
[2025-06-06T10:25:10.827+0200][1660.534s][info ][safepoint    ] Entering safepoint region: Cleanup
[2025-06-06T10:25:10.827+0200][1660.534s][info ][safepoint    ] Leaving safepoint region
[2025-06-06T10:25:10.827+0200][1660.534s][info ][safepoint    ] Total time for which application threads were stopped: 0.0003977 seconds, Stopping threads took: 0.0000884 seconds
[2025-06-06T10:25:11.829+0200][1661.537s][info ][safepoint    ] Application time: 1.0024100 seconds
[2025-06-06T10:25:11.830+0200][1661.537s][info ][safepoint    ] Entering safepoint region: Cleanup
[2025-06-06T10:25:11.831+0200][1661.538s][info ][safepoint    ] Leaving safepoint region
[2025-06-06T10:25:11.831+0200][1661.538s][info ][safepoint    ] Total time for which application threads were stopped: 0.0011781 seconds, Stopping threads took: 0.0000984 seconds
[2025-06-06T10:25:12.836+0200][1662.543s][info ][safepoint    ] Application time: 1.0049440 seconds
[2025-06-06T10:25:12.836+0200][1662.543s][info ][safepoint    ] Entering safepoint region: Cleanup
[2025-06-06T10:25:12.837+0200][1662.544s][info ][safepoint    ] Leaving safepoint region
[2025-06-06T10:25:12.837+0200][1662.544s][info ][safepoint    ] Total time for which application threads were stopped: 0.0011795 seconds, Stopping threads took: 0.0000913 seconds
[2025-06-06T10:25:13.837+0200][1663.544s][info ][safepoint    ] Application time: 1.0002171 seconds
[2025-06-06T10:25:13.838+0200][1663.545s][info ][safepoint    ] Entering safepoint region: Cleanup
[2025-06-06T10:25:13.838+0200][1663.545s][info ][safepoint    ] Leaving safepoint region
[2025-06-06T10:25:13.838+0200][1663.545s][info ][safepoint    ] Total time for which application threads were stopped: 0.0008437 seconds, Stopping threads took: 0.0001037 seconds
[2025-06-06T10:25:14.843+0200][1664.551s][info ][safepoint    ] Application time: 1.0050503 seconds
[2025-06-06T10:25:14.844+0200][1664.551s][info ][safepoint    ] Entering safepoint region: Cleanup
[2025-06-06T10:25:14.844+0200][1664.551s][info ][safepoint    ] Leaving safepoint region
[2025-06-06T10:25:14.844+0200][1664.551s][info ][safepoint    ] Total time for which application threads were stopped: 0.0002955 seconds, Stopping threads took: 0.0000735 seconds
[2025-06-06T10:25:15.849+0200][1665.556s][info ][safepoint    ] Application time: 1.0050238 seconds
[2025-06-06T10:25:15.849+0200][1665.556s][info ][safepoint    ] Entering safepoint region: Cleanup
[2025-06-06T10:25:15.849+0200][1665.556s][info ][safepoint    ] Leaving safepoint region
[2025-06-06T10:25:15.849+0200][1665.556s][info ][safepoint    ] Total time for which application threads were stopped: 0.0002846 seconds, Stopping threads took: 0.0000670 seconds
[2025-06-06T10:25:16.853+0200][1666.560s][info ][safepoint    ] Application time: 1.0031177 seconds
[2025-06-06T10:25:16.853+0200][1666.560s][info ][safepoint    ] Entering safepoint region: Cleanup
[2025-06-06T10:25:16.853+0200][1666.560s][info ][safepoint    ] Leaving safepoint region
[2025-06-06T10:25:16.853+0200][1666.560s][info ][safepoint    ] Total time for which application threads were stopped: 0.0004598 seconds, Stopping threads took: 0.0001683 seconds
[2025-06-06T10:25:17.858+0200][1667.565s][info ][safepoint    ] Application time: 1.0050460 seconds
[2025-06-06T10:25:17.858+0200][1667.565s][info ][safepoint    ] Entering safepoint region: Cleanup
[2025-06-06T10:25:17.859+0200][1667.566s][info ][safepoint    ] Leaving safepoint region
[2025-06-06T10:25:17.859+0200][1667.566s][info ][safepoint    ] Total time for which application threads were stopped: 0.0003058 seconds, Stopping threads took: 0.0000742 seconds
[2025-06-06T10:25:18.860+0200][1668.567s][info ][safepoint    ] Application time: 1.0017262 seconds
[2025-06-06T10:25:18.861+0200][1668.568s][info ][safepoint    ] Entering safepoint region: Cleanup
[2025-06-06T10:25:18.861+0200][1668.568s][info ][safepoint    ] Leaving safepoint region
[2025-06-06T10:25:18.861+0200][1668.568s][info ][safepoint    ] Total time for which application threads were stopped: 0.0004534 seconds, Stopping threads took: 0.0001105 seconds
[2025-06-06T10:25:19.866+0200][1669.573s][info ][safepoint    ] Application time: 1.0050634 seconds
[2025-06-06T10:25:19.866+0200][1669.573s][info ][safepoint    ] Entering safepoint region: Cleanup
[2025-06-06T10:25:19.867+0200][1669.574s][info ][safepoint    ] Leaving safepoint region
[2025-06-06T10:25:19.867+0200][1669.574s][info ][safepoint    ] Total time for which application threads were stopped: 0.0004535 seconds, Stopping threads took: 0.0001133 seconds
[2025-06-06T10:25:20.870+0200][1670.577s][info ][safepoint    ] Application time: 1.0032162 seconds
[2025-06-06T10:25:20.870+0200][1670.577s][info ][safepoint    ] Entering safepoint region: Cleanup
[2025-06-06T10:25:20.871+0200][1670.578s][info ][safepoint    ] Leaving safepoint region
[2025-06-06T10:25:20.871+0200][1670.578s][info ][safepoint    ] Total time for which application threads were stopped: 0.0005670 seconds, Stopping threads took: 0.0001946 seconds
[2025-06-06T10:25:21.876+0200][1671.583s][info ][safepoint    ] Application time: 1.0050464 seconds
[2025-06-06T10:25:21.876+0200][1671.583s][info ][safepoint    ] Entering safepoint region: Cleanup
[2025-06-06T10:25:21.876+0200][1671.583s][info ][safepoint    ] Leaving safepoint region
[2025-06-06T10:25:21.876+0200][1671.583s][info ][safepoint    ] Total time for which application threads were stopped: 0.0003272 seconds, Stopping threads took: 0.0000705 seconds
[2025-06-06T10:25:22.878+0200][1672.585s][info ][safepoint    ] Application time: 1.0014729 seconds
[2025-06-06T10:25:22.878+0200][1672.585s][info ][safepoint    ] Entering safepoint region: Cleanup
[2025-06-06T10:25:22.879+0200][1672.586s][info ][safepoint    ] Leaving safepoint region
[2025-06-06T10:25:22.879+0200][1672.586s][info ][safepoint    ] Total time for which application threads were stopped: 0.0004359 seconds, Stopping threads took: 0.0001013 seconds
[2025-06-06T10:25:23.883+0200][1673.590s][info ][safepoint    ] Application time: 1.0040543 seconds
[2025-06-06T10:25:23.883+0200][1673.590s][info ][safepoint    ] Entering safepoint region: Cleanup
[2025-06-06T10:25:23.883+0200][1673.590s][info ][safepoint    ] Leaving safepoint region
[2025-06-06T10:25:23.883+0200][1673.590s][info ][safepoint    ] Total time for which application threads were stopped: 0.0003318 seconds, Stopping threads took: 0.0000865 seconds
[2025-06-06T10:25:24.886+0200][1674.593s][info ][safepoint    ] Application time: 1.0031149 seconds
[2025-06-06T10:25:24.887+0200][1674.594s][info ][safepoint    ] Entering safepoint region: Cleanup
[2025-06-06T10:25:24.887+0200][1674.594s][info ][safepoint    ] Leaving safepoint region
[2025-06-06T10:25:24.887+0200][1674.594s][info ][safepoint    ] Total time for which application threads were stopped: 0.0004397 seconds, Stopping threads took: 0.0001400 seconds
[2025-06-06T10:25:25.888+0200][1675.595s][info ][safepoint    ] Application time: 1.0008644 seconds
[2025-06-06T10:25:25.888+0200][1675.595s][info ][safepoint    ] Entering safepoint region: Cleanup
[2025-06-06T10:25:25.889+0200][1675.596s][info ][safepoint    ] Leaving safepoint region
[2025-06-06T10:25:25.889+0200][1675.596s][info ][safepoint    ] Total time for which application threads were stopped: 0.0004536 seconds, Stopping threads took: 0.0001122 seconds
[2025-06-06T10:25:26.893+0200][1676.600s][info ][safepoint    ] Application time: 1.0041037 seconds
[2025-06-06T10:25:26.893+0200][1676.600s][info ][safepoint    ] Entering safepoint region: Cleanup
[2025-06-06T10:25:26.893+0200][1676.600s][info ][safepoint    ] Leaving safepoint region
[2025-06-06T10:25:26.893+0200][1676.600s][info ][safepoint    ] Total time for which application threads were stopped: 0.0004145 seconds, Stopping threads took: 0.0000963 seconds
[2025-06-06T10:25:27.896+0200][1677.603s][info ][safepoint    ] Application time: 1.0020752 seconds
[2025-06-06T10:25:27.896+0200][1677.603s][info ][safepoint    ] Entering safepoint region: Cleanup
[2025-06-06T10:25:27.896+0200][1677.603s][info ][safepoint    ] Leaving safepoint region
[2025-06-06T10:25:27.896+0200][1677.603s][info ][safepoint    ] Total time for which application threads were stopped: 0.0002843 seconds, Stopping threads took: 0.0000716 seconds
[2025-06-06T10:25:28.901+0200][1678.608s][info ][safepoint    ] Application time: 1.0050413 seconds
[2025-06-06T10:25:28.901+0200][1678.608s][info ][safepoint    ] Entering safepoint region: Cleanup
[2025-06-06T10:25:28.902+0200][1678.609s][info ][safepoint    ] Leaving safepoint region
[2025-06-06T10:25:28.902+0200][1678.609s][info ][safepoint    ] Total time for which application threads were stopped: 0.0004531 seconds, Stopping threads took: 0.0001141 seconds
[2025-06-06T10:25:29.904+0200][1679.611s][info ][safepoint    ] Application time: 1.0017824 seconds
[2025-06-06T10:25:29.904+0200][1679.611s][info ][safepoint    ] Entering safepoint region: Cleanup
[2025-06-06T10:25:29.904+0200][1679.611s][info ][safepoint    ] Leaving safepoint region
[2025-06-06T10:25:29.904+0200][1679.611s][info ][safepoint    ] Total time for which application threads were stopped: 0.0003260 seconds, Stopping threads took: 0.0001207 seconds
[2025-06-06T10:25:30.909+0200][1680.616s][info ][safepoint    ] Application time: 1.0040957 seconds
[2025-06-06T10:25:30.909+0200][1680.616s][info ][safepoint    ] Entering safepoint region: Cleanup
[2025-06-06T10:25:30.909+0200][1680.616s][info ][safepoint    ] Leaving safepoint region
[2025-06-06T10:25:30.909+0200][1680.616s][info ][safepoint    ] Total time for which application threads were stopped: 0.0004783 seconds, Stopping threads took: 0.0001096 seconds
[2025-06-06T10:25:31.911+0200][1681.618s][info ][safepoint    ] Application time: 1.0015832 seconds
[2025-06-06T10:25:31.911+0200][1681.618s][info ][safepoint    ] Entering safepoint region: Cleanup
[2025-06-06T10:25:31.911+0200][1681.618s][info ][safepoint    ] Leaving safepoint region
[2025-06-06T10:25:31.911+0200][1681.618s][info ][safepoint    ] Total time for which application threads were stopped: 0.0002864 seconds, Stopping threads took: 0.0000693 seconds
[2025-06-06T10:25:32.916+0200][1682.623s][info ][safepoint    ] Application time: 1.0050634 seconds
[2025-06-06T10:25:32.917+0200][1682.624s][info ][safepoint    ] Entering safepoint region: Cleanup
[2025-06-06T10:25:32.917+0200][1682.624s][info ][safepoint    ] Leaving safepoint region
[2025-06-06T10:25:32.917+0200][1682.624s][info ][safepoint    ] Total time for which application threads were stopped: 0.0004406 seconds, Stopping threads took: 0.0001190 seconds
[2025-06-06T10:25:33.920+0200][1683.627s][info ][safepoint    ] Application time: 1.0027821 seconds
[2025-06-06T10:25:33.920+0200][1683.627s][info ][safepoint    ] Entering safepoint region: Cleanup
[2025-06-06T10:25:33.921+0200][1683.628s][info ][safepoint    ] Leaving safepoint region
[2025-06-06T10:25:33.921+0200][1683.628s][info ][safepoint    ] Total time for which application threads were stopped: 0.0004137 seconds, Stopping threads took: 0.0000972 seconds
[2025-06-06T10:25:34.926+0200][1684.633s][info ][safepoint    ] Application time: 1.0050808 seconds
[2025-06-06T10:25:34.926+0200][1684.633s][info ][safepoint    ] Entering safepoint region: Cleanup
[2025-06-06T10:25:34.926+0200][1684.633s][info ][safepoint    ] Leaving safepoint region
[2025-06-06T10:25:34.926+0200][1684.633s][info ][safepoint    ] Total time for which application threads were stopped: 0.0003991 seconds, Stopping threads took: 0.0001010 seconds
[2025-06-06T10:25:35.928+0200][1685.635s][info ][safepoint    ] Application time: 1.0013894 seconds
[2025-06-06T10:25:35.928+0200][1685.635s][info ][safepoint    ] Entering safepoint region: Cleanup
[2025-06-06T10:25:35.928+0200][1685.635s][info ][safepoint    ] Leaving safepoint region
[2025-06-06T10:25:35.928+0200][1685.635s][info ][safepoint    ] Total time for which application threads were stopped: 0.0000852 seconds, Stopping threads took: 0.0000235 seconds
[2025-06-06T10:25:36.933+0200][1686.640s][info ][safepoint    ] Application time: 1.0050334 seconds
[2025-06-06T10:25:36.933+0200][1686.640s][info ][safepoint    ] Entering safepoint region: Cleanup
[2025-06-06T10:25:36.934+0200][1686.641s][info ][safepoint    ] Leaving safepoint region
[2025-06-06T10:25:36.934+0200][1686.641s][info ][safepoint    ] Total time for which application threads were stopped: 0.0012062 seconds, Stopping threads took: 0.0000506 seconds
[2025-06-06T10:25:37.938+0200][1687.645s][info ][safepoint    ] Application time: 1.0031411 seconds
[2025-06-06T10:25:37.938+0200][1687.645s][info ][safepoint    ] Entering safepoint region: Cleanup
[2025-06-06T10:25:37.939+0200][1687.645s][info ][safepoint    ] Leaving safepoint region
[2025-06-06T10:25:37.939+0200][1687.646s][info ][safepoint    ] Total time for which application threads were stopped: 0.0007593 seconds, Stopping threads took: 0.0003248 seconds
[2025-06-06T10:25:38.939+0200][1688.646s][info ][safepoint    ] Application time: 1.0001708 seconds
[2025-06-06T10:25:38.939+0200][1688.646s][info ][safepoint    ] Entering safepoint region: Cleanup
[2025-06-06T10:25:38.939+0200][1688.646s][info ][safepoint    ] Leaving safepoint region
[2025-06-06T10:25:38.939+0200][1688.646s][info ][safepoint    ] Total time for which application threads were stopped: 0.0003225 seconds, Stopping threads took: 0.0000918 seconds
[2025-06-06T10:25:39.944+0200][1689.651s][info ][safepoint    ] Application time: 1.0047653 seconds
[2025-06-06T10:25:39.946+0200][1689.653s][info ][safepoint    ] Entering safepoint region: Cleanup
[2025-06-06T10:25:39.947+0200][1689.654s][info ][safepoint    ] Leaving safepoint region
[2025-06-06T10:25:39.947+0200][1689.654s][info ][safepoint    ] Total time for which application threads were stopped: 0.0028371 seconds, Stopping threads took: 0.0017587 seconds
[2025-06-06T10:25:40.952+0200][1690.659s][info ][safepoint    ] Application time: 1.0047625 seconds
[2025-06-06T10:25:40.952+0200][1690.659s][info ][safepoint    ] Entering safepoint region: Cleanup
[2025-06-06T10:25:40.953+0200][1690.660s][info ][safepoint    ] Leaving safepoint region
[2025-06-06T10:25:40.953+0200][1690.660s][info ][safepoint    ] Total time for which application threads were stopped: 0.0005878 seconds, Stopping threads took: 0.0001690 seconds
[2025-06-06T10:25:41.953+0200][1691.660s][info ][safepoint    ] Application time: 1.0004640 seconds
[2025-06-06T10:25:41.954+0200][1691.660s][info ][safepoint    ] Entering safepoint region: Cleanup
[2025-06-06T10:25:41.954+0200][1691.661s][info ][safepoint    ] Leaving safepoint region
[2025-06-06T10:25:41.954+0200][1691.661s][info ][safepoint    ] Total time for which application threads were stopped: 0.0004146 seconds, Stopping threads took: 0.0000918 seconds
[2025-06-06T10:25:42.958+0200][1692.665s][info ][safepoint    ] Application time: 1.0044624 seconds
[2025-06-06T10:25:42.959+0200][1692.665s][info ][safepoint    ] Entering safepoint region: Cleanup
[2025-06-06T10:25:42.959+0200][1692.666s][info ][safepoint    ] Leaving safepoint region
[2025-06-06T10:25:42.959+0200][1692.666s][info ][safepoint    ] Total time for which application threads were stopped: 0.0002902 seconds, Stopping threads took: 0.0000705 seconds
[2025-06-06T10:25:43.961+0200][1693.668s][info ][safepoint    ] Application time: 1.0023156 seconds
[2025-06-06T10:25:43.961+0200][1693.668s][info ][safepoint    ] Entering safepoint region: Cleanup
[2025-06-06T10:25:43.962+0200][1693.669s][info ][safepoint    ] Leaving safepoint region
[2025-06-06T10:25:43.962+0200][1693.669s][info ][safepoint    ] Total time for which application threads were stopped: 0.0006438 seconds, Stopping threads took: 0.0001659 seconds
[2025-06-06T10:25:44.967+0200][1694.674s][info ][safepoint    ] Application time: 1.0049467 seconds
[2025-06-06T10:25:44.967+0200][1694.674s][info ][safepoint    ] Entering safepoint region: Cleanup
[2025-06-06T10:25:44.968+0200][1694.675s][info ][safepoint    ] Leaving safepoint region
[2025-06-06T10:25:44.968+0200][1694.675s][info ][safepoint    ] Total time for which application threads were stopped: 0.0005423 seconds, Stopping threads took: 0.0001308 seconds
[2025-06-06T10:25:45.970+0200][1695.677s][info ][safepoint    ] Application time: 1.0023295 seconds
[2025-06-06T10:25:45.970+0200][1695.677s][info ][safepoint    ] Entering safepoint region: Cleanup
[2025-06-06T10:25:45.971+0200][1695.678s][info ][safepoint    ] Leaving safepoint region
[2025-06-06T10:25:45.971+0200][1695.678s][info ][safepoint    ] Total time for which application threads were stopped: 0.0006414 seconds, Stopping threads took: 0.0003201 seconds
[2025-06-06T10:25:46.973+0200][1696.680s][info ][safepoint    ] Application time: 1.0016933 seconds
[2025-06-06T10:25:46.973+0200][1696.680s][info ][safepoint    ] Entering safepoint region: Cleanup
[2025-06-06T10:25:46.973+0200][1696.680s][info ][safepoint    ] Leaving safepoint region
[2025-06-06T10:25:46.973+0200][1696.680s][info ][safepoint    ] Total time for which application threads were stopped: 0.0002215 seconds, Stopping threads took: 0.0000592 seconds
[2025-06-06T10:25:47.977+0200][1697.684s][info ][safepoint    ] Application time: 1.0042072 seconds
[2025-06-06T10:25:47.977+0200][1697.684s][info ][safepoint    ] Entering safepoint region: Cleanup
[2025-06-06T10:25:47.977+0200][1697.684s][info ][safepoint    ] Leaving safepoint region
[2025-06-06T10:25:47.977+0200][1697.684s][info ][safepoint    ] Total time for which application threads were stopped: 0.0001069 seconds, Stopping threads took: 0.0000251 seconds
[2025-06-06T10:25:48.982+0200][1698.689s][info ][safepoint    ] Application time: 1.0050400 seconds
[2025-06-06T10:25:48.983+0200][1698.690s][info ][safepoint    ] Entering safepoint region: Cleanup
[2025-06-06T10:25:48.983+0200][1698.690s][info ][safepoint    ] Leaving safepoint region
[2025-06-06T10:25:48.983+0200][1698.690s][info ][safepoint    ] Total time for which application threads were stopped: 0.0002337 seconds, Stopping threads took: 0.0000556 seconds
[2025-06-06T10:25:49.988+0200][1699.695s][info ][safepoint    ] Application time: 1.0050513 seconds
[2025-06-06T10:25:49.988+0200][1699.695s][info ][safepoint    ] Entering safepoint region: Cleanup
[2025-06-06T10:25:49.989+0200][1699.696s][info ][safepoint    ] Leaving safepoint region
[2025-06-06T10:25:49.989+0200][1699.696s][info ][safepoint    ] Total time for which application threads were stopped: 0.0009370 seconds, Stopping threads took: 0.0002158 seconds
[2025-06-06T10:25:50.999+0200][1700.706s][info ][safepoint    ] Application time: 1.0100350 seconds
[2025-06-06T10:25:50.999+0200][1700.706s][info ][safepoint    ] Entering safepoint region: Cleanup
[2025-06-06T10:25:50.999+0200][1700.706s][info ][safepoint    ] Leaving safepoint region
[2025-06-06T10:25:51.000+0200][1700.707s][info ][safepoint    ] Total time for which application threads were stopped: 0.0003992 seconds, Stopping threads took: 0.0000841 seconds
[2025-06-06T10:25:52.004+0200][1701.711s][info ][safepoint    ] Application time: 1.0047078 seconds
[2025-06-06T10:25:52.005+0200][1701.712s][info ][safepoint    ] Entering safepoint region: Cleanup
[2025-06-06T10:25:52.005+0200][1701.712s][info ][safepoint    ] Leaving safepoint region
[2025-06-06T10:25:52.005+0200][1701.712s][info ][safepoint    ] Total time for which application threads were stopped: 0.0004430 seconds, Stopping threads took: 0.0000765 seconds
[2025-06-06T10:25:53.011+0200][1702.718s][info ][safepoint    ] Application time: 1.0056459 seconds
[2025-06-06T10:25:53.011+0200][1702.718s][info ][safepoint    ] Entering safepoint region: Cleanup
[2025-06-06T10:25:53.011+0200][1702.718s][info ][safepoint    ] Leaving safepoint region
[2025-06-06T10:25:53.011+0200][1702.718s][info ][safepoint    ] Total time for which application threads were stopped: 0.0001274 seconds, Stopping threads took: 0.0000261 seconds
[2025-06-06T10:25:54.011+0200][1703.718s][info ][safepoint    ] Application time: 1.0005241 seconds
[2025-06-06T10:25:54.013+0200][1703.720s][info ][safepoint    ] Entering safepoint region: Cleanup
[2025-06-06T10:25:54.015+0200][1703.722s][info ][safepoint    ] Leaving safepoint region
[2025-06-06T10:25:54.015+0200][1703.722s][info ][safepoint    ] Total time for which application threads were stopped: 0.0029541 seconds, Stopping threads took: 0.0010904 seconds
[2025-06-06T10:25:55.022+0200][1704.729s][info ][safepoint    ] Application time: 1.0058522 seconds
[2025-06-06T10:25:55.022+0200][1704.729s][info ][safepoint    ] Entering safepoint region: Cleanup
[2025-06-06T10:25:55.022+0200][1704.729s][info ][safepoint    ] Leaving safepoint region
[2025-06-06T10:25:55.022+0200][1704.729s][info ][safepoint    ] Total time for which application threads were stopped: 0.0007949 seconds, Stopping threads took: 0.0004108 seconds
[2025-06-06T10:25:56.024+0200][1705.731s][info ][safepoint    ] Application time: 1.0011971 seconds
[2025-06-06T10:25:56.024+0200][1705.731s][info ][safepoint    ] Entering safepoint region: Cleanup
[2025-06-06T10:25:56.024+0200][1705.731s][info ][safepoint    ] Leaving safepoint region
[2025-06-06T10:25:56.024+0200][1705.731s][info ][safepoint    ] Total time for which application threads were stopped: 0.0004354 seconds, Stopping threads took: 0.0002078 seconds
[2025-06-06T10:25:57.029+0200][1706.736s][info ][safepoint    ] Application time: 1.0050493 seconds
[2025-06-06T10:25:57.030+0200][1706.736s][info ][safepoint    ] Entering safepoint region: Cleanup
[2025-06-06T10:25:57.030+0200][1706.737s][info ][safepoint    ] Leaving safepoint region
[2025-06-06T10:25:57.030+0200][1706.737s][info ][safepoint    ] Total time for which application threads were stopped: 0.0002165 seconds, Stopping threads took: 0.0000477 seconds
[2025-06-06T10:25:58.031+0200][1707.738s][info ][safepoint    ] Application time: 1.0014002 seconds
[2025-06-06T10:25:58.031+0200][1707.738s][info ][safepoint    ] Entering safepoint region: Cleanup
[2025-06-06T10:25:58.032+0200][1707.739s][info ][safepoint    ] Leaving safepoint region
[2025-06-06T10:25:58.032+0200][1707.739s][info ][safepoint    ] Total time for which application threads were stopped: 0.0002967 seconds, Stopping threads took: 0.0001148 seconds
[2025-06-06T10:25:59.039+0200][1708.746s][info ][safepoint    ] Application time: 1.0068939 seconds
[2025-06-06T10:25:59.039+0200][1708.746s][info ][safepoint    ] Entering safepoint region: Cleanup
[2025-06-06T10:25:59.039+0200][1708.746s][info ][safepoint    ] Leaving safepoint region
[2025-06-06T10:25:59.039+0200][1708.746s][info ][safepoint    ] Total time for which application threads were stopped: 0.0002124 seconds, Stopping threads took: 0.0000477 seconds
[2025-06-06T10:26:00.044+0200][1709.751s][info ][safepoint    ] Application time: 1.0055442 seconds
[2025-06-06T10:26:00.045+0200][1709.751s][info ][safepoint    ] Entering safepoint region: Cleanup
[2025-06-06T10:26:00.045+0200][1709.752s][info ][safepoint    ] Leaving safepoint region
[2025-06-06T10:26:00.045+0200][1709.752s][info ][safepoint    ] Total time for which application threads were stopped: 0.0002054 seconds, Stopping threads took: 0.0000475 seconds
[2025-06-06T10:26:01.054+0200][1710.762s][info ][safepoint    ] Application time: 1.0094774 seconds
[2025-06-06T10:26:01.055+0200][1710.762s][info ][safepoint    ] Entering safepoint region: Cleanup
[2025-06-06T10:26:01.056+0200][1710.762s][info ][safepoint    ] Leaving safepoint region
[2025-06-06T10:26:01.056+0200][1710.762s][info ][safepoint    ] Total time for which application threads were stopped: 0.0002948 seconds, Stopping threads took: 0.0000997 seconds
[2025-06-06T10:26:02.056+0200][1711.763s][info ][safepoint    ] Application time: 1.0004220 seconds
[2025-06-06T10:26:02.056+0200][1711.763s][info ][safepoint    ] Entering safepoint region: Cleanup
[2025-06-06T10:26:02.056+0200][1711.763s][info ][safepoint    ] Leaving safepoint region
[2025-06-06T10:26:02.056+0200][1711.763s][info ][safepoint    ] Total time for which application threads were stopped: 0.0002942 seconds, Stopping threads took: 0.0000618 seconds
[2025-06-06T10:26:03.066+0200][1712.773s][info ][safepoint    ] Application time: 1.0100671 seconds
[2025-06-06T10:26:03.067+0200][1712.774s][info ][safepoint    ] Entering safepoint region: Cleanup
[2025-06-06T10:26:03.067+0200][1712.774s][info ][safepoint    ] Leaving safepoint region
[2025-06-06T10:26:03.067+0200][1712.774s][info ][safepoint    ] Total time for which application threads were stopped: 0.0004373 seconds, Stopping threads took: 0.0000956 seconds
[2025-06-06T10:26:04.068+0200][1713.775s][info ][safepoint    ] Application time: 1.0008235 seconds
[2025-06-06T10:26:04.068+0200][1713.775s][info ][safepoint    ] Entering safepoint region: Cleanup
[2025-06-06T10:26:04.068+0200][1713.775s][info ][safepoint    ] Leaving safepoint region
[2025-06-06T10:26:04.068+0200][1713.775s][info ][safepoint    ] Total time for which application threads were stopped: 0.0001198 seconds, Stopping threads took: 0.0000305 seconds
[2025-06-06T10:26:05.078+0200][1714.785s][info ][safepoint    ] Application time: 1.0100345 seconds
[2025-06-06T10:26:05.078+0200][1714.785s][info ][safepoint    ] Entering safepoint region: Cleanup
[2025-06-06T10:26:05.079+0200][1714.786s][info ][safepoint    ] Leaving safepoint region
[2025-06-06T10:26:05.079+0200][1714.786s][info ][safepoint    ] Total time for which application threads were stopped: 0.0003232 seconds, Stopping threads took: 0.0000779 seconds
[2025-06-06T10:26:06.087+0200][1715.794s][info ][safepoint    ] Application time: 1.0086874 seconds
[2025-06-06T10:26:06.088+0200][1715.794s][info ][safepoint    ] Entering safepoint region: Cleanup
[2025-06-06T10:26:06.088+0200][1715.795s][info ][safepoint    ] Leaving safepoint region
[2025-06-06T10:26:06.088+0200][1715.795s][info ][safepoint    ] Total time for which application threads were stopped: 0.0002940 seconds, Stopping threads took: 0.0000867 seconds
[2025-06-06T10:26:07.096+0200][1716.803s][info ][safepoint    ] Application time: 1.0085337 seconds
[2025-06-06T10:26:07.097+0200][1716.803s][info ][safepoint    ] Entering safepoint region: Cleanup
[2025-06-06T10:26:07.097+0200][1716.804s][info ][safepoint    ] Leaving safepoint region
[2025-06-06T10:26:07.097+0200][1716.804s][info ][safepoint    ] Total time for which application threads were stopped: 0.0002240 seconds, Stopping threads took: 0.0000578 seconds
[2025-06-06T10:26:08.104+0200][1717.811s][info ][safepoint    ] Application time: 1.0075176 seconds
[2025-06-06T10:26:08.105+0200][1717.811s][info ][safepoint    ] Entering safepoint region: Cleanup
[2025-06-06T10:26:08.105+0200][1717.812s][info ][safepoint    ] Leaving safepoint region
[2025-06-06T10:26:08.105+0200][1717.812s][info ][safepoint    ] Total time for which application threads were stopped: 0.0006690 seconds, Stopping threads took: 0.0001480 seconds
[2025-06-06T10:26:09.105+0200][1718.812s][info ][safepoint    ] Application time: 1.0001800 seconds
[2025-06-06T10:26:09.106+0200][1718.813s][info ][safepoint    ] Entering safepoint region: Cleanup
[2025-06-06T10:26:09.106+0200][1718.813s][info ][safepoint    ] Leaving safepoint region
[2025-06-06T10:26:09.106+0200][1718.813s][info ][safepoint    ] Total time for which application threads were stopped: 0.0004967 seconds, Stopping threads took: 0.0001724 seconds
[2025-06-06T10:26:10.116+0200][1719.823s][info ][safepoint    ] Application time: 1.0100529 seconds
[2025-06-06T10:26:10.117+0200][1719.823s][info ][safepoint    ] Entering safepoint region: Cleanup
[2025-06-06T10:26:10.117+0200][1719.824s][info ][safepoint    ] Leaving safepoint region
[2025-06-06T10:26:10.117+0200][1719.824s][info ][safepoint    ] Total time for which application threads were stopped: 0.0004479 seconds, Stopping threads took: 0.0001025 seconds
[2025-06-06T10:26:11.127+0200][1720.834s][info ][safepoint    ] Application time: 1.0100680 seconds
[2025-06-06T10:26:11.127+0200][1720.834s][info ][safepoint    ] Entering safepoint region: Cleanup
[2025-06-06T10:26:11.127+0200][1720.834s][info ][safepoint    ] Leaving safepoint region
[2025-06-06T10:26:11.127+0200][1720.834s][info ][safepoint    ] Total time for which application threads were stopped: 0.0001463 seconds, Stopping threads took: 0.0000270 seconds
[2025-06-06T10:26:12.137+0200][1721.844s][info ][safepoint    ] Application time: 1.0100422 seconds
[2025-06-06T10:26:12.138+0200][1721.845s][info ][safepoint    ] Entering safepoint region: Cleanup
[2025-06-06T10:26:12.138+0200][1721.845s][info ][safepoint    ] Leaving safepoint region
[2025-06-06T10:26:12.138+0200][1721.845s][info ][safepoint    ] Total time for which application threads were stopped: 0.0004522 seconds, Stopping threads took: 0.0001797 seconds
[2025-06-06T10:26:13.140+0200][1722.847s][info ][safepoint    ] Application time: 1.0020409 seconds
[2025-06-06T10:26:13.140+0200][1722.847s][info ][safepoint    ] Entering safepoint region: Cleanup
[2025-06-06T10:26:13.141+0200][1722.848s][info ][safepoint    ] Leaving safepoint region
[2025-06-06T10:26:13.141+0200][1722.848s][info ][safepoint    ] Total time for which application threads were stopped: 0.0003943 seconds, Stopping threads took: 0.0000889 seconds
[2025-06-06T10:26:14.141+0200][1723.848s][info ][safepoint    ] Application time: 1.0006402 seconds
[2025-06-06T10:26:14.142+0200][1723.848s][info ][safepoint    ] Entering safepoint region: Cleanup
[2025-06-06T10:26:14.142+0200][1723.849s][info ][safepoint    ] Leaving safepoint region
[2025-06-06T10:26:14.142+0200][1723.849s][info ][safepoint    ] Total time for which application threads were stopped: 0.0003325 seconds, Stopping threads took: 0.0000773 seconds
[2025-06-06T10:26:15.147+0200][1724.854s][info ][safepoint    ] Application time: 1.0053633 seconds
[2025-06-06T10:26:15.148+0200][1724.855s][info ][safepoint    ] Entering safepoint region: Cleanup
[2025-06-06T10:26:15.148+0200][1724.855s][info ][safepoint    ] Leaving safepoint region
[2025-06-06T10:26:15.148+0200][1724.855s][info ][safepoint    ] Total time for which application threads were stopped: 0.0006624 seconds, Stopping threads took: 0.0003305 seconds
[2025-06-06T10:26:16.158+0200][1725.865s][info ][safepoint    ] Application time: 1.0100478 seconds
[2025-06-06T10:26:16.159+0200][1725.865s][info ][safepoint    ] Entering safepoint region: Cleanup
[2025-06-06T10:26:16.159+0200][1725.866s][info ][safepoint    ] Leaving safepoint region
[2025-06-06T10:26:16.159+0200][1725.866s][info ][safepoint    ] Total time for which application threads were stopped: 0.0003888 seconds, Stopping threads took: 0.0000925 seconds
[2025-06-06T10:26:17.163+0200][1726.870s][info ][safepoint    ] Application time: 1.0044219 seconds
[2025-06-06T10:26:17.164+0200][1726.870s][info ][safepoint    ] Entering safepoint region: Cleanup
[2025-06-06T10:26:17.164+0200][1726.871s][info ][safepoint    ] Leaving safepoint region
[2025-06-06T10:26:17.164+0200][1726.871s][info ][safepoint    ] Total time for which application threads were stopped: 0.0004505 seconds, Stopping threads took: 0.0001074 seconds
[2025-06-06T10:26:18.166+0200][1727.873s][info ][safepoint    ] Application time: 1.0023235 seconds
[2025-06-06T10:26:18.167+0200][1727.873s][info ][safepoint    ] Entering safepoint region: Cleanup
[2025-06-06T10:26:18.167+0200][1727.874s][info ][safepoint    ] Leaving safepoint region
[2025-06-06T10:26:18.167+0200][1727.874s][info ][safepoint    ] Total time for which application threads were stopped: 0.0004700 seconds, Stopping threads took: 0.0001171 seconds
[2025-06-06T10:26:19.170+0200][1728.877s][info ][safepoint    ] Application time: 1.0027366 seconds
[2025-06-06T10:26:19.170+0200][1728.877s][info ][safepoint    ] Entering safepoint region: Cleanup
[2025-06-06T10:26:19.170+0200][1728.877s][info ][safepoint    ] Leaving safepoint region
[2025-06-06T10:26:19.170+0200][1728.877s][info ][safepoint    ] Total time for which application threads were stopped: 0.0004269 seconds, Stopping threads took: 0.0001100 seconds
[2025-06-06T10:26:20.181+0200][1729.887s][info ][safepoint    ] Application time: 1.0100721 seconds
[2025-06-06T10:26:20.181+0200][1729.888s][info ][safepoint    ] Entering safepoint region: Cleanup
[2025-06-06T10:26:20.181+0200][1729.888s][info ][safepoint    ] Leaving safepoint region
[2025-06-06T10:26:20.181+0200][1729.888s][info ][safepoint    ] Total time for which application threads were stopped: 0.0005460 seconds, Stopping threads took: 0.0001468 seconds
[2025-06-06T10:26:21.186+0200][1730.893s][info ][safepoint    ] Application time: 1.0052256 seconds
[2025-06-06T10:26:21.187+0200][1730.894s][info ][safepoint    ] Entering safepoint region: Cleanup
[2025-06-06T10:26:21.188+0200][1730.895s][info ][safepoint    ] Leaving safepoint region
[2025-06-06T10:26:21.188+0200][1730.895s][info ][safepoint    ] Total time for which application threads were stopped: 0.0006440 seconds, Stopping threads took: 0.0002175 seconds
[2025-06-06T10:26:22.198+0200][1731.905s][info ][safepoint    ] Application time: 1.0100431 seconds
[2025-06-06T10:26:22.198+0200][1731.905s][info ][safepoint    ] Entering safepoint region: Cleanup
[2025-06-06T10:26:22.198+0200][1731.905s][info ][safepoint    ] Leaving safepoint region
[2025-06-06T10:26:22.199+0200][1731.905s][info ][safepoint    ] Total time for which application threads were stopped: 0.0004211 seconds, Stopping threads took: 0.0001065 seconds
[2025-06-06T10:26:23.203+0200][1732.910s][info ][safepoint    ] Application time: 1.0048540 seconds
[2025-06-06T10:26:23.204+0200][1732.910s][info ][safepoint    ] Entering safepoint region: Cleanup
[2025-06-06T10:26:23.204+0200][1732.911s][info ][safepoint    ] Leaving safepoint region
[2025-06-06T10:26:23.204+0200][1732.911s][info ][safepoint    ] Total time for which application threads were stopped: 0.0002398 seconds, Stopping threads took: 0.0000597 seconds
[2025-06-06T10:26:24.206+0200][1733.912s][info ][safepoint    ] Application time: 1.0017622 seconds
[2025-06-06T10:26:24.206+0200][1733.913s][info ][safepoint    ] Entering safepoint region: Cleanup
[2025-06-06T10:26:24.206+0200][1733.913s][info ][safepoint    ] Leaving safepoint region
[2025-06-06T10:26:24.206+0200][1733.913s][info ][safepoint    ] Total time for which application threads were stopped: 0.0003720 seconds, Stopping threads took: 0.0000895 seconds
[2025-06-06T10:26:25.210+0200][1734.917s][info ][safepoint    ] Application time: 1.0039621 seconds
[2025-06-06T10:26:25.210+0200][1734.917s][info ][safepoint    ] Entering safepoint region: Cleanup
[2025-06-06T10:26:25.211+0200][1734.918s][info ][safepoint    ] Leaving safepoint region
[2025-06-06T10:26:25.211+0200][1734.918s][info ][safepoint    ] Total time for which application threads were stopped: 0.0004374 seconds, Stopping threads took: 0.0001026 seconds
[2025-06-06T10:26:26.221+0200][1735.928s][info ][safepoint    ] Application time: 1.0100438 seconds
[2025-06-06T10:26:26.221+0200][1735.928s][info ][safepoint    ] Entering safepoint region: Cleanup
[2025-06-06T10:26:26.221+0200][1735.928s][info ][safepoint    ] Leaving safepoint region
[2025-06-06T10:26:26.221+0200][1735.928s][info ][safepoint    ] Total time for which application threads were stopped: 0.0004021 seconds, Stopping threads took: 0.0001028 seconds
[2025-06-06T10:26:27.232+0200][1736.938s][info ][safepoint    ] Application time: 1.0100470 seconds
[2025-06-06T10:26:27.232+0200][1736.939s][info ][safepoint    ] Entering safepoint region: Cleanup
[2025-06-06T10:26:27.232+0200][1736.939s][info ][safepoint    ] Leaving safepoint region
[2025-06-06T10:26:27.232+0200][1736.939s][info ][safepoint    ] Total time for which application threads were stopped: 0.0004696 seconds, Stopping threads took: 0.0000963 seconds
[2025-06-06T10:26:28.236+0200][1737.943s][info ][safepoint    ] Application time: 1.0039087 seconds
[2025-06-06T10:26:28.236+0200][1737.943s][info ][safepoint    ] Entering safepoint region: Cleanup
[2025-06-06T10:26:28.237+0200][1737.944s][info ][safepoint    ] Leaving safepoint region
[2025-06-06T10:26:28.237+0200][1737.944s][info ][safepoint    ] Total time for which application threads were stopped: 0.0004146 seconds, Stopping threads took: 0.0001016 seconds
[2025-06-06T10:26:29.247+0200][1738.954s][info ][safepoint    ] Application time: 1.0100429 seconds
[2025-06-06T10:26:29.247+0200][1738.954s][info ][safepoint    ] Entering safepoint region: Cleanup
[2025-06-06T10:26:29.248+0200][1738.954s][info ][safepoint    ] Leaving safepoint region
[2025-06-06T10:26:29.248+0200][1738.954s][info ][safepoint    ] Total time for which application threads were stopped: 0.0004584 seconds, Stopping threads took: 0.0001042 seconds
[2025-06-06T10:26:30.257+0200][1739.964s][info ][safepoint    ] Application time: 1.0092770 seconds
[2025-06-06T10:26:30.257+0200][1739.964s][info ][safepoint    ] Entering safepoint region: Cleanup
[2025-06-06T10:26:30.257+0200][1739.964s][info ][safepoint    ] Leaving safepoint region
[2025-06-06T10:26:30.258+0200][1739.964s][info ][safepoint    ] Total time for which application threads were stopped: 0.0004206 seconds, Stopping threads took: 0.0001050 seconds
[2025-06-06T10:26:31.263+0200][1740.970s][info ][safepoint    ] Application time: 1.0058219 seconds
[2025-06-06T10:26:31.264+0200][1740.970s][info ][safepoint    ] Entering safepoint region: Cleanup
[2025-06-06T10:26:31.264+0200][1740.971s][info ][safepoint    ] Leaving safepoint region
[2025-06-06T10:26:31.264+0200][1740.971s][info ][safepoint    ] Total time for which application threads were stopped: 0.0003929 seconds, Stopping threads took: 0.0000976 seconds
[2025-06-06T10:26:32.267+0200][1741.973s][info ][safepoint    ] Application time: 1.0026034 seconds
[2025-06-06T10:26:32.267+0200][1741.974s][info ][safepoint    ] Entering safepoint region: Cleanup
[2025-06-06T10:26:32.267+0200][1741.974s][info ][safepoint    ] Leaving safepoint region
[2025-06-06T10:26:32.267+0200][1741.974s][info ][safepoint    ] Total time for which application threads were stopped: 0.0001825 seconds, Stopping threads took: 0.0000365 seconds
[2025-06-06T10:26:33.274+0200][1742.981s][info ][safepoint    ] Application time: 1.0070539 seconds
[2025-06-06T10:26:33.274+0200][1742.981s][info ][safepoint    ] Entering safepoint region: Cleanup
[2025-06-06T10:26:33.275+0200][1742.981s][info ][safepoint    ] Leaving safepoint region
[2025-06-06T10:26:33.275+0200][1742.981s][info ][safepoint    ] Total time for which application threads were stopped: 0.0004278 seconds, Stopping threads took: 0.0001032 seconds
[2025-06-06T10:26:34.277+0200][1743.984s][info ][safepoint    ] Application time: 1.0020765 seconds
[2025-06-06T10:26:34.277+0200][1743.984s][info ][safepoint    ] Entering safepoint region: Cleanup
[2025-06-06T10:26:34.278+0200][1743.985s][info ][safepoint    ] Leaving safepoint region
[2025-06-06T10:26:34.278+0200][1743.985s][info ][safepoint    ] Total time for which application threads were stopped: 0.0004680 seconds, Stopping threads took: 0.0001247 seconds
[2025-06-06T10:26:35.288+0200][1744.995s][info ][safepoint    ] Application time: 1.0100561 seconds
[2025-06-06T10:26:35.288+0200][1744.995s][info ][safepoint    ] Entering safepoint region: Cleanup
[2025-06-06T10:26:35.289+0200][1744.995s][info ][safepoint    ] Leaving safepoint region
[2025-06-06T10:26:35.289+0200][1744.995s][info ][safepoint    ] Total time for which application threads were stopped: 0.0004556 seconds, Stopping threads took: 0.0001036 seconds
[2025-06-06T10:26:36.291+0200][1745.998s][info ][safepoint    ] Application time: 1.0021579 seconds
[2025-06-06T10:26:36.292+0200][1745.999s][info ][safepoint    ] Entering safepoint region: Cleanup
[2025-06-06T10:26:36.293+0200][1745.999s][info ][safepoint    ] Leaving safepoint region
[2025-06-06T10:26:36.293+0200][1745.999s][info ][safepoint    ] Total time for which application threads were stopped: 0.0015590 seconds, Stopping threads took: 0.0007060 seconds
[2025-06-06T10:26:37.293+0200][1747.000s][info ][safepoint    ] Application time: 1.0006241 seconds
[2025-06-06T10:26:37.293+0200][1747.000s][info ][safepoint    ] Entering safepoint region: Cleanup
[2025-06-06T10:26:37.294+0200][1747.000s][info ][safepoint    ] Leaving safepoint region
[2025-06-06T10:26:37.294+0200][1747.001s][info ][safepoint    ] Total time for which application threads were stopped: 0.0003165 seconds, Stopping threads took: 0.0000709 seconds
[2025-06-06T10:26:38.304+0200][1748.011s][info ][safepoint    ] Application time: 1.0100547 seconds
[2025-06-06T10:26:38.304+0200][1748.011s][info ][safepoint    ] Entering safepoint region: Cleanup
[2025-06-06T10:26:38.304+0200][1748.011s][info ][safepoint    ] Leaving safepoint region
[2025-06-06T10:26:38.304+0200][1748.011s][info ][safepoint    ] Total time for which application threads were stopped: 0.0004287 seconds, Stopping threads took: 0.0000936 seconds
[2025-06-06T10:26:39.314+0200][1749.021s][info ][safepoint    ] Application time: 1.0100557 seconds
[2025-06-06T10:26:39.315+0200][1749.022s][info ][safepoint    ] Entering safepoint region: Cleanup
[2025-06-06T10:26:39.315+0200][1749.022s][info ][safepoint    ] Leaving safepoint region
[2025-06-06T10:26:39.315+0200][1749.022s][info ][safepoint    ] Total time for which application threads were stopped: 0.0004402 seconds, Stopping threads took: 0.0001235 seconds
[2025-06-06T10:26:40.326+0200][1750.032s][info ][safepoint    ] Application time: 1.0100505 seconds
[2025-06-06T10:26:40.326+0200][1750.033s][info ][safepoint    ] Entering safepoint region: Cleanup
[2025-06-06T10:26:40.326+0200][1750.033s][info ][safepoint    ] Leaving safepoint region
[2025-06-06T10:26:40.326+0200][1750.033s][info ][safepoint    ] Total time for which application threads were stopped: 0.0004310 seconds, Stopping threads took: 0.0001110 seconds
[2025-06-06T10:26:41.335+0200][1751.042s][info ][safepoint    ] Application time: 1.0090425 seconds
[2025-06-06T10:26:41.336+0200][1751.042s][info ][safepoint    ] Entering safepoint region: Cleanup
[2025-06-06T10:26:41.336+0200][1751.043s][info ][safepoint    ] Leaving safepoint region
[2025-06-06T10:26:41.336+0200][1751.043s][info ][safepoint    ] Total time for which application threads were stopped: 0.0008046 seconds, Stopping threads took: 0.0002898 seconds
[2025-06-06T10:26:42.342+0200][1752.049s][info ][safepoint    ] Application time: 1.0055240 seconds
[2025-06-06T10:26:42.342+0200][1752.049s][info ][safepoint    ] Entering safepoint region: Cleanup
[2025-06-06T10:26:42.342+0200][1752.049s][info ][safepoint    ] Leaving safepoint region
[2025-06-06T10:26:42.342+0200][1752.049s][info ][safepoint    ] Total time for which application threads were stopped: 0.0001604 seconds, Stopping threads took: 0.0000414 seconds
[2025-06-06T10:26:43.352+0200][1753.059s][info ][safepoint    ] Application time: 1.0100362 seconds
[2025-06-06T10:26:43.352+0200][1753.059s][info ][safepoint    ] Entering safepoint region: Cleanup
[2025-06-06T10:26:43.353+0200][1753.059s][info ][safepoint    ] Leaving safepoint region
[2025-06-06T10:26:43.353+0200][1753.059s][info ][safepoint    ] Total time for which application threads were stopped: 0.0003244 seconds, Stopping threads took: 0.0000825 seconds
[2025-06-06T10:26:44.357+0200][1754.064s][info ][safepoint    ] Application time: 1.0046940 seconds
[2025-06-06T10:26:44.357+0200][1754.064s][info ][safepoint    ] Entering safepoint region: Cleanup
[2025-06-06T10:26:44.358+0200][1754.065s][info ][safepoint    ] Leaving safepoint region
[2025-06-06T10:26:44.358+0200][1754.065s][info ][safepoint    ] Total time for which application threads were stopped: 0.0003989 seconds, Stopping threads took: 0.0000812 seconds
[2025-06-06T10:26:45.362+0200][1755.069s][info ][safepoint    ] Application time: 1.0045023 seconds
[2025-06-06T10:26:45.363+0200][1755.069s][info ][safepoint    ] Entering safepoint region: Cleanup
[2025-06-06T10:26:45.363+0200][1755.070s][info ][safepoint    ] Leaving safepoint region
[2025-06-06T10:26:45.363+0200][1755.070s][info ][safepoint    ] Total time for which application threads were stopped: 0.0004539 seconds, Stopping threads took: 0.0001120 seconds
[2025-06-06T10:26:46.373+0200][1756.080s][info ][safepoint    ] Application time: 1.0100452 seconds
[2025-06-06T10:26:46.373+0200][1756.080s][info ][safepoint    ] Entering safepoint region: Cleanup
[2025-06-06T10:26:46.374+0200][1756.081s][info ][safepoint    ] Leaving safepoint region
[2025-06-06T10:26:46.374+0200][1756.081s][info ][safepoint    ] Total time for which application threads were stopped: 0.0004512 seconds, Stopping threads took: 0.0001056 seconds
[2025-06-06T10:26:47.381+0200][1757.088s][info ][safepoint    ] Application time: 1.0070647 seconds
[2025-06-06T10:26:47.391+0200][1757.097s][info ][safepoint    ] Entering safepoint region: Cleanup
[2025-06-06T10:26:47.391+0200][1757.098s][info ][safepoint    ] Leaving safepoint region
[2025-06-06T10:26:47.391+0200][1757.098s][info ][safepoint    ] Total time for which application threads were stopped: 0.0003542 seconds, Stopping threads took: 0.0001418 seconds
[2025-06-06T10:26:48.398+0200][1758.105s][info ][safepoint    ] Application time: 1.0068123 seconds
[2025-06-06T10:26:48.398+0200][1758.105s][info ][safepoint    ] Entering safepoint region: Cleanup
[2025-06-06T10:26:48.398+0200][1758.105s][info ][safepoint    ] Leaving safepoint region
[2025-06-06T10:26:48.398+0200][1758.105s][info ][safepoint    ] Total time for which application threads were stopped: 0.0004604 seconds, Stopping threads took: 0.0001115 seconds
[2025-06-06T10:26:49.407+0200][1759.114s][info ][safepoint    ] Application time: 1.0083450 seconds
[2025-06-06T10:26:49.407+0200][1759.114s][info ][safepoint    ] Entering safepoint region: Cleanup
[2025-06-06T10:26:49.407+0200][1759.114s][info ][safepoint    ] Leaving safepoint region
[2025-06-06T10:26:49.407+0200][1759.114s][info ][safepoint    ] Total time for which application threads were stopped: 0.0004695 seconds, Stopping threads took: 0.0001013 seconds
[2025-06-06T10:26:50.410+0200][1760.117s][info ][safepoint    ] Application time: 1.0029819 seconds
[2025-06-06T10:26:50.411+0200][1760.117s][info ][safepoint    ] Entering safepoint region: Cleanup
[2025-06-06T10:26:50.411+0200][1760.118s][info ][safepoint    ] Leaving safepoint region
[2025-06-06T10:26:50.411+0200][1760.118s][info ][safepoint    ] Total time for which application threads were stopped: 0.0003566 seconds, Stopping threads took: 0.0000819 seconds
[2025-06-06T10:26:51.421+0200][1761.128s][info ][safepoint    ] Application time: 1.0100624 seconds
[2025-06-06T10:26:51.421+0200][1761.128s][info ][safepoint    ] Entering safepoint region: Cleanup
[2025-06-06T10:26:51.422+0200][1761.128s][info ][safepoint    ] Leaving safepoint region
[2025-06-06T10:26:51.422+0200][1761.128s][info ][safepoint    ] Total time for which application threads were stopped: 0.0004184 seconds, Stopping threads took: 0.0001089 seconds
[2025-06-06T10:26:52.426+0200][1762.133s][info ][safepoint    ] Application time: 1.0046773 seconds
[2025-06-06T10:26:52.427+0200][1762.133s][info ][safepoint    ] Entering safepoint region: Cleanup
[2025-06-06T10:26:52.427+0200][1762.134s][info ][safepoint    ] Leaving safepoint region
[2025-06-06T10:26:52.427+0200][1762.134s][info ][safepoint    ] Total time for which application threads were stopped: 0.0004540 seconds, Stopping threads took: 0.0001050 seconds
[2025-06-06T10:26:53.437+0200][1763.144s][info ][safepoint    ] Application time: 1.0100650 seconds
[2025-06-06T10:26:53.438+0200][1763.144s][info ][safepoint    ] Entering safepoint region: Cleanup
[2025-06-06T10:26:53.438+0200][1763.145s][info ][safepoint    ] Leaving safepoint region
[2025-06-06T10:26:53.438+0200][1763.145s][info ][safepoint    ] Total time for which application threads were stopped: 0.0005115 seconds, Stopping threads took: 0.0001193 seconds
[2025-06-06T10:26:54.442+0200][1764.149s][info ][safepoint    ] Application time: 1.0043386 seconds
[2025-06-06T10:26:54.443+0200][1764.149s][info ][safepoint    ] Entering safepoint region: Cleanup
[2025-06-06T10:26:54.443+0200][1764.150s][info ][safepoint    ] Leaving safepoint region
[2025-06-06T10:26:54.443+0200][1764.150s][info ][safepoint    ] Total time for which application threads were stopped: 0.0004492 seconds, Stopping threads took: 0.0001073 seconds
[2025-06-06T10:26:55.453+0200][1765.160s][info ][safepoint    ] Application time: 1.0100501 seconds
[2025-06-06T10:26:55.453+0200][1765.160s][info ][safepoint    ] Entering safepoint region: Cleanup
[2025-06-06T10:26:55.454+0200][1765.160s][info ][safepoint    ] Leaving safepoint region
[2025-06-06T10:26:55.454+0200][1765.160s][info ][safepoint    ] Total time for which application threads were stopped: 0.0004676 seconds, Stopping threads took: 0.0001053 seconds
[2025-06-06T10:26:56.463+0200][1766.170s][info ][safepoint    ] Application time: 1.0092761 seconds
[2025-06-06T10:26:56.463+0200][1766.170s][info ][safepoint    ] Entering safepoint region: Cleanup
[2025-06-06T10:26:56.464+0200][1766.170s][info ][safepoint    ] Leaving safepoint region
[2025-06-06T10:26:56.464+0200][1766.170s][info ][safepoint    ] Total time for which application threads were stopped: 0.0004523 seconds, Stopping threads took: 0.0001014 seconds
[2025-06-06T10:26:57.470+0200][1767.177s][info ][safepoint    ] Application time: 1.0062857 seconds
[2025-06-06T10:26:57.470+0200][1767.177s][info ][safepoint    ] Entering safepoint region: Cleanup
[2025-06-06T10:26:57.471+0200][1767.177s][info ][safepoint    ] Leaving safepoint region
[2025-06-06T10:26:57.471+0200][1767.178s][info ][safepoint    ] Total time for which application threads were stopped: 0.0006117 seconds, Stopping threads took: 0.0001590 seconds
[2025-06-06T10:26:58.472+0200][1768.179s][info ][safepoint    ] Application time: 1.0013179 seconds
[2025-06-06T10:26:58.472+0200][1768.179s][info ][safepoint    ] Entering safepoint region: Cleanup
[2025-06-06T10:26:58.473+0200][1768.179s][info ][safepoint    ] Leaving safepoint region
[2025-06-06T10:26:58.473+0200][1768.179s][info ][safepoint    ] Total time for which application threads were stopped: 0.0004115 seconds, Stopping threads took: 0.0001122 seconds
[2025-06-06T10:26:59.477+0200][1769.184s][info ][safepoint    ] Application time: 1.0043953 seconds
[2025-06-06T10:26:59.477+0200][1769.184s][info ][safepoint    ] Entering safepoint region: Cleanup
[2025-06-06T10:26:59.478+0200][1769.184s][info ][safepoint    ] Leaving safepoint region
[2025-06-06T10:26:59.478+0200][1769.184s][info ][safepoint    ] Total time for which application threads were stopped: 0.0003450 seconds, Stopping threads took: 0.0000893 seconds
[2025-06-06T10:27:00.479+0200][1770.186s][info ][safepoint    ] Application time: 1.0011337 seconds
[2025-06-06T10:27:00.479+0200][1770.186s][info ][safepoint    ] Entering safepoint region: Cleanup
[2025-06-06T10:27:00.479+0200][1770.186s][info ][safepoint    ] Leaving safepoint region
[2025-06-06T10:27:00.479+0200][1770.186s][info ][safepoint    ] Total time for which application threads were stopped: 0.0004771 seconds, Stopping threads took: 0.0001000 seconds
[2025-06-06T10:27:01.485+0200][1771.191s][info ][safepoint    ] Application time: 1.0051226 seconds
[2025-06-06T10:27:01.485+0200][1771.192s][info ][safepoint    ] Entering safepoint region: Cleanup
[2025-06-06T10:27:01.485+0200][1771.192s][info ][safepoint    ] Leaving safepoint region
[2025-06-06T10:27:01.485+0200][1771.192s][info ][safepoint    ] Total time for which application threads were stopped: 0.0003943 seconds, Stopping threads took: 0.0001095 seconds
[2025-06-06T10:27:02.492+0200][1772.199s][info ][safepoint    ] Application time: 1.0068203 seconds
[2025-06-06T10:27:02.492+0200][1772.199s][info ][safepoint    ] Entering safepoint region: Cleanup
[2025-06-06T10:27:02.493+0200][1772.199s][info ][safepoint    ] Leaving safepoint region
[2025-06-06T10:27:02.493+0200][1772.199s][info ][safepoint    ] Total time for which application threads were stopped: 0.0004523 seconds, Stopping threads took: 0.0000962 seconds
[2025-06-06T10:27:03.494+0200][1773.201s][info ][safepoint    ] Application time: 1.0017467 seconds
[2025-06-06T10:27:03.495+0200][1773.201s][info ][safepoint    ] Entering safepoint region: Cleanup
[2025-06-06T10:27:03.495+0200][1773.202s][info ][safepoint    ] Leaving safepoint region
[2025-06-06T10:27:03.495+0200][1773.202s][info ][safepoint    ] Total time for which application threads were stopped: 0.0003303 seconds, Stopping threads took: 0.0000890 seconds
[2025-06-06T10:27:04.499+0200][1774.206s][info ][safepoint    ] Application time: 1.0041180 seconds
[2025-06-06T10:27:04.499+0200][1774.206s][info ][safepoint    ] Entering safepoint region: Cleanup
[2025-06-06T10:27:04.500+0200][1774.206s][info ][safepoint    ] Leaving safepoint region
[2025-06-06T10:27:04.500+0200][1774.206s][info ][safepoint    ] Total time for which application threads were stopped: 0.0004175 seconds, Stopping threads took: 0.0000955 seconds
[2025-06-06T10:27:05.504+0200][1775.211s][info ][safepoint    ] Application time: 1.0047178 seconds
[2025-06-06T10:27:05.505+0200][1775.212s][info ][safepoint    ] Entering safepoint region: Cleanup
[2025-06-06T10:27:05.505+0200][1775.212s][info ][safepoint    ] Leaving safepoint region
[2025-06-06T10:27:05.505+0200][1775.212s][info ][safepoint    ] Total time for which application threads were stopped: 0.0007743 seconds, Stopping threads took: 0.0002533 seconds
[2025-06-06T10:27:06.508+0200][1776.214s][info ][safepoint    ] Application time: 1.0021108 seconds
[2025-06-06T10:27:06.508+0200][1776.215s][info ][safepoint    ] Entering safepoint region: Cleanup
[2025-06-06T10:27:06.508+0200][1776.215s][info ][safepoint    ] Leaving safepoint region
[2025-06-06T10:27:06.508+0200][1776.215s][info ][safepoint    ] Total time for which application threads were stopped: 0.0004013 seconds, Stopping threads took: 0.0001157 seconds
[2025-06-06T10:27:07.515+0200][1777.222s][info ][safepoint    ] Application time: 1.0065985 seconds
[2025-06-06T10:27:07.515+0200][1777.222s][info ][safepoint    ] Entering safepoint region: Cleanup
[2025-06-06T10:27:07.515+0200][1777.222s][info ][safepoint    ] Leaving safepoint region
[2025-06-06T10:27:07.515+0200][1777.222s][info ][safepoint    ] Total time for which application threads were stopped: 0.0004176 seconds, Stopping threads took: 0.0000964 seconds
[2025-06-06T10:27:08.522+0200][1778.229s][info ][safepoint    ] Application time: 1.0064895 seconds
[2025-06-06T10:27:08.522+0200][1778.229s][info ][safepoint    ] Entering safepoint region: Cleanup
[2025-06-06T10:27:08.523+0200][1778.229s][info ][safepoint    ] Leaving safepoint region
[2025-06-06T10:27:08.523+0200][1778.229s][info ][safepoint    ] Total time for which application threads were stopped: 0.0004787 seconds, Stopping threads took: 0.0001115 seconds
[2025-06-06T10:27:09.533+0200][1779.239s][info ][safepoint    ] Application time: 1.0099589 seconds
[2025-06-06T10:27:09.533+0200][1779.240s][info ][safepoint    ] Entering safepoint region: Cleanup
[2025-06-06T10:27:09.533+0200][1779.240s][info ][safepoint    ] Leaving safepoint region
[2025-06-06T10:27:09.533+0200][1779.240s][info ][safepoint    ] Total time for which application threads were stopped: 0.0004601 seconds, Stopping threads took: 0.0001102 seconds
[2025-06-06T10:27:10.533+0200][1780.240s][info ][safepoint    ] Application time: 1.0001661 seconds
[2025-06-06T10:27:10.534+0200][1780.240s][info ][safepoint    ] Entering safepoint region: Cleanup
[2025-06-06T10:27:10.534+0200][1780.241s][info ][safepoint    ] Leaving safepoint region
[2025-06-06T10:27:10.534+0200][1780.241s][info ][safepoint    ] Total time for which application threads were stopped: 0.0004692 seconds, Stopping threads took: 0.0001025 seconds
[2025-06-06T10:27:11.535+0200][1781.241s][info ][safepoint    ] Application time: 1.0005103 seconds
[2025-06-06T10:27:11.535+0200][1781.242s][info ][safepoint    ] Entering safepoint region: Cleanup
[2025-06-06T10:27:11.535+0200][1781.242s][info ][safepoint    ] Leaving safepoint region
[2025-06-06T10:27:11.535+0200][1781.242s][info ][safepoint    ] Total time for which application threads were stopped: 0.0003567 seconds, Stopping threads took: 0.0000915 seconds
[2025-06-06T10:27:12.545+0200][1782.252s][info ][safepoint    ] Application time: 1.0100420 seconds
[2025-06-06T10:27:12.546+0200][1782.252s][info ][safepoint    ] Entering safepoint region: Cleanup
[2025-06-06T10:27:12.546+0200][1782.253s][info ][safepoint    ] Leaving safepoint region
[2025-06-06T10:27:12.546+0200][1782.253s][info ][safepoint    ] Total time for which application threads were stopped: 0.0004620 seconds, Stopping threads took: 0.0001065 seconds
[2025-06-06T10:27:13.554+0200][1783.261s][info ][safepoint    ] Application time: 1.0076611 seconds
[2025-06-06T10:27:13.554+0200][1783.261s][info ][safepoint    ] Entering safepoint region: Cleanup
[2025-06-06T10:27:13.554+0200][1783.261s][info ][safepoint    ] Leaving safepoint region
[2025-06-06T10:27:13.554+0200][1783.261s][info ][safepoint    ] Total time for which application threads were stopped: 0.0003704 seconds, Stopping threads took: 0.0000981 seconds
[2025-06-06T10:27:14.562+0200][1784.269s][info ][safepoint    ] Application time: 1.0075918 seconds
[2025-06-06T10:27:14.562+0200][1784.269s][info ][safepoint    ] Entering safepoint region: Cleanup
[2025-06-06T10:27:14.562+0200][1784.269s][info ][safepoint    ] Leaving safepoint region
[2025-06-06T10:27:14.562+0200][1784.269s][info ][safepoint    ] Total time for which application threads were stopped: 0.0002775 seconds, Stopping threads took: 0.0000662 seconds
[2025-06-06T10:27:15.566+0200][1785.273s][info ][safepoint    ] Application time: 1.0038913 seconds
[2025-06-06T10:27:15.567+0200][1785.273s][info ][safepoint    ] Entering safepoint region: Cleanup
[2025-06-06T10:27:15.567+0200][1785.274s][info ][safepoint    ] Leaving safepoint region
[2025-06-06T10:27:15.567+0200][1785.274s][info ][safepoint    ] Total time for which application threads were stopped: 0.0004793 seconds, Stopping threads took: 0.0001134 seconds
[2025-06-06T10:27:16.567+0200][1786.274s][info ][safepoint    ] Application time: 1.0004005 seconds
[2025-06-06T10:27:16.568+0200][1786.274s][info ][safepoint    ] Entering safepoint region: Cleanup
[2025-06-06T10:27:16.568+0200][1786.275s][info ][safepoint    ] Leaving safepoint region
[2025-06-06T10:27:16.568+0200][1786.275s][info ][safepoint    ] Total time for which application threads were stopped: 0.0004711 seconds, Stopping threads took: 0.0000920 seconds
[2025-06-06T10:27:17.578+0200][1787.285s][info ][safepoint    ] Application time: 1.0099928 seconds
[2025-06-06T10:27:17.579+0200][1787.285s][info ][safepoint    ] Entering safepoint region: Cleanup
[2025-06-06T10:27:17.579+0200][1787.286s][info ][safepoint    ] Leaving safepoint region
[2025-06-06T10:27:17.579+0200][1787.286s][info ][safepoint    ] Total time for which application threads were stopped: 0.0004418 seconds, Stopping threads took: 0.0001430 seconds
[2025-06-06T10:27:18.585+0200][1788.292s][info ][safepoint    ] Application time: 1.0062643 seconds
[2025-06-06T10:27:18.586+0200][1788.292s][info ][safepoint    ] Entering safepoint region: Cleanup
[2025-06-06T10:27:18.586+0200][1788.293s][info ][safepoint    ] Leaving safepoint region
[2025-06-06T10:27:18.586+0200][1788.293s][info ][safepoint    ] Total time for which application threads were stopped: 0.0004723 seconds, Stopping threads took: 0.0001159 seconds
[2025-06-06T10:27:19.591+0200][1789.297s][info ][safepoint    ] Application time: 1.0045303 seconds
[2025-06-06T10:27:19.591+0200][1789.297s][info ][safepoint    ] Entering safepoint region: Cleanup
[2025-06-06T10:27:19.591+0200][1789.298s][info ][safepoint    ] Leaving safepoint region
[2025-06-06T10:27:19.591+0200][1789.298s][info ][safepoint    ] Total time for which application threads were stopped: 0.0004168 seconds, Stopping threads took: 0.0000995 seconds
[2025-06-06T10:27:20.600+0200][1790.307s][info ][safepoint    ] Application time: 1.0089553 seconds
[2025-06-06T10:27:20.600+0200][1790.307s][info ][safepoint    ] Entering safepoint region: Cleanup
[2025-06-06T10:27:20.601+0200][1790.307s][info ][safepoint    ] Leaving safepoint region
[2025-06-06T10:27:20.601+0200][1790.307s][info ][safepoint    ] Total time for which application threads were stopped: 0.0004650 seconds, Stopping threads took: 0.0001020 seconds
[2025-06-06T10:27:21.602+0200][1791.309s][info ][safepoint    ] Application time: 1.0014833 seconds
[2025-06-06T10:27:21.603+0200][1791.309s][info ][safepoint    ] Entering safepoint region: Cleanup
[2025-06-06T10:27:21.603+0200][1791.310s][info ][safepoint    ] Leaving safepoint region
[2025-06-06T10:27:21.603+0200][1791.310s][info ][safepoint    ] Total time for which application threads were stopped: 0.0004627 seconds, Stopping threads took: 0.0001044 seconds
[2025-06-06T10:27:22.610+0200][1792.317s][info ][safepoint    ] Application time: 1.0072434 seconds
[2025-06-06T10:27:22.610+0200][1792.317s][info ][safepoint    ] Entering safepoint region: Cleanup
[2025-06-06T10:27:22.611+0200][1792.317s][info ][safepoint    ] Leaving safepoint region
[2025-06-06T10:27:22.611+0200][1792.318s][info ][safepoint    ] Total time for which application threads were stopped: 0.0003809 seconds, Stopping threads took: 0.0000956 seconds
[2025-06-06T10:27:23.621+0200][1793.328s][info ][safepoint    ] Application time: 1.0099915 seconds
[2025-06-06T10:27:23.621+0200][1793.328s][info ][safepoint    ] Entering safepoint region: Cleanup
[2025-06-06T10:27:23.621+0200][1793.328s][info ][safepoint    ] Leaving safepoint region
[2025-06-06T10:27:23.622+0200][1793.328s][info ][safepoint    ] Total time for which application threads were stopped: 0.0004585 seconds, Stopping threads took: 0.0001014 seconds
[2025-06-06T10:27:24.626+0200][1794.332s][info ][safepoint    ] Application time: 1.0042281 seconds
[2025-06-06T10:27:24.626+0200][1794.333s][info ][safepoint    ] Entering safepoint region: Cleanup
[2025-06-06T10:27:24.626+0200][1794.333s][info ][safepoint    ] Leaving safepoint region
[2025-06-06T10:27:24.626+0200][1794.333s][info ][safepoint    ] Total time for which application threads were stopped: 0.0004310 seconds, Stopping threads took: 0.0001028 seconds
[2025-06-06T10:27:25.636+0200][1795.343s][info ][safepoint    ] Application time: 1.0099105 seconds
[2025-06-06T10:27:25.637+0200][1795.343s][info ][safepoint    ] Entering safepoint region: Cleanup
[2025-06-06T10:27:25.637+0200][1795.344s][info ][safepoint    ] Leaving safepoint region
[2025-06-06T10:27:25.637+0200][1795.344s][info ][safepoint    ] Total time for which application threads were stopped: 0.0004528 seconds, Stopping threads took: 0.0001005 seconds
[2025-06-06T10:27:26.647+0200][1796.354s][info ][safepoint    ] Application time: 1.0100414 seconds
[2025-06-06T10:27:26.647+0200][1796.354s][info ][safepoint    ] Entering safepoint region: Cleanup
[2025-06-06T10:27:26.648+0200][1796.354s][info ][safepoint    ] Leaving safepoint region
[2025-06-06T10:27:26.648+0200][1796.354s][info ][safepoint    ] Total time for which application threads were stopped: 0.0004273 seconds, Stopping threads took: 0.0000996 seconds
[2025-06-06T10:27:27.656+0200][1797.363s][info ][safepoint    ] Application time: 1.0085777 seconds
[2025-06-06T10:27:27.656+0200][1797.363s][info ][safepoint    ] Entering safepoint region: Cleanup
[2025-06-06T10:27:27.657+0200][1797.364s][info ][safepoint    ] Leaving safepoint region
[2025-06-06T10:27:27.657+0200][1797.364s][info ][safepoint    ] Total time for which application threads were stopped: 0.0004467 seconds, Stopping threads took: 0.0001004 seconds
[2025-06-06T10:27:28.666+0200][1798.372s][info ][safepoint    ] Application time: 1.0088518 seconds
[2025-06-06T10:27:28.666+0200][1798.373s][info ][safepoint    ] Entering safepoint region: Cleanup
[2025-06-06T10:27:28.667+0200][1798.373s][info ][safepoint    ] Leaving safepoint region
[2025-06-06T10:27:28.667+0200][1798.373s][info ][safepoint    ] Total time for which application threads were stopped: 0.0005370 seconds, Stopping threads took: 0.0002333 seconds
[2025-06-06T10:27:29.675+0200][1799.382s][info ][safepoint    ] Application time: 1.0085062 seconds
[2025-06-06T10:27:29.676+0200][1799.382s][info ][safepoint    ] Entering safepoint region: Cleanup
[2025-06-06T10:27:29.676+0200][1799.383s][info ][safepoint    ] Leaving safepoint region
[2025-06-06T10:27:29.676+0200][1799.383s][info ][safepoint    ] Total time for which application threads were stopped: 0.0004437 seconds, Stopping threads took: 0.0001144 seconds
[2025-06-06T10:27:30.677+0200][1800.383s][info ][safepoint    ] Application time: 1.0004691 seconds
[2025-06-06T10:27:30.677+0200][1800.383s][info ][safepoint    ] Entering safepoint region: Cleanup
[2025-06-06T10:27:30.677+0200][1800.384s][info ][safepoint    ] Leaving safepoint region
[2025-06-06T10:27:30.677+0200][1800.384s][info ][safepoint    ] Total time for which application threads were stopped: 0.0004420 seconds, Stopping threads took: 0.0001024 seconds
[2025-06-06T10:27:31.682+0200][1801.389s][info ][safepoint    ] Application time: 1.0049555 seconds
[2025-06-06T10:27:31.682+0200][1801.389s][info ][safepoint    ] Entering safepoint region: Cleanup
[2025-06-06T10:27:31.683+0200][1801.389s][info ][safepoint    ] Leaving safepoint region
[2025-06-06T10:27:31.683+0200][1801.389s][info ][safepoint    ] Total time for which application threads were stopped: 0.0004658 seconds, Stopping threads took: 0.0001058 seconds
[2025-06-06T10:27:32.691+0200][1802.397s][info ][safepoint    ] Application time: 1.0076714 seconds
[2025-06-06T10:27:32.691+0200][1802.397s][info ][safepoint    ] Entering safepoint region: Cleanup
[2025-06-06T10:27:32.691+0200][1802.398s][info ][safepoint    ] Leaving safepoint region
[2025-06-06T10:27:32.691+0200][1802.398s][info ][safepoint    ] Total time for which application threads were stopped: 0.0003898 seconds, Stopping threads took: 0.0000832 seconds
[2025-06-06T10:27:33.691+0200][1803.398s][info ][safepoint    ] Application time: 1.0002052 seconds
[2025-06-06T10:27:33.692+0200][1803.398s][info ][safepoint    ] Entering safepoint region: Cleanup
[2025-06-06T10:27:33.692+0200][1803.399s][info ][safepoint    ] Leaving safepoint region
[2025-06-06T10:27:33.692+0200][1803.399s][info ][safepoint    ] Total time for which application threads were stopped: 0.0007537 seconds, Stopping threads took: 0.0002584 seconds
[2025-06-06T10:27:34.692+0200][1804.399s][info ][safepoint    ] Application time: 1.0001313 seconds
[2025-06-06T10:27:34.693+0200][1804.399s][info ][safepoint    ] Entering safepoint region: Cleanup
[2025-06-06T10:27:34.693+0200][1804.400s][info ][safepoint    ] Leaving safepoint region
[2025-06-06T10:27:34.693+0200][1804.400s][info ][safepoint    ] Total time for which application threads were stopped: 0.0004728 seconds, Stopping threads took: 0.0001339 seconds
[2025-06-06T10:27:35.697+0200][1805.404s][info ][safepoint    ] Application time: 1.0036060 seconds
[2025-06-06T10:27:35.697+0200][1805.404s][info ][safepoint    ] Entering safepoint region: Cleanup
[2025-06-06T10:27:35.697+0200][1805.404s][info ][safepoint    ] Leaving safepoint region
[2025-06-06T10:27:35.697+0200][1805.404s][info ][safepoint    ] Total time for which application threads were stopped: 0.0004051 seconds, Stopping threads took: 0.0000966 seconds
[2025-06-06T10:27:36.706+0200][1806.413s][info ][safepoint    ] Application time: 1.0088680 seconds
[2025-06-06T10:27:36.707+0200][1806.413s][info ][safepoint    ] Entering safepoint region: Cleanup
[2025-06-06T10:27:36.707+0200][1806.414s][info ][safepoint    ] Leaving safepoint region
[2025-06-06T10:27:36.707+0200][1806.414s][info ][safepoint    ] Total time for which application threads were stopped: 0.0004690 seconds, Stopping threads took: 0.0000947 seconds
[2025-06-06T10:27:37.712+0200][1807.419s][info ][safepoint    ] Application time: 1.0052338 seconds
[2025-06-06T10:27:37.713+0200][1807.419s][info ][safepoint    ] Entering safepoint region: Cleanup
[2025-06-06T10:27:37.713+0200][1807.420s][info ][safepoint    ] Leaving safepoint region
[2025-06-06T10:27:37.713+0200][1807.420s][info ][safepoint    ] Total time for which application threads were stopped: 0.0005082 seconds, Stopping threads took: 0.0001224 seconds
[2025-06-06T10:27:38.723+0200][1808.430s][info ][safepoint    ] Application time: 1.0100348 seconds
[2025-06-06T10:27:38.723+0200][1808.430s][info ][safepoint    ] Entering safepoint region: Cleanup
[2025-06-06T10:27:38.724+0200][1808.430s][info ][safepoint    ] Leaving safepoint region
[2025-06-06T10:27:38.724+0200][1808.430s][info ][safepoint    ] Total time for which application threads were stopped: 0.0003417 seconds, Stopping threads took: 0.0000760 seconds
[2025-06-06T10:27:39.731+0200][1809.438s][info ][safepoint    ] Application time: 1.0075337 seconds
[2025-06-06T10:27:39.731+0200][1809.438s][info ][safepoint    ] Entering safepoint region: Cleanup
[2025-06-06T10:27:39.732+0200][1809.438s][info ][safepoint    ] Leaving safepoint region
[2025-06-06T10:27:39.732+0200][1809.439s][info ][safepoint    ] Total time for which application threads were stopped: 0.0005492 seconds, Stopping threads took: 0.0001620 seconds
[2025-06-06T10:27:40.742+0200][1810.449s][info ][safepoint    ] Application time: 1.0100384 seconds
[2025-06-06T10:27:40.742+0200][1810.449s][info ][safepoint    ] Entering safepoint region: Cleanup
[2025-06-06T10:27:40.743+0200][1810.449s][info ][safepoint    ] Leaving safepoint region
[2025-06-06T10:27:40.743+0200][1810.449s][info ][safepoint    ] Total time for which application threads were stopped: 0.0004188 seconds, Stopping threads took: 0.0001195 seconds
[2025-06-06T10:27:41.750+0200][1811.457s][info ][safepoint    ] Application time: 1.0075103 seconds
[2025-06-06T10:27:41.751+0200][1811.457s][info ][safepoint    ] Entering safepoint region: Cleanup
[2025-06-06T10:27:41.751+0200][1811.457s][info ][safepoint    ] Leaving safepoint region
[2025-06-06T10:27:41.751+0200][1811.457s][info ][safepoint    ] Total time for which application threads were stopped: 0.0003368 seconds, Stopping threads took: 0.0000733 seconds
[2025-06-06T10:27:42.761+0200][1812.468s][info ][safepoint    ] Application time: 1.0100735 seconds
[2025-06-06T10:27:42.761+0200][1812.468s][info ][safepoint    ] Entering safepoint region: Cleanup
[2025-06-06T10:27:42.762+0200][1812.468s][info ][safepoint    ] Leaving safepoint region
[2025-06-06T10:27:42.762+0200][1812.468s][info ][safepoint    ] Total time for which application threads were stopped: 0.0004903 seconds, Stopping threads took: 0.0001022 seconds
[2025-06-06T10:27:43.768+0200][1813.475s][info ][safepoint    ] Application time: 1.0063659 seconds
[2025-06-06T10:27:43.768+0200][1813.475s][info ][safepoint    ] Entering safepoint region: Cleanup
[2025-06-06T10:27:43.769+0200][1813.475s][info ][safepoint    ] Leaving safepoint region
[2025-06-06T10:27:43.769+0200][1813.475s][info ][safepoint    ] Total time for which application threads were stopped: 0.0004725 seconds, Stopping threads took: 0.0001003 seconds
[2025-06-06T10:27:44.770+0200][1814.476s][info ][safepoint    ] Application time: 1.0009084 seconds
[2025-06-06T10:27:44.770+0200][1814.477s][info ][safepoint    ] Entering safepoint region: Cleanup
[2025-06-06T10:27:44.770+0200][1814.477s][info ][safepoint    ] Leaving safepoint region
[2025-06-06T10:27:44.770+0200][1814.477s][info ][safepoint    ] Total time for which application threads were stopped: 0.0004420 seconds, Stopping threads took: 0.0000962 seconds
[2025-06-06T10:27:45.780+0200][1815.487s][info ][safepoint    ] Application time: 1.0100597 seconds
[2025-06-06T10:27:45.781+0200][1815.487s][info ][safepoint    ] Entering safepoint region: Cleanup
[2025-06-06T10:27:45.781+0200][1815.487s][info ][safepoint    ] Leaving safepoint region
[2025-06-06T10:27:45.781+0200][1815.488s][info ][safepoint    ] Total time for which application threads were stopped: 0.0003815 seconds, Stopping threads took: 0.0000929 seconds
[2025-06-06T10:27:46.787+0200][1816.493s][info ][safepoint    ] Application time: 1.0055632 seconds
[2025-06-06T10:27:46.787+0200][1816.494s][info ][safepoint    ] Entering safepoint region: Cleanup
[2025-06-06T10:27:46.788+0200][1816.494s][info ][safepoint    ] Leaving safepoint region
[2025-06-06T10:27:46.788+0200][1816.494s][info ][safepoint    ] Total time for which application threads were stopped: 0.0004629 seconds, Stopping threads took: 0.0001292 seconds
[2025-06-06T10:27:47.792+0200][1817.499s][info ][safepoint    ] Application time: 1.0046054 seconds
[2025-06-06T10:27:47.792+0200][1817.499s][info ][safepoint    ] Entering safepoint region: Cleanup
[2025-06-06T10:27:47.793+0200][1817.499s][info ][safepoint    ] Leaving safepoint region
[2025-06-06T10:27:47.793+0200][1817.499s][info ][safepoint    ] Total time for which application threads were stopped: 0.0004448 seconds, Stopping threads took: 0.0001047 seconds
[2025-06-06T10:27:48.798+0200][1818.505s][info ][safepoint    ] Application time: 1.0054589 seconds
[2025-06-06T10:27:48.799+0200][1818.505s][info ][safepoint    ] Entering safepoint region: Cleanup
[2025-06-06T10:27:48.799+0200][1818.505s][info ][safepoint    ] Leaving safepoint region
[2025-06-06T10:27:48.799+0200][1818.505s][info ][safepoint    ] Total time for which application threads were stopped: 0.0003563 seconds, Stopping threads took: 0.0000912 seconds
[2025-06-06T10:27:49.799+0200][1819.506s][info ][safepoint    ] Application time: 1.0004065 seconds
[2025-06-06T10:27:49.799+0200][1819.506s][info ][safepoint    ] Entering safepoint region: Cleanup
[2025-06-06T10:27:49.800+0200][1819.506s][info ][safepoint    ] Leaving safepoint region
[2025-06-06T10:27:49.800+0200][1819.506s][info ][safepoint    ] Total time for which application threads were stopped: 0.0003340 seconds, Stopping threads took: 0.0000851 seconds
[2025-06-06T10:27:50.810+0200][1820.516s][info ][safepoint    ] Application time: 1.0100438 seconds
[2025-06-06T10:27:50.810+0200][1820.517s][info ][safepoint    ] Entering safepoint region: Cleanup
[2025-06-06T10:27:50.810+0200][1820.517s][info ][safepoint    ] Leaving safepoint region
[2025-06-06T10:27:50.810+0200][1820.517s][info ][safepoint    ] Total time for which application threads were stopped: 0.0004324 seconds, Stopping threads took: 0.0000998 seconds
[2025-06-06T10:27:51.812+0200][1821.519s][info ][safepoint    ] Application time: 1.0016907 seconds
[2025-06-06T10:27:51.812+0200][1821.519s][info ][safepoint    ] Entering safepoint region: Cleanup
[2025-06-06T10:27:51.813+0200][1821.519s][info ][safepoint    ] Leaving safepoint region
[2025-06-06T10:27:51.813+0200][1821.519s][info ][safepoint    ] Total time for which application threads were stopped: 0.0004665 seconds, Stopping threads took: 0.0001186 seconds
[2025-06-06T10:27:52.813+0200][1822.520s][info ][safepoint    ] Application time: 1.0004357 seconds
[2025-06-06T10:27:52.814+0200][1822.520s][info ][safepoint    ] Entering safepoint region: Cleanup
[2025-06-06T10:27:52.814+0200][1822.521s][info ][safepoint    ] Leaving safepoint region
[2025-06-06T10:27:52.814+0200][1822.521s][info ][safepoint    ] Total time for which application threads were stopped: 0.0004225 seconds, Stopping threads took: 0.0001035 seconds
[2025-06-06T10:27:53.818+0200][1823.525s][info ][safepoint    ] Application time: 1.0044499 seconds
[2025-06-06T10:27:53.819+0200][1823.525s][info ][safepoint    ] Entering safepoint region: Cleanup
[2025-06-06T10:27:53.819+0200][1823.526s][info ][safepoint    ] Leaving safepoint region
[2025-06-06T10:27:53.819+0200][1823.526s][info ][safepoint    ] Total time for which application threads were stopped: 0.0005425 seconds, Stopping threads took: 0.0001227 seconds
[2025-06-06T10:27:54.827+0200][1824.534s][info ][safepoint    ] Application time: 1.0078314 seconds
[2025-06-06T10:27:54.828+0200][1824.534s][info ][safepoint    ] Entering safepoint region: Cleanup
[2025-06-06T10:27:54.829+0200][1824.535s][info ][safepoint    ] Leaving safepoint region
[2025-06-06T10:27:54.829+0200][1824.536s][info ][safepoint    ] Total time for which application threads were stopped: 0.0016848 seconds, Stopping threads took: 0.0011122 seconds
[2025-06-06T10:27:55.832+0200][1825.539s][info ][safepoint    ] Application time: 1.0032052 seconds
[2025-06-06T10:27:55.833+0200][1825.539s][info ][safepoint    ] Entering safepoint region: Cleanup
[2025-06-06T10:27:55.833+0200][1825.540s][info ][safepoint    ] Leaving safepoint region
[2025-06-06T10:27:55.833+0200][1825.540s][info ][safepoint    ] Total time for which application threads were stopped: 0.0005434 seconds, Stopping threads took: 0.0003081 seconds
[2025-06-06T10:27:56.839+0200][1826.545s][info ][safepoint    ] Application time: 1.0051824 seconds
[2025-06-06T10:27:56.839+0200][1826.546s][info ][safepoint    ] Entering safepoint region: Cleanup
[2025-06-06T10:27:56.839+0200][1826.546s][info ][safepoint    ] Leaving safepoint region
[2025-06-06T10:27:56.839+0200][1826.546s][info ][safepoint    ] Total time for which application threads were stopped: 0.0004316 seconds, Stopping threads took: 0.0001318 seconds
[2025-06-06T10:27:57.840+0200][1827.547s][info ][safepoint    ] Application time: 1.0009537 seconds
[2025-06-06T10:27:57.844+0200][1827.551s][info ][safepoint    ] Entering safepoint region: Cleanup
[2025-06-06T10:27:57.844+0200][1827.551s][info ][safepoint    ] Leaving safepoint region
[2025-06-06T10:27:57.844+0200][1827.551s][info ][safepoint    ] Total time for which application threads were stopped: 0.0035071 seconds, Stopping threads took: 0.0032856 seconds
[2025-06-06T10:27:58.849+0200][1828.555s][info ][safepoint    ] Application time: 1.0044192 seconds
[2025-06-06T10:27:58.849+0200][1828.556s][info ][safepoint    ] Entering safepoint region: Cleanup
[2025-06-06T10:27:58.849+0200][1828.556s][info ][safepoint    ] Leaving safepoint region
[2025-06-06T10:27:58.849+0200][1828.556s][info ][safepoint    ] Total time for which application threads were stopped: 0.0003502 seconds, Stopping threads took: 0.0000809 seconds
[2025-06-06T10:27:59.850+0200][1829.557s][info ][safepoint    ] Application time: 1.0008659 seconds
[2025-06-06T10:27:59.850+0200][1829.557s][info ][safepoint    ] Entering safepoint region: Cleanup
[2025-06-06T10:27:59.851+0200][1829.557s][info ][safepoint    ] Leaving safepoint region
[2025-06-06T10:27:59.851+0200][1829.557s][info ][safepoint    ] Total time for which application threads were stopped: 0.0004370 seconds, Stopping threads took: 0.0001000 seconds
[2025-06-06T10:28:00.861+0200][1830.567s][info ][safepoint    ] Application time: 1.0100703 seconds
[2025-06-06T10:28:00.861+0200][1830.568s][info ][safepoint    ] Entering safepoint region: Cleanup
[2025-06-06T10:28:00.861+0200][1830.568s][info ][safepoint    ] Leaving safepoint region
[2025-06-06T10:28:00.861+0200][1830.568s][info ][safepoint    ] Total time for which application threads were stopped: 0.0004285 seconds, Stopping threads took: 0.0000988 seconds
[2025-06-06T10:28:01.862+0200][1831.569s][info ][safepoint    ] Application time: 1.0003956 seconds
[2025-06-06T10:28:01.862+0200][1831.569s][info ][safepoint    ] Entering safepoint region: Cleanup
[2025-06-06T10:28:01.863+0200][1831.569s][info ][safepoint    ] Leaving safepoint region
[2025-06-06T10:28:01.863+0200][1831.569s][info ][safepoint    ] Total time for which application threads were stopped: 0.0007347 seconds, Stopping threads took: 0.0002375 seconds
[2025-06-06T10:28:02.870+0200][1832.577s][info ][safepoint    ] Application time: 1.0075688 seconds
[2025-06-06T10:28:02.871+0200][1832.577s][info ][safepoint    ] Entering safepoint region: Cleanup
[2025-06-06T10:28:02.871+0200][1832.578s][info ][safepoint    ] Leaving safepoint region
[2025-06-06T10:28:02.871+0200][1832.578s][info ][safepoint    ] Total time for which application threads were stopped: 0.0004247 seconds, Stopping threads took: 0.0000922 seconds
[2025-06-06T10:28:03.880+0200][1833.586s][info ][safepoint    ] Application time: 1.0085107 seconds
[2025-06-06T10:28:03.880+0200][1833.587s][info ][safepoint    ] Entering safepoint region: Cleanup
[2025-06-06T10:28:03.880+0200][1833.587s][info ][safepoint    ] Leaving safepoint region
[2025-06-06T10:28:03.880+0200][1833.587s][info ][safepoint    ] Total time for which application threads were stopped: 0.0004312 seconds, Stopping threads took: 0.0001089 seconds
[2025-06-06T10:28:04.886+0200][1834.592s][info ][safepoint    ] Application time: 1.0051435 seconds
[2025-06-06T10:28:04.886+0200][1834.592s][info ][safepoint    ] Entering safepoint region: Cleanup
[2025-06-06T10:28:04.886+0200][1834.593s][info ][safepoint    ] Leaving safepoint region
[2025-06-06T10:28:04.886+0200][1834.593s][info ][safepoint    ] Total time for which application threads were stopped: 0.0004334 seconds, Stopping threads took: 0.0001008 seconds
[2025-06-06T10:28:05.892+0200][1835.599s][info ][safepoint    ] Application time: 1.0057547 seconds
[2025-06-06T10:28:05.892+0200][1835.599s][info ][safepoint    ] Entering safepoint region: Cleanup
[2025-06-06T10:28:05.892+0200][1835.599s][info ][safepoint    ] Leaving safepoint region
[2025-06-06T10:28:05.892+0200][1835.599s][info ][safepoint    ] Total time for which application threads were stopped: 0.0000868 seconds, Stopping threads took: 0.0000194 seconds
[2025-06-06T10:28:06.902+0200][1836.609s][info ][safepoint    ] Application time: 1.0100420 seconds
[2025-06-06T10:28:06.902+0200][1836.609s][info ][safepoint    ] Entering safepoint region: Cleanup
[2025-06-06T10:28:06.903+0200][1836.609s][info ][safepoint    ] Leaving safepoint region
[2025-06-06T10:28:06.903+0200][1836.609s][info ][safepoint    ] Total time for which application threads were stopped: 0.0004386 seconds, Stopping threads took: 0.0001001 seconds
[2025-06-06T10:28:07.913+0200][1837.619s][info ][safepoint    ] Application time: 1.0098042 seconds
[2025-06-06T10:28:07.913+0200][1837.619s][info ][safepoint    ] Entering safepoint region: Cleanup
[2025-06-06T10:28:07.913+0200][1837.620s][info ][safepoint    ] Leaving safepoint region
[2025-06-06T10:28:07.913+0200][1837.620s][info ][safepoint    ] Total time for which application threads were stopped: 0.0004487 seconds, Stopping threads took: 0.0000971 seconds
[2025-06-06T10:28:08.920+0200][1838.626s][info ][safepoint    ] Application time: 1.0063014 seconds
[2025-06-06T10:28:08.920+0200][1838.627s][info ][safepoint    ] Entering safepoint region: Cleanup
[2025-06-06T10:28:08.921+0200][1838.627s][info ][safepoint    ] Leaving safepoint region
[2025-06-06T10:28:08.921+0200][1838.627s][info ][safepoint    ] Total time for which application threads were stopped: 0.0004557 seconds, Stopping threads took: 0.0001222 seconds
[2025-06-06T10:28:09.928+0200][1839.634s][info ][safepoint    ] Application time: 1.0068525 seconds
[2025-06-06T10:28:09.928+0200][1839.634s][info ][safepoint    ] Entering safepoint region: Cleanup
[2025-06-06T10:28:09.928+0200][1839.635s][info ][safepoint    ] Leaving safepoint region
[2025-06-06T10:28:09.928+0200][1839.635s][info ][safepoint    ] Total time for which application threads were stopped: 0.0004400 seconds, Stopping threads took: 0.0001038 seconds
[2025-06-06T10:28:10.933+0200][1840.639s][info ][safepoint    ] Application time: 1.0041768 seconds
[2025-06-06T10:28:10.933+0200][1840.639s][info ][safepoint    ] Entering safepoint region: Cleanup
[2025-06-06T10:28:10.933+0200][1840.640s][info ][safepoint    ] Leaving safepoint region
[2025-06-06T10:28:10.933+0200][1840.640s][info ][safepoint    ] Total time for which application threads were stopped: 0.0003633 seconds, Stopping threads took: 0.0000928 seconds
[2025-06-06T10:28:11.936+0200][1841.642s][info ][safepoint    ] Application time: 1.0027271 seconds
[2025-06-06T10:28:11.936+0200][1841.643s][info ][safepoint    ] Entering safepoint region: Cleanup
[2025-06-06T10:28:11.936+0200][1841.643s][info ][safepoint    ] Leaving safepoint region
[2025-06-06T10:28:11.936+0200][1841.643s][info ][safepoint    ] Total time for which application threads were stopped: 0.0003704 seconds, Stopping threads took: 0.0000944 seconds
[2025-06-06T10:28:12.946+0200][1842.652s][info ][safepoint    ] Application time: 1.0091488 seconds
[2025-06-06T10:28:12.946+0200][1842.652s][info ][safepoint    ] Entering safepoint region: Cleanup
[2025-06-06T10:28:12.946+0200][1842.653s][info ][safepoint    ] Leaving safepoint region
[2025-06-06T10:28:12.946+0200][1842.653s][info ][safepoint    ] Total time for which application threads were stopped: 0.0003599 seconds, Stopping threads took: 0.0000960 seconds
[2025-06-06T10:28:13.955+0200][1843.662s][info ][safepoint    ] Application time: 1.0088076 seconds
[2025-06-06T10:28:13.955+0200][1843.662s][info ][safepoint    ] Entering safepoint region: Cleanup
[2025-06-06T10:28:13.956+0200][1843.662s][info ][safepoint    ] Leaving safepoint region
[2025-06-06T10:28:13.956+0200][1843.662s][info ][safepoint    ] Total time for which application threads were stopped: 0.0004414 seconds, Stopping threads took: 0.0001018 seconds
[2025-06-06T10:28:14.956+0200][1844.662s][info ][safepoint    ] Application time: 1.0001796 seconds
[2025-06-06T10:28:14.956+0200][1844.663s][info ][safepoint    ] Entering safepoint region: Cleanup
[2025-06-06T10:28:14.957+0200][1844.663s][info ][safepoint    ] Leaving safepoint region
[2025-06-06T10:28:14.957+0200][1844.663s][info ][safepoint    ] Total time for which application threads were stopped: 0.0004232 seconds, Stopping threads took: 0.0001260 seconds
[2025-06-06T10:28:15.958+0200][1845.664s][info ][safepoint    ] Application time: 1.0011341 seconds
[2025-06-06T10:28:15.958+0200][1845.664s][info ][safepoint    ] Entering safepoint region: Cleanup
[2025-06-06T10:28:15.958+0200][1845.665s][info ][safepoint    ] Leaving safepoint region
[2025-06-06T10:28:15.958+0200][1845.665s][info ][safepoint    ] Total time for which application threads were stopped: 0.0002887 seconds, Stopping threads took: 0.0000646 seconds
[2025-06-06T10:28:16.968+0200][1846.675s][info ][safepoint    ] Application time: 1.0100458 seconds
[2025-06-06T10:28:16.968+0200][1846.675s][info ][safepoint    ] Entering safepoint region: Cleanup
[2025-06-06T10:28:16.969+0200][1846.675s][info ][safepoint    ] Leaving safepoint region
[2025-06-06T10:28:16.969+0200][1846.675s][info ][safepoint    ] Total time for which application threads were stopped: 0.0004470 seconds, Stopping threads took: 0.0001097 seconds
[2025-06-06T10:28:17.979+0200][1847.685s][info ][safepoint    ] Application time: 1.0100433 seconds
[2025-06-06T10:28:17.979+0200][1847.686s][info ][safepoint    ] Entering safepoint region: Cleanup
[2025-06-06T10:28:17.980+0200][1847.686s][info ][safepoint    ] Leaving safepoint region
[2025-06-06T10:28:17.980+0200][1847.686s][info ][safepoint    ] Total time for which application threads were stopped: 0.0004628 seconds, Stopping threads took: 0.0001037 seconds
[2025-06-06T10:28:18.983+0200][1848.690s][info ][safepoint    ] Application time: 1.0037225 seconds
[2025-06-06T10:28:18.984+0200][1848.690s][info ][safepoint    ] Entering safepoint region: Cleanup
[2025-06-06T10:28:18.984+0200][1848.690s][info ][safepoint    ] Leaving safepoint region
[2025-06-06T10:28:18.984+0200][1848.690s][info ][safepoint    ] Total time for which application threads were stopped: 0.0002844 seconds, Stopping threads took: 0.0000652 seconds
[2025-06-06T10:28:19.994+0200][1849.700s][info ][safepoint    ] Application time: 1.0100403 seconds
[2025-06-06T10:28:19.994+0200][1849.701s][info ][safepoint    ] Entering safepoint region: Cleanup
[2025-06-06T10:28:19.995+0200][1849.701s][info ][safepoint    ] Leaving safepoint region
[2025-06-06T10:28:19.995+0200][1849.701s][info ][safepoint    ] Total time for which application threads were stopped: 0.0005992 seconds, Stopping threads took: 0.0001586 seconds
[2025-06-06T10:28:21.001+0200][1850.707s][info ][safepoint    ] Application time: 1.0062896 seconds
[2025-06-06T10:28:21.001+0200][1850.708s][info ][safepoint    ] Entering safepoint region: Cleanup
[2025-06-06T10:28:21.002+0200][1850.708s][info ][safepoint    ] Leaving safepoint region
[2025-06-06T10:28:21.002+0200][1850.708s][info ][safepoint    ] Total time for which application threads were stopped: 0.0004607 seconds, Stopping threads took: 0.0001081 seconds
[2025-06-06T10:28:22.012+0200][1851.718s][info ][safepoint    ] Application time: 1.0100706 seconds
[2025-06-06T10:28:22.012+0200][1851.718s][info ][safepoint    ] Entering safepoint region: Cleanup
[2025-06-06T10:28:22.012+0200][1851.719s][info ][safepoint    ] Leaving safepoint region
[2025-06-06T10:28:22.012+0200][1851.719s][info ][safepoint    ] Total time for which application threads were stopped: 0.0002258 seconds, Stopping threads took: 0.0000562 seconds
[2025-06-06T10:28:23.019+0200][1852.726s][info ][safepoint    ] Application time: 1.0069877 seconds
[2025-06-06T10:28:23.019+0200][1852.726s][info ][safepoint    ] Entering safepoint region: Cleanup
[2025-06-06T10:28:23.020+0200][1852.726s][info ][safepoint    ] Leaving safepoint region
[2025-06-06T10:28:23.020+0200][1852.726s][info ][safepoint    ] Total time for which application threads were stopped: 0.0004713 seconds, Stopping threads took: 0.0001011 seconds
[2025-06-06T10:28:24.030+0200][1853.736s][info ][safepoint    ] Application time: 1.0100358 seconds
[2025-06-06T10:28:24.030+0200][1853.736s][info ][safepoint    ] Entering safepoint region: Cleanup
[2025-06-06T10:28:24.030+0200][1853.737s][info ][safepoint    ] Leaving safepoint region
[2025-06-06T10:28:24.030+0200][1853.737s][info ][safepoint    ] Total time for which application threads were stopped: 0.0002220 seconds, Stopping threads took: 0.0000567 seconds
[2025-06-06T10:28:25.038+0200][1854.745s][info ][safepoint    ] Application time: 1.0080795 seconds
[2025-06-06T10:28:25.038+0200][1854.745s][info ][safepoint    ] Entering safepoint region: Cleanup
[2025-06-06T10:28:25.039+0200][1854.745s][info ][safepoint    ] Leaving safepoint region
[2025-06-06T10:28:25.039+0200][1854.745s][info ][safepoint    ] Total time for which application threads were stopped: 0.0003810 seconds, Stopping threads took: 0.0000922 seconds
[2025-06-06T10:28:26.047+0200][1855.753s][info ][safepoint    ] Application time: 1.0078202 seconds
[2025-06-06T10:28:26.047+0200][1855.753s][info ][safepoint    ] Entering safepoint region: Cleanup
[2025-06-06T10:28:26.047+0200][1855.754s][info ][safepoint    ] Leaving safepoint region
[2025-06-06T10:28:26.047+0200][1855.754s][info ][safepoint    ] Total time for which application threads were stopped: 0.0005376 seconds, Stopping threads took: 0.0001743 seconds
[2025-06-06T10:28:27.054+0200][1856.760s][info ][safepoint    ] Application time: 1.0065482 seconds
[2025-06-06T10:28:27.054+0200][1856.761s][info ][safepoint    ] Entering safepoint region: Cleanup
[2025-06-06T10:28:27.054+0200][1856.761s][info ][safepoint    ] Leaving safepoint region
[2025-06-06T10:28:27.055+0200][1856.761s][info ][safepoint    ] Total time for which application threads were stopped: 0.0004572 seconds, Stopping threads took: 0.0000997 seconds
[2025-06-06T10:28:28.060+0200][1857.767s][info ][safepoint    ] Application time: 1.0054285 seconds
[2025-06-06T10:28:28.060+0200][1857.767s][info ][safepoint    ] Entering safepoint region: Cleanup
[2025-06-06T10:28:28.061+0200][1857.767s][info ][safepoint    ] Leaving safepoint region
[2025-06-06T10:28:28.061+0200][1857.767s][info ][safepoint    ] Total time for which application threads were stopped: 0.0004600 seconds, Stopping threads took: 0.0001009 seconds
[2025-06-06T10:28:29.067+0200][1858.773s][info ][safepoint    ] Application time: 1.0058347 seconds
[2025-06-06T10:28:29.067+0200][1858.773s][info ][safepoint    ] Entering safepoint region: Cleanup
[2025-06-06T10:28:29.067+0200][1858.773s][info ][safepoint    ] Leaving safepoint region
[2025-06-06T10:28:29.067+0200][1858.773s][info ][safepoint    ] Total time for which application threads were stopped: 0.0001456 seconds, Stopping threads took: 0.0000451 seconds
[2025-06-06T10:28:30.067+0200][1859.774s][info ][safepoint    ] Application time: 1.0003993 seconds
[2025-06-06T10:28:30.067+0200][1859.774s][info ][safepoint    ] Entering safepoint region: Cleanup
[2025-06-06T10:28:30.068+0200][1859.774s][info ][safepoint    ] Leaving safepoint region
[2025-06-06T10:28:30.068+0200][1859.774s][info ][safepoint    ] Total time for which application threads were stopped: 0.0004701 seconds, Stopping threads took: 0.0001048 seconds
[2025-06-06T10:28:31.078+0200][1860.785s][info ][safepoint    ] Application time: 1.0100563 seconds
[2025-06-06T10:28:31.078+0200][1860.785s][info ][safepoint    ] Entering safepoint region: Cleanup
[2025-06-06T10:28:31.079+0200][1860.785s][info ][safepoint    ] Leaving safepoint region
[2025-06-06T10:28:31.079+0200][1860.785s][info ][safepoint    ] Total time for which application threads were stopped: 0.0004427 seconds, Stopping threads took: 0.0000957 seconds
[2025-06-06T10:28:32.082+0200][1861.789s][info ][safepoint    ] Application time: 1.0034507 seconds
[2025-06-06T10:28:32.082+0200][1861.789s][info ][safepoint    ] Entering safepoint region: Cleanup
[2025-06-06T10:28:32.082+0200][1861.789s][info ][safepoint    ] Leaving safepoint region
[2025-06-06T10:28:32.082+0200][1861.789s][info ][safepoint    ] Total time for which application threads were stopped: 0.0001712 seconds, Stopping threads took: 0.0000359 seconds
[2025-06-06T10:28:33.092+0200][1862.799s][info ][safepoint    ] Application time: 1.0100432 seconds
[2025-06-06T10:28:33.093+0200][1862.799s][info ][safepoint    ] Entering safepoint region: Cleanup
[2025-06-06T10:28:33.093+0200][1862.799s][info ][safepoint    ] Leaving safepoint region
[2025-06-06T10:28:33.093+0200][1862.799s][info ][safepoint    ] Total time for which application threads were stopped: 0.0003457 seconds, Stopping threads took: 0.0000752 seconds
[2025-06-06T10:30:01.648+0200][1951.354s][info ][safepoint    ] Application time: 88.5543757 seconds
[2025-06-06T10:30:01.649+0200][1951.355s][info ][safepoint    ] Entering safepoint region: Cleanup
[2025-06-06T10:30:01.649+0200][1951.356s][info ][safepoint    ] Leaving safepoint region
[2025-06-06T10:30:01.649+0200][1951.356s][info ][safepoint    ] Total time for which application threads were stopped: 0.0010815 seconds, Stopping threads took: 0.0004053 seconds
[2025-06-06T10:30:28.733+0200][1978.542s][info ][safepoint    ] Application time: 27.1860808 seconds
[2025-06-06T10:30:28.734+0200][1978.542s][info ][safepoint    ] Entering safepoint region: Cleanup
[2025-06-06T10:30:28.734+0200][1978.543s][info ][safepoint    ] Leaving safepoint region
[2025-06-06T10:30:28.734+0200][1978.543s][info ][safepoint    ] Total time for which application threads were stopped: 0.0006031 seconds, Stopping threads took: 0.0001789 seconds
[2025-06-06T10:31:02.877+0200][2012.686s][info ][safepoint    ] Application time: 34.1422577 seconds
[2025-06-06T10:31:02.878+0200][2012.688s][info ][safepoint    ] Entering safepoint region: Cleanup
[2025-06-06T10:31:02.879+0200][2012.688s][info ][safepoint    ] Leaving safepoint region
[2025-06-06T10:31:02.879+0200][2012.688s][info ][safepoint    ] Total time for which application threads were stopped: 0.0010984 seconds, Stopping threads took: 0.0005469 seconds
[2025-06-06T14:49:18.913+0200][7461.649s][info ][safepoint    ] Application time: 5448.9571755 seconds
[2025-06-06T14:49:18.920+0200][7461.652s][info ][safepoint    ] Entering safepoint region: RevokeBias
[2025-06-06T14:49:18.927+0200][7461.659s][info ][safepoint    ] Leaving safepoint region
[2025-06-06T14:49:18.927+0200][7461.659s][info ][safepoint    ] Total time for which application threads were stopped: 0.0074814 seconds, Stopping threads took: 0.0006223 seconds
[2025-06-06T14:49:18.927+0200][7461.659s][info ][safepoint    ] Application time: 0.0001062 seconds
[2025-06-06T14:49:18.927+0200][7461.659s][info ][safepoint    ] Entering safepoint region: RevokeBias
[2025-06-06T14:49:18.927+0200][7461.659s][info ][safepoint    ] Leaving safepoint region
[2025-06-06T14:49:18.927+0200][7461.659s][info ][safepoint    ] Total time for which application threads were stopped: 0.0000374 seconds, Stopping threads took: 0.0000078 seconds
[2025-06-06T14:49:48.478+0200][7491.210s][info ][safepoint    ] Application time: 29.5486975 seconds
[2025-06-06T14:49:48.480+0200][7491.213s][info ][safepoint    ] Entering safepoint region: RevokeBias
[2025-06-06T14:49:48.484+0200][7491.216s][info ][safepoint    ] Leaving safepoint region
[2025-06-06T14:49:48.484+0200][7491.216s][info ][safepoint    ] Total time for which application threads were stopped: 0.0047124 seconds, Stopping threads took: 0.0014307 seconds
[2025-06-06T14:49:48.484+0200][7491.216s][info ][safepoint    ] Application time: 0.0004570 seconds
[2025-06-06T14:49:48.484+0200][7491.216s][info ][safepoint    ] Entering safepoint region: RevokeBias
[2025-06-06T14:49:48.484+0200][7491.216s][info ][safepoint    ] Leaving safepoint region
[2025-06-06T14:49:48.484+0200][7491.216s][info ][safepoint    ] Total time for which application threads were stopped: 0.0000545 seconds, Stopping threads took: 0.0000088 seconds
[2025-06-06T14:49:49.489+0200][7492.222s][info ][safepoint    ] Application time: 1.0050372 seconds
[2025-06-06T14:49:49.490+0200][7492.222s][info ][safepoint    ] Entering safepoint region: Cleanup
[2025-06-06T14:49:49.490+0200][7492.222s][info ][safepoint    ] Leaving safepoint region
[2025-06-06T14:49:49.490+0200][7492.222s][info ][safepoint    ] Total time for which application threads were stopped: 0.0007234 seconds, Stopping threads took: 0.0004752 seconds
[2025-06-06T21:41:26.913+0200][16456.363s][info ][safepoint    ] Application time: 8964.1365475 seconds
[2025-06-06T21:41:26.923+0200][16456.371s][info ][safepoint    ] Entering safepoint region: RevokeBias
[2025-06-06T21:41:26.945+0200][16456.392s][info ][safepoint    ] Leaving safepoint region
[2025-06-06T21:41:26.945+0200][16456.392s][info ][safepoint    ] Total time for which application threads were stopped: 0.0272208 seconds, Stopping threads took: 0.0054349 seconds
[2025-06-06T21:41:26.992+0200][16456.440s][info ][safepoint    ] Application time: 0.0474428 seconds
[2025-06-06T21:41:26.992+0200][16456.440s][info ][safepoint    ] Entering safepoint region: RevokeBias
[2025-06-06T21:41:26.992+0200][16456.440s][info ][safepoint    ] Leaving safepoint region
[2025-06-06T21:41:26.993+0200][16456.441s][info ][safepoint    ] Total time for which application threads were stopped: 0.0002227 seconds, Stopping threads took: 0.0000168 seconds
[2025-06-06T21:41:27.017+0200][16456.465s][info ][safepoint    ] Application time: 0.0239556 seconds
[2025-06-06T21:41:27.017+0200][16456.465s][info ][safepoint    ] Entering safepoint region: RevokeBias
[2025-06-06T21:41:27.017+0200][16456.465s][info ][safepoint    ] Leaving safepoint region
[2025-06-06T21:41:27.017+0200][16456.465s][info ][safepoint    ] Total time for which application threads were stopped: 0.0001545 seconds, Stopping threads took: 0.0000295 seconds
[2025-06-06T21:41:27.020+0200][16456.468s][info ][gc,heap,exit ] Heap
[2025-06-06T21:41:27.021+0200][16456.469s][info ][gc,heap,exit ]  par new generation   total 6912000K, used 2078058K [0x00000005c0000000, 0x0000000794c00000, 0x0000000794c00000)
[2025-06-06T21:41:27.021+0200][16456.469s][info ][gc,heap,exit ]   eden space 6144000K,  33% used [0x00000005c0000000, 0x000000063df4bbf0, 0x0000000737000000)
[2025-06-06T21:41:27.021+0200][16456.469s][info ][gc,heap,exit ]   from space 768000K,   1% used [0x0000000765e00000, 0x0000000766c0ecd8, 0x0000000794c00000)
[2025-06-06T21:41:27.021+0200][16456.469s][info ][gc,heap,exit ]   to   space 768000K,   0% used [0x0000000737000000, 0x0000000737000000, 0x0000000765e00000)
[2025-06-06T21:41:27.021+0200][16456.469s][info ][gc,heap,exit ]  concurrent mark-sweep generation total 708608K, used 0K [0x0000000794c00000, 0x00000007c0000000, 0x00000007c0000000)
[2025-06-06T21:41:27.021+0200][16456.469s][info ][gc,heap,exit ]  Metaspace       used 35506K, capacity 36207K, committed 36336K, reserved 1081344K
[2025-06-06T21:41:27.021+0200][16456.469s][info ][gc,heap,exit ]   class space    used 3991K, capacity 4267K, committed 4352K, reserved 1048576K
[2025-06-06T21:41:27.025+0200][16456.473s][info ][safepoint    ] Application time: 0.0081445 seconds
[2025-06-06T21:41:27.026+0200][16456.474s][info ][safepoint    ] Entering safepoint region: Exit
